-- phpMyAdmin SQL Dump
-- version 5.2.1
-- https://www.phpmyadmin.net/
--
-- Host: 127.0.0.1
-- Generation Time: Lis 24, 2024 at 07:05 PM
-- Wersja serwera: 10.4.32-MariaDB
-- Wersja PHP: 8.2.12

SET SQL_MODE = "NO_AUTO_VALUE_ON_ZERO";
START TRANSACTION;
SET time_zone = "+00:00";


/*!40101 SET @OLD_CHARACTER_SET_CLIENT=@@CHARACTER_SET_CLIENT */;
/*!40101 SET @OLD_CHARACTER_SET_RESULTS=@@CHARACTER_SET_RESULTS */;
/*!40101 SET @OLD_COLLATION_CONNECTION=@@COLLATION_CONNECTION */;
/*!40101 SET NAMES utf8mb4 */;

--
-- Database: `steam`
--

-- --------------------------------------------------------

--
-- Struktura tabeli dla tabeli `apartments`
--

CREATE TABLE `apartments` (
  `ID` int(11) NOT NULL,
  `APARTMENT` text DEFAULT NULL
) ENGINE=InnoDB DEFAULT CHARSET=utf8mb4 COLLATE=utf8mb4_general_ci;

--
-- Dumping data for table `apartments`
--

INSERT INTO `apartments` (`ID`, `APARTMENT`) VALUES
(1, '41'),
(2, '127'),
(3, '165'),
(4, '94'),
(5, '133'),
(6, '44'),
(7, '109'),
(8, '11'),
(9, '170'),
(10, '72'),
(11, '191'),
(12, '50'),
(13, '13'),
(14, '188'),
(15, '108'),
(16, '151'),
(17, '131'),
(18, '90'),
(19, '124'),
(20, '74'),
(21, '104'),
(22, '67'),
(23, '55'),
(24, '171'),
(25, '51'),
(26, '140'),
(27, '99'),
(28, '163'),
(29, '68'),
(30, '7'),
(31, '32'),
(32, '185'),
(33, '145'),
(34, '75'),
(35, '98'),
(36, '1'),
(37, '25'),
(38, '33'),
(39, '76'),
(40, '200'),
(41, '22'),
(42, '40'),
(43, '192'),
(44, '54'),
(45, '199'),
(46, '59'),
(47, '4'),
(48, '119'),
(49, '38'),
(50, '155'),
(51, '34'),
(52, '117'),
(53, '27'),
(54, '169'),
(55, '139'),
(56, '149'),
(57, '86');

-- --------------------------------------------------------

--
-- Struktura tabeli dla tabeli `billings`
--

CREATE TABLE `billings` (
  `ID` int(11) NOT NULL,
  `ZIPCODE_ID` int(11) DEFAULT NULL,
  `STREET_ID` int(11) DEFAULT NULL,
  `BUILDING_ID` int(11) DEFAULT NULL,
  `APARTMENT_ID` int(11) DEFAULT NULL,
  `OTHER_BILLING_INFO` text DEFAULT NULL
) ENGINE=InnoDB DEFAULT CHARSET=utf8mb4 COLLATE=utf8mb4_general_ci;

-- --------------------------------------------------------

--
-- Struktura tabeli dla tabeli `buildings`
--

CREATE TABLE `buildings` (
  `ID` int(11) NOT NULL,
  `NUMBER` text DEFAULT NULL
) ENGINE=InnoDB DEFAULT CHARSET=utf8mb4 COLLATE=utf8mb4_general_ci;

--
-- Dumping data for table `buildings`
--

INSERT INTO `buildings` (`ID`, `NUMBER`) VALUES
(1, '870'),
(2, '468'),
(3, '486'),
(4, '935'),
(5, '704'),
(6, '402'),
(7, '200'),
(8, '560'),
(9, '454'),
(10, '140'),
(11, '885'),
(12, '372'),
(13, '770'),
(14, '345'),
(15, '249'),
(16, '592'),
(17, '986'),
(18, '357'),
(19, '818'),
(20, '110'),
(21, '839'),
(22, '854C'),
(23, '585'),
(24, '238'),
(25, '135'),
(26, '687'),
(27, '829'),
(28, '676D'),
(29, '34'),
(30, '667'),
(31, '736'),
(32, '690'),
(33, '653'),
(34, '226B'),
(35, '391B'),
(36, '256'),
(37, '158B'),
(38, '134'),
(39, '523'),
(40, '9G'),
(41, '414H'),
(42, '61'),
(43, '805'),
(44, '988'),
(45, '266'),
(46, '520'),
(47, '429'),
(48, '142'),
(49, '433B'),
(50, '39'),
(51, '296'),
(52, '175'),
(53, '569'),
(54, '765'),
(55, '894'),
(56, '730H'),
(57, '348'),
(58, '874'),
(59, '54'),
(60, '729'),
(61, '32'),
(62, '684'),
(63, '57'),
(64, '654B'),
(65, '396'),
(66, '153G'),
(67, '246'),
(68, '954'),
(69, '702'),
(70, '393'),
(71, '29'),
(72, '316'),
(73, '281'),
(74, '924'),
(75, '680'),
(76, '60'),
(77, '599'),
(78, '572F'),
(79, '457'),
(80, '338'),
(81, '779'),
(82, '824'),
(83, '277'),
(84, '749'),
(85, '705'),
(86, '801'),
(87, '548'),
(88, '800'),
(89, '564'),
(90, '645'),
(91, '240'),
(92, '672'),
(93, '714'),
(94, '838'),
(95, '898'),
(96, '971'),
(97, '438'),
(98, '504'),
(99, '780'),
(100, '363'),
(101, '922'),
(102, '238G'),
(103, '285'),
(104, '1'),
(105, '738'),
(106, '938'),
(107, '669'),
(108, '449'),
(109, '451'),
(110, '996'),
(111, '346'),
(112, '309'),
(113, '75'),
(114, '145'),
(115, '763H'),
(116, '642'),
(117, '727'),
(118, '302'),
(119, '170D'),
(120, '952'),
(121, '216'),
(122, '503'),
(123, '227'),
(124, '251'),
(125, '496'),
(126, '313'),
(127, '131'),
(128, '488G'),
(129, '22G'),
(130, '565'),
(131, '3D'),
(132, '437'),
(133, '362'),
(134, '30'),
(135, '36'),
(136, '262'),
(137, '392'),
(138, '336E'),
(139, '658'),
(140, '989'),
(141, '247'),
(142, '155'),
(143, '162'),
(144, '909'),
(145, '90'),
(146, '318'),
(147, '821H'),
(148, '121'),
(149, '872'),
(150, '204'),
(151, '692'),
(152, '773'),
(153, '911'),
(154, '154'),
(155, '904'),
(156, '41'),
(157, '141F'),
(158, '823'),
(159, '864'),
(160, '505'),
(161, '644'),
(162, '385'),
(163, '980'),
(164, '888'),
(165, '873'),
(166, '448'),
(167, '951'),
(168, '322F'),
(169, '382'),
(170, '607'),
(171, '573'),
(172, '515'),
(173, '867'),
(174, '870H'),
(175, '881'),
(176, '724'),
(177, '386'),
(178, '798'),
(179, '214'),
(180, '747'),
(181, '897'),
(182, '259'),
(183, '959'),
(184, '835'),
(185, '51'),
(186, '320'),
(187, '797'),
(188, '784'),
(189, '365E'),
(190, '992'),
(191, '416C'),
(192, '365'),
(193, '994D'),
(194, '210'),
(195, '589'),
(196, '807'),
(197, '78'),
(198, '653F'),
(199, '563'),
(200, '649'),
(201, '657'),
(202, '129'),
(203, '766'),
(204, '208'),
(205, '323'),
(206, '83'),
(207, '384'),
(208, '878'),
(209, '953'),
(210, '490'),
(211, '374'),
(212, '976'),
(213, '995'),
(214, '14'),
(215, '582'),
(216, '13B'),
(217, '465'),
(218, '754'),
(219, '311'),
(220, '786H'),
(221, '904A'),
(222, '545'),
(223, '769'),
(224, '77G'),
(225, '335'),
(226, '434'),
(227, '205'),
(228, '892'),
(229, '913'),
(230, '72'),
(231, '314D'),
(232, '570'),
(233, '810'),
(234, '509'),
(235, '781'),
(236, '537'),
(237, '166'),
(238, '485'),
(239, '792'),
(240, '654'),
(241, '207'),
(242, '462'),
(243, '186A'),
(244, '415'),
(245, '464'),
(246, '919'),
(247, '499'),
(248, '884'),
(249, '350'),
(250, '349'),
(251, '501'),
(252, '6'),
(253, '660'),
(254, '419'),
(255, '941'),
(256, '579'),
(257, '735'),
(258, '757A'),
(259, '414'),
(260, '460'),
(261, '96'),
(262, '400'),
(263, '632'),
(264, '594'),
(265, '137'),
(266, '532'),
(267, '860'),
(268, '549'),
(269, '161'),
(270, '33'),
(271, '314'),
(272, '467'),
(273, '172'),
(274, '775'),
(275, '73'),
(276, '264'),
(277, '453'),
(278, '440'),
(279, '517D'),
(280, '13'),
(281, '15'),
(282, '356'),
(283, '383H'),
(284, '195'),
(285, '665'),
(286, '964'),
(287, '342'),
(288, '912'),
(289, '477'),
(290, '213'),
(291, '271'),
(292, '776'),
(293, '394'),
(294, '27'),
(295, '364'),
(296, '127'),
(297, '937'),
(298, '948G'),
(299, '480'),
(300, '711C'),
(301, '428'),
(302, '744'),
(303, '535'),
(304, '880'),
(305, '533'),
(306, '19A'),
(307, '734'),
(308, '759'),
(309, '405'),
(310, '242'),
(311, '802C'),
(312, '557'),
(313, '163'),
(314, '165'),
(315, '717'),
(316, '387A'),
(317, '837'),
(318, '99'),
(319, '23'),
(320, '289'),
(321, '861'),
(322, '899'),
(323, '232'),
(324, '541'),
(325, '869'),
(326, '676B'),
(327, '118'),
(328, '187'),
(329, '826'),
(330, '593'),
(331, '742'),
(332, '956'),
(333, '757'),
(334, '888B'),
(335, '35'),
(336, '212'),
(337, '555'),
(338, '222'),
(339, '369'),
(340, '179'),
(341, '31'),
(342, '170A'),
(343, '753'),
(344, '889'),
(345, '506'),
(346, '716'),
(347, '741B'),
(348, '945'),
(349, '724G'),
(350, '575'),
(351, '5C'),
(352, '381');

-- --------------------------------------------------------

--
-- Struktura tabeli dla tabeli `carts`
--

CREATE TABLE `carts` (
  `ID` int(11) NOT NULL,
  `USER_ID` int(11) DEFAULT NULL
) ENGINE=InnoDB DEFAULT CHARSET=utf8mb4 COLLATE=utf8mb4_general_ci;

-- --------------------------------------------------------

--
-- Struktura tabeli dla tabeli `cities`
--

CREATE TABLE `cities` (
  `ID` int(11) NOT NULL,
  `COUNTRY_ID` int(11) DEFAULT NULL,
  `CITY` varchar(50) DEFAULT NULL
) ENGINE=InnoDB DEFAULT CHARSET=utf8mb4 COLLATE=utf8mb4_general_ci;

--
-- Dumping data for table `cities`
--

INSERT INTO `cities` (`ID`, `COUNTRY_ID`, `CITY`) VALUES
(2409, 1, 'Herat'),
(2407, 1, 'Kabul'),
(2408, 1, 'Kandahar'),
(2410, 1, 'Mazar-i-Sharif'),
(99, 2, 'Durrës'),
(98, 2, 'Tirana'),
(100, 2, 'Vlorë'),
(2285, 3, 'Algiers'),
(2287, 3, 'Constantine'),
(2286, 3, 'Oran'),
(101, 4, 'Andorra la Vella'),
(102, 4, 'Escaldes-Engordany'),
(2288, 5, 'Luanda'),
(2289, 5, 'N\'dalatando'),
(2260, 6, 'Saint John\'s'),
(2170, 7, 'Avellaneda'),
(2150, 7, 'Bahía Blanca'),
(2137, 7, 'Buenos Aires'),
(2162, 7, 'Comodoro Rivadavia'),
(2138, 7, 'Córdoba'),
(2152, 7, 'Corrientes'),
(2165, 7, 'General Roca'),
(2157, 7, 'Gualeguaychú'),
(2156, 7, 'Jujuy'),
(2167, 7, 'Junín'),
(2141, 7, 'La Plata'),
(2173, 7, 'Lanús'),
(2171, 7, 'Lomas de Zamora'),
(2143, 7, 'Mar del Plata'),
(2140, 7, 'Mendoza'),
(2153, 7, 'Neuquén'),
(2148, 7, 'Posadas'),
(2172, 7, 'Quilmes'),
(2147, 7, 'Resistencia'),
(2154, 7, 'Rio Cuarto'),
(2161, 7, 'Río Gallegos'),
(2139, 7, 'Rosario'),
(2144, 7, 'Salta'),
(2155, 7, 'San Fernando del Valle de Catamarca'),
(2146, 7, 'San Juan'),
(2159, 7, 'San Luis'),
(2149, 7, 'San Miguel de Tucumán'),
(2158, 7, 'San Nicolás'),
(2169, 7, 'San Pedro'),
(2145, 7, 'Santa Fe'),
(2151, 7, 'Santiago del Estero'),
(2163, 7, 'Tandil'),
(2164, 7, 'Trelew'),
(2142, 7, 'Tucumán'),
(2168, 7, 'Villa Carlos Paz'),
(2160, 7, 'Villa Maria'),
(2166, 7, 'Zárate'),
(2411, 8, 'Yerevan'),
(2387, 9, 'Adelaide'),
(2385, 9, 'Brisbane'),
(2388, 9, 'Canberra'),
(2384, 9, 'Melbourne'),
(2386, 9, 'Perth'),
(2383, 9, 'Sydney'),
(104, 10, 'Graz'),
(107, 10, 'Innsbruck'),
(108, 10, 'Klagenfurt'),
(105, 10, 'Linz'),
(106, 10, 'Salzburg'),
(111, 10, 'Sankt Pölten'),
(103, 10, 'Vienna'),
(109, 10, 'Villach'),
(110, 10, 'Wels'),
(2412, 11, 'Baku'),
(2413, 11, 'Ganja'),
(2414, 11, 'Sumqayit'),
(2262, 12, 'Nassau'),
(2415, 13, 'Manama'),
(2417, 14, 'Chittagong'),
(2420, 14, 'Comilla'),
(2416, 14, 'Dhaka'),
(2418, 14, 'Khulna'),
(2421, 14, 'Narayanganj'),
(2419, 14, 'Rajshahi'),
(2422, 14, 'Sylhet'),
(2057, 15, 'Bridgetown'),
(129, 16, 'Babruysk'),
(130, 16, 'Baranavichy'),
(131, 16, 'Barysaw'),
(128, 16, 'Brest'),
(124, 16, 'Gomel'),
(127, 16, 'Hrodna'),
(123, 16, 'Minsk'),
(125, 16, 'Mogilev'),
(126, 16, 'Vitebsk'),
(121, 17, 'Aalst'),
(113, 17, 'Antwerp'),
(117, 17, 'Bruges'),
(112, 17, 'Brussels'),
(115, 17, 'Charleroi'),
(114, 17, 'Ghent'),
(119, 17, 'Leuven'),
(116, 17, 'Liège'),
(122, 17, 'Mechelen'),
(120, 17, 'Mons'),
(118, 17, 'Namur'),
(1995, 18, 'Belize City'),
(1996, 18, 'Belmopan'),
(2290, 19, 'Cotonou'),
(2291, 19, 'Porto-Novo'),
(2423, 20, 'Thimphu'),
(2203, 21, 'Beni'),
(2205, 21, 'Chuquisaca'),
(2197, 21, 'Cochabamba'),
(2199, 21, 'El Alto'),
(2196, 21, 'La Paz'),
(2200, 21, 'Oruro'),
(2204, 21, 'Pando'),
(2201, 21, 'Potosí'),
(2198, 21, 'Santa Cruz'),
(3022, 21, 'Santa Cruz de la Sierra'),
(2195, 21, 'Sucre'),
(2202, 21, 'Tarija'),
(133, 22, 'Banja Luka'),
(132, 22, 'Sarajevo'),
(134, 22, 'Tuzla'),
(135, 22, 'Zenica'),
(2292, 23, 'Gaborone'),
(2949, 24, 'Belo Horizonte'),
(2946, 24, 'Brasilia'),
(2948, 24, 'Fortaleza'),
(2945, 24, 'Rio de Janeiro'),
(2947, 24, 'Salvador'),
(2944, 24, 'Sao Paulo'),
(2424, 25, 'Bandar Seri Begawan'),
(139, 26, 'Burgas'),
(142, 26, 'Pleven'),
(137, 26, 'Plovdiv'),
(140, 26, 'Ruse'),
(136, 26, 'Sofia'),
(141, 26, 'Stara Zagora'),
(138, 26, 'Varna'),
(2293, 27, 'Ouagadougou'),
(2294, 28, 'Bujumbura'),
(2295, 28, 'Gitega'),
(2296, 29, 'Praia'),
(2427, 30, 'Battambang'),
(2425, 30, 'Phnom Penh'),
(2426, 30, 'Siem Reap'),
(2297, 31, 'Douala'),
(2299, 31, 'Garoua'),
(2298, 31, 'Yaounde'),
(1840, 32, 'Abbotsford'),
(1837, 32, 'Barrie'),
(1848, 32, 'Brantford'),
(1819, 32, 'Calgary'),
(1844, 32, 'Chicoutimi'),
(1820, 32, 'Edmonton'),
(1839, 32, 'Guelph'),
(1828, 32, 'Halifax'),
(1824, 32, 'Hamilton'),
(1852, 32, 'Kamloops'),
(1842, 32, 'Kanata'),
(1838, 32, 'Kelowna'),
(1841, 32, 'Kingston'),
(1825, 32, 'Kitchener'),
(1851, 32, 'Lethbridge'),
(1826, 32, 'London'),
(1847, 32, 'Moncton'),
(1817, 32, 'Montreal'),
(1849, 32, 'Nanaimo'),
(1829, 32, 'Oshawa'),
(1821, 32, 'Ottawa'),
(1850, 32, 'Peterborough'),
(1853, 32, 'Prince George'),
(1822, 32, 'Quebec City'),
(1833, 32, 'Regina'),
(1845, 32, 'Saint John'),
(1831, 32, 'Saskatoon'),
(1836, 32, 'Sherbrooke'),
(1832, 32, 'St. Catharines'),
(1834, 32, 'St. John\'s'),
(1835, 32, 'Sudbury'),
(1846, 32, 'Thunder Bay'),
(1816, 32, 'Toronto'),
(1843, 32, 'Trois-Rivières'),
(1818, 32, 'Vancouver'),
(1827, 32, 'Victoria'),
(1830, 32, 'Windsor'),
(1823, 32, 'Winnipeg'),
(2300, 33, 'Bangui'),
(2301, 34, 'N\'Djamena'),
(2178, 35, 'Antofagasta'),
(2183, 35, 'Arica'),
(2190, 35, 'Buín'),
(2188, 35, 'Chillán'),
(2176, 35, 'Concepción'),
(2189, 35, 'Copiapó'),
(2187, 35, 'Curicó'),
(2181, 35, 'Iquique'),
(2177, 35, 'La Serena'),
(2191, 35, 'Los Andes'),
(2186, 35, 'Osorno'),
(2192, 35, 'Ovalle'),
(2194, 35, 'Peñaflor'),
(2184, 35, 'Puerto Montt'),
(2185, 35, 'Punta Arenas'),
(2180, 35, 'Rancagua'),
(2193, 35, 'San Felipe'),
(2174, 35, 'Santiago'),
(2182, 35, 'Talca'),
(2179, 35, 'Temuco'),
(2175, 35, 'Valparaíso'),
(2834, 36, 'Baoding'),
(2803, 36, 'Baotou'),
(2770, 36, 'Beijing'),
(2857, 36, 'Cangzhou'),
(2796, 36, 'Changchun'),
(2788, 36, 'Changsha'),
(2821, 36, 'Chaozhou'),
(2775, 36, 'Chengdu'),
(2771, 36, 'Chongqing'),
(2850, 36, 'Dali'),
(2785, 36, 'Dalian'),
(2831, 36, 'Danyang'),
(2813, 36, 'Daqing'),
(2868, 36, 'Dazhou'),
(2847, 36, 'Dingxi'),
(2780, 36, 'Dongguan'),
(2840, 36, 'Fangchenggang'),
(2781, 36, 'Foshan'),
(2883, 36, 'Fushun'),
(2880, 36, 'Fuyang'),
(2794, 36, 'Fuzhou'),
(2881, 36, 'Gongqingcheng'),
(2818, 36, 'Guangxi'),
(2884, 36, 'Guangyuan'),
(2773, 36, 'Guangzhou'),
(2864, 36, 'Guilin'),
(2779, 36, 'Hangzhou'),
(2783, 36, 'Harbin'),
(2799, 36, 'Hefei'),
(2817, 36, 'Huaian'),
(2859, 36, 'Huaihua'),
(2806, 36, 'Huanggang'),
(2848, 36, 'Huangshan'),
(2885, 36, 'Huangshi'),
(2810, 36, 'Huzhou'),
(2828, 36, 'Jiangmen'),
(2875, 36, 'Jiangshan'),
(2866, 36, 'Jiangyin'),
(2787, 36, 'Jinan'),
(2870, 36, 'Jincheng'),
(2869, 36, 'Jingdezhen'),
(2871, 36, 'Jingzhou'),
(2879, 36, 'Kaifeng'),
(2827, 36, 'Kaili'),
(2789, 36, 'Kunming'),
(2833, 36, 'Laiwu'),
(2872, 36, 'Lanzhou'),
(2877, 36, 'Lianyungang'),
(2823, 36, 'Liaocheng'),
(2832, 36, 'Liaoning'),
(2835, 36, 'Linfen'),
(2805, 36, 'Linyi'),
(2861, 36, 'Liuzhou'),
(2860, 36, 'Loudi'),
(2800, 36, 'Luoyang'),
(2819, 36, 'Luzhou'),
(2842, 36, 'Mianyang'),
(2798, 36, 'Nanchang'),
(2873, 36, 'Nanchong'),
(2776, 36, 'Nanjing'),
(2804, 36, 'Nantong'),
(2853, 36, 'Nanyang'),
(2790, 36, 'Ningbo'),
(2824, 36, 'Puyang'),
(2784, 36, 'Qingdao'),
(2820, 36, 'Qingyang'),
(2816, 36, 'Qinhuangdao'),
(2836, 36, 'Rizhao'),
(2825, 36, 'Sanming'),
(2769, 36, 'Shanghai'),
(2856, 36, 'Shangqiu'),
(2812, 36, 'Shanwei'),
(2867, 36, 'Shanxi'),
(2782, 36, 'Shenyang'),
(2774, 36, 'Shenzhen'),
(2791, 36, 'Shijiazhuang'),
(2882, 36, 'Shuangyashan'),
(2841, 36, 'Siping'),
(2797, 36, 'Suzhou'),
(2795, 36, 'Taiyuan'),
(2887, 36, 'Taizhou'),
(2772, 36, 'Tianjin'),
(2802, 36, 'Urumqi'),
(2846, 36, 'Weifang'),
(2855, 36, 'Wenling'),
(2814, 36, 'Wenzhou'),
(2777, 36, 'Wuhan'),
(2830, 36, 'Wuhu'),
(2792, 36, 'Wuxi'),
(2876, 36, 'Wuzhen'),
(2854, 36, 'Wuzhou'),
(2778, 36, 'Xi\'an'),
(2809, 36, 'Xiangtan'),
(2862, 36, 'Xiangxi'),
(2826, 36, 'Xiangyin'),
(2839, 36, 'Xingyi'),
(2822, 36, 'Xuchang'),
(2793, 36, 'Xuzhou'),
(2838, 36, 'Yancheng'),
(2863, 36, 'Yangjiang'),
(2878, 36, 'Yangzhou'),
(2811, 36, 'Yantai'),
(2801, 36, 'Yinchuan'),
(2874, 36, 'Yiyang'),
(2844, 36, 'Yueyang'),
(2843, 36, 'Yunyang'),
(2858, 36, 'Zhangjiagang'),
(2837, 36, 'Zhangjiajie'),
(2851, 36, 'Zhangjiakou'),
(2849, 36, 'Zhangye'),
(2808, 36, 'Zhangzhou'),
(2865, 36, 'Zhaoqing'),
(2786, 36, 'Zhengzhou'),
(2829, 36, 'Zhongshan'),
(2886, 36, 'Zhongwei'),
(2852, 36, 'Zhoukou'),
(2815, 36, 'Zhuhai'),
(2845, 36, 'Zhuzhou'),
(2807, 36, 'Zibo'),
(2092, 37, 'Apartado'),
(2091, 37, 'Barrancabermeja'),
(2066, 37, 'Barranquilla'),
(2063, 37, 'Bogota'),
(2069, 37, 'Bucaramanga'),
(2065, 37, 'Cali'),
(2084, 37, 'Carmen de Viboral'),
(2067, 37, 'Cartagena'),
(2068, 37, 'Cucuta'),
(2087, 37, 'Envigado'),
(2088, 37, 'Floridablanca'),
(2095, 37, 'Girardot'),
(2077, 37, 'Ibague'),
(2093, 37, 'Magangue'),
(2073, 37, 'Manizales'),
(2064, 37, 'Medellin'),
(2086, 37, 'Monteria'),
(2074, 37, 'Neiva'),
(2083, 37, 'Palmira'),
(2070, 37, 'Pereira'),
(2075, 37, 'Popayan'),
(2079, 37, 'Quibdo'),
(2078, 37, 'Riohacha'),
(2094, 37, 'San Andrés'),
(2097, 37, 'San Gil'),
(2071, 37, 'Santa Marta'),
(2076, 37, 'Sincelejo'),
(2085, 37, 'Sogamoso'),
(2089, 37, 'Soledad'),
(2082, 37, 'Tuluá'),
(2096, 37, 'Tumaco'),
(2081, 37, 'Tunja'),
(2072, 37, 'Valledupar'),
(2080, 37, 'Villavicencio'),
(2090, 37, 'Yumbo'),
(2302, 38, 'Moroni'),
(2303, 39, 'Kinshasa'),
(2306, 39, 'Kisangani'),
(2304, 39, 'Lubumbashi'),
(2305, 39, 'Mbuji-Mayi'),
(2307, 40, 'Brazzaville'),
(2308, 40, 'Pointe-Noire'),
(2936, 41, 'Alajuela'),
(2935, 41, 'San Jose'),
(146, 42, 'Osijek'),
(145, 42, 'Rijeka'),
(144, 42, 'Split'),
(143, 42, 'Zagreb'),
(2052, 43, 'Bayamo'),
(2045, 43, 'Camagüey'),
(2050, 43, 'Cienfuegos'),
(2048, 43, 'Guantanamo'),
(2043, 43, 'Havana'),
(2046, 43, 'Holguin'),
(2049, 43, 'Las Tunas'),
(2051, 43, 'Matanzas'),
(2053, 43, 'Pinar del Río'),
(2047, 43, 'Santa Clara'),
(2044, 43, 'Santiago de Cuba'),
(2429, 44, 'Limassol'),
(2428, 44, 'Nicosia'),
(148, 45, 'Brno'),
(154, 45, 'České Budějovice'),
(155, 45, 'Hradec Králové'),
(151, 45, 'Liberec'),
(152, 45, 'Olomouc'),
(149, 45, 'Ostrava'),
(156, 45, 'Pardubice'),
(150, 45, 'Plzeň'),
(147, 45, 'Prague'),
(153, 45, 'Ústí nad Labem'),
(160, 46, 'Aalborg'),
(158, 46, 'Aarhus'),
(157, 46, 'Copenhagen'),
(161, 46, 'Esbjerg'),
(159, 46, 'Odense'),
(162, 46, 'Randers'),
(2309, 47, 'Djibouti'),
(2261, 48, 'Roseau'),
(2028, 49, 'Bonao'),
(2027, 49, 'Higuey'),
(2025, 49, 'La Romana'),
(2022, 49, 'La Vega'),
(2029, 49, 'Moca'),
(2024, 49, 'Puerto Plata'),
(2023, 49, 'San Cristobal'),
(2026, 49, 'San Pedro de Macoris'),
(2021, 49, 'Santiago'),
(2020, 49, 'Santo Domingo'),
(2030, 49, 'Villa Altagracia'),
(2244, 50, 'Ambato'),
(2251, 50, 'Babaoyo'),
(2256, 50, 'Chone'),
(2240, 50, 'Cuenca'),
(2243, 50, 'Durán'),
(2250, 50, 'El Coca'),
(2245, 50, 'Esmeraldas'),
(2239, 50, 'Guayaquil'),
(2253, 50, 'La Libertad'),
(2246, 50, 'Loja'),
(2241, 50, 'Machala'),
(2242, 50, 'Manta'),
(2248, 50, 'Naranjal'),
(2252, 50, 'Puerto Viejo'),
(2238, 50, 'Quito'),
(2249, 50, 'Riobamba'),
(2254, 50, 'Salinas'),
(2247, 50, 'Santo Domingo'),
(2255, 50, 'Sierra'),
(2311, 51, 'Alexandria'),
(2310, 51, 'Cairo'),
(2312, 51, 'Giza'),
(2314, 51, 'Port Said'),
(2313, 51, 'Shubra El-Kheima'),
(2018, 52, 'Mejicanos'),
(2017, 52, 'San Miguel'),
(2014, 52, 'San Salvador'),
(2016, 52, 'Santa Ana'),
(2019, 52, 'Santa Tecla'),
(2015, 52, 'Soyapango'),
(2315, 53, 'Bata'),
(2316, 53, 'Malabo'),
(2317, 54, 'Asmara'),
(163, 55, 'Tallinn'),
(164, 55, 'Tartu'),
(2319, 56, 'Manzini'),
(2318, 56, 'Mbabane'),
(2320, 57, 'Addis Ababa'),
(2321, 57, 'Dire Dawa'),
(2390, 58, 'Lautoka'),
(2389, 58, 'Suva'),
(166, 59, 'Espoo'),
(165, 59, 'Helsinki'),
(169, 59, 'Oulu'),
(167, 59, 'Tampere'),
(168, 59, 'Vantaa'),
(195, 60, 'Amiens'),
(187, 60, 'Angers'),
(198, 60, 'Besançon'),
(178, 60, 'Bordeaux'),
(192, 60, 'Brest'),
(202, 60, 'Caen'),
(191, 60, 'Clermont-Ferrand'),
(186, 60, 'Dijon'),
(185, 60, 'Grenoble'),
(182, 60, 'Le Havre'),
(190, 60, 'Le Mans'),
(179, 60, 'Lille'),
(193, 60, 'Limoges'),
(172, 60, 'Lyon'),
(171, 60, 'Marseille'),
(196, 60, 'Metz'),
(177, 60, 'Montpellier'),
(200, 60, 'Mulhouse'),
(175, 60, 'Nantes'),
(174, 60, 'Nice'),
(188, 60, 'Nîmes'),
(199, 60, 'Orléans'),
(170, 60, 'Paris'),
(197, 60, 'Perpignan'),
(181, 60, 'Reims'),
(180, 60, 'Rennes'),
(201, 60, 'Rouen'),
(183, 60, 'Saint-Étienne'),
(176, 60, 'Strasbourg'),
(184, 60, 'Toulon'),
(173, 60, 'Toulouse'),
(194, 60, 'Tours'),
(189, 60, 'Villeurbanne'),
(2322, 61, 'Libreville'),
(2323, 62, 'Banjul'),
(2324, 62, 'Serekunda'),
(2431, 63, 'Kutaisi'),
(2430, 63, 'Tbilisi'),
(228, 64, 'Aachen'),
(227, 64, 'Augsburg'),
(203, 64, 'Berlin'),
(220, 64, 'Bielefeld'),
(218, 64, 'Bochum'),
(221, 64, 'Bonn'),
(230, 64, 'Braunschweig'),
(213, 64, 'Bremen'),
(231, 64, 'Chemnitz'),
(206, 64, 'Cologne'),
(210, 64, 'Dortmund'),
(214, 64, 'Dresden'),
(217, 64, 'Duisburg'),
(209, 64, 'Düsseldorf'),
(211, 64, 'Essen'),
(207, 64, 'Frankfurt'),
(236, 64, 'Freiburg'),
(226, 64, 'Gelsenkirchen'),
(235, 64, 'Halle (Saale)'),
(204, 64, 'Hamburg'),
(215, 64, 'Hannover'),
(223, 64, 'Karlsruhe'),
(232, 64, 'Kiel'),
(234, 64, 'Krefeld'),
(212, 64, 'Leipzig'),
(238, 64, 'Lübeck'),
(233, 64, 'Magdeburg'),
(222, 64, 'Mannheim'),
(229, 64, 'Mönchengladbach'),
(205, 64, 'Munich'),
(225, 64, 'Münster'),
(216, 64, 'Nuremberg'),
(237, 64, 'Oberhausen'),
(208, 64, 'Stuttgart'),
(224, 64, 'Wiesbaden'),
(219, 64, 'Wuppertal'),
(2325, 65, 'Accra'),
(2326, 65, 'Kumasi'),
(248, 66, 'Agrinio'),
(239, 66, 'Athens'),
(247, 66, 'Chania'),
(242, 66, 'Heraklion'),
(246, 66, 'Ioannina'),
(243, 66, 'Larissa'),
(241, 66, 'Patras'),
(245, 66, 'Rhodes'),
(240, 66, 'Thessaloniki'),
(244, 66, 'Volos'),
(2060, 67, 'St. George\'s'),
(2006, 68, 'Amatitlan'),
(2005, 68, 'Chimaltenango'),
(2004, 68, 'Chinautla'),
(2008, 68, 'Chiquimula'),
(2009, 68, 'Coban'),
(2001, 68, 'Escuintla'),
(1997, 68, 'Guatemala City'),
(2011, 68, 'Jalapa'),
(2010, 68, 'Jutiapa'),
(2007, 68, 'Mazatenango'),
(1998, 68, 'Mixco'),
(2012, 68, 'Puerto Barrios'),
(2000, 68, 'Quetzaltenango'),
(2003, 68, 'San Juan Sacatepequez'),
(2002, 68, 'Santa Catarina Pinula'),
(2013, 68, 'Totonicapan'),
(1999, 68, 'Villa Nueva'),
(2327, 69, 'Conakry'),
(2328, 70, 'Bissau'),
(2258, 71, 'Georgetown'),
(2032, 72, 'Cap-Haitien'),
(2037, 72, 'Carrefour'),
(2033, 72, 'Delmas'),
(2039, 72, 'Gonaives'),
(2036, 72, 'Jacmel'),
(2041, 72, 'Léogâne'),
(2035, 72, 'Les Cayes'),
(2042, 72, 'Miragoane'),
(2034, 72, 'Petion-Ville'),
(2040, 72, 'Petit-Goave'),
(2031, 72, 'Port-au-Prince'),
(2038, 72, 'Port-de-Paix'),
(2930, 73, 'San Pedro Sula'),
(2929, 73, 'Tegucigalpa'),
(249, 74, 'Budapest'),
(250, 74, 'Debrecen'),
(254, 74, 'Győr'),
(256, 74, 'Kecskemét'),
(252, 74, 'Miskolc'),
(255, 74, 'Nyíregyháza'),
(253, 74, 'Pécs'),
(251, 74, 'Szeged'),
(257, 74, 'Székesfehérvár'),
(259, 75, 'Kópavogur'),
(258, 75, 'Reykjavik'),
(2453, 76, 'Agra'),
(2436, 76, 'Ahmedabad'),
(2466, 76, 'Allahabad'),
(2464, 76, 'Amritsar'),
(2462, 76, 'Aurangabad'),
(2434, 76, 'Bangalore'),
(2446, 76, 'Bhopal'),
(2437, 76, 'Chennai'),
(2469, 76, 'Coimbatore'),
(2433, 76, 'Delhi'),
(2463, 76, 'Dhanbad'),
(2455, 76, 'Faridabad'),
(2451, 76, 'Ghaziabad'),
(2468, 76, 'Howrah'),
(2435, 76, 'Hyderabad'),
(2444, 76, 'Indore'),
(2441, 76, 'Jaipur'),
(2458, 76, 'Kalyan-Dombivli'),
(2442, 76, 'Kanpur'),
(2438, 76, 'Kolkata'),
(2452, 76, 'Ludhiana'),
(2456, 76, 'Meerut'),
(2432, 76, 'Mumbai'),
(2443, 76, 'Nagpur'),
(2454, 76, 'Nashik'),
(2465, 76, 'Navi Mumbai'),
(2449, 76, 'Patna'),
(2448, 76, 'Pimpri-Chinchwad'),
(2440, 76, 'Pune'),
(2457, 76, 'Rajkot'),
(2467, 76, 'Ranchi'),
(2461, 76, 'Srinagar'),
(2439, 76, 'Surat'),
(2445, 76, 'Thane'),
(2450, 76, 'Vadodara'),
(2460, 76, 'Varanasi'),
(2459, 76, 'Vasai-Virar'),
(2447, 76, 'Visakhapatnam'),
(2483, 77, 'Bandar Lampung'),
(2472, 77, 'Bandung'),
(2481, 77, 'Batam'),
(2473, 77, 'Bekasi'),
(2480, 77, 'Bogor'),
(2486, 77, 'Denpasar'),
(2476, 77, 'Depok'),
(2470, 77, 'Jakarta'),
(2479, 77, 'Makassar'),
(2484, 77, 'Malang'),
(2474, 77, 'Medan'),
(2485, 77, 'Padang'),
(2478, 77, 'Palembang'),
(2482, 77, 'Pekanbaru'),
(2489, 77, 'Pontianak'),
(2487, 77, 'Samarinda'),
(2477, 77, 'Semarang'),
(2471, 77, 'Surabaya'),
(2475, 77, 'Tangerang'),
(2488, 77, 'Tasikmalaya'),
(2497, 78, 'Ahvaz'),
(2492, 78, 'Isfahan'),
(2493, 78, 'Karaj'),
(2498, 78, 'Kermanshah'),
(2491, 78, 'Mashhad'),
(2496, 78, 'Qom'),
(2494, 78, 'Shiraz'),
(2495, 78, 'Tabriz'),
(2490, 78, 'Tehran'),
(2499, 78, 'Urmia'),
(2500, 79, 'Baghdad'),
(2501, 79, 'Basra'),
(2503, 79, 'Erbil'),
(2502, 79, 'Mosul'),
(2504, 79, 'Sulaymaniyah'),
(261, 80, 'Cork'),
(260, 80, 'Dublin'),
(263, 80, 'Galway'),
(262, 80, 'Limerick'),
(264, 80, 'Waterford'),
(2507, 81, 'Haifa'),
(2505, 81, 'Jerusalem'),
(2508, 81, 'Rishon LeZion'),
(2506, 81, 'Tel Aviv'),
(273, 82, 'Bari'),
(271, 82, 'Bologna'),
(280, 82, 'Brescia'),
(290, 82, 'Cagliari'),
(274, 82, 'Catania'),
(272, 82, 'Florence'),
(291, 82, 'Foggia'),
(270, 82, 'Genoa'),
(288, 82, 'Livorno'),
(277, 82, 'Messina'),
(266, 82, 'Milan'),
(284, 82, 'Modena'),
(267, 82, 'Naples'),
(278, 82, 'Padua'),
(269, 82, 'Palermo'),
(283, 82, 'Parma'),
(287, 82, 'Perugia'),
(281, 82, 'Prato'),
(289, 82, 'Ravenna'),
(285, 82, 'Reggio Calabria'),
(286, 82, 'Reggio Emilia'),
(292, 82, 'Rimini'),
(265, 82, 'Rome'),
(282, 82, 'Taranto'),
(279, 82, 'Trieste'),
(268, 82, 'Turin'),
(275, 82, 'Venice'),
(276, 82, 'Verona'),
(2329, 83, 'Abidjan'),
(2330, 83, 'Yamoussoukro'),
(2054, 84, 'Kingston'),
(2055, 84, 'Montego Bay'),
(2056, 84, 'Spanish Town'),
(2514, 85, 'Fukuoka'),
(2517, 85, 'Kawasaki'),
(2515, 85, 'Kobe'),
(2516, 85, 'Kyoto'),
(2512, 85, 'Nagoya'),
(2511, 85, 'Osaka'),
(2518, 85, 'Saitama'),
(2513, 85, 'Sapporo'),
(2509, 85, 'Tokyo'),
(2510, 85, 'Yokohama'),
(2519, 86, 'Amman'),
(2520, 86, 'Zarqa'),
(2521, 87, 'Almaty'),
(2522, 87, 'Astana'),
(2523, 87, 'Shymkent'),
(2333, 88, 'Kisumu'),
(2332, 88, 'Mombasa'),
(2331, 88, 'Nairobi'),
(2391, 89, 'South Tarawa'),
(2524, 90, 'Pyongyang'),
(2526, 91, 'Busan'),
(2528, 91, 'Daegu'),
(2529, 91, 'Daejeon'),
(2530, 91, 'Gwangju'),
(2527, 91, 'Incheon'),
(2525, 91, 'Seoul'),
(2531, 91, 'Suwon'),
(2532, 91, 'Ulsan'),
(2534, 92, 'Al Ahmadi'),
(2533, 92, 'Kuwait City'),
(2535, 93, 'Bishkek'),
(2536, 93, 'Osh'),
(2538, 94, 'Pakse'),
(2537, 94, 'Vientiane'),
(294, 95, 'Daugavpils'),
(293, 95, 'Riga'),
(2539, 96, 'Beirut'),
(2540, 96, 'Tripoli'),
(2334, 97, 'Maseru'),
(2335, 98, 'Monrovia'),
(2337, 99, 'Benghazi'),
(2336, 99, 'Tripoli'),
(296, 101, 'Kaunas'),
(297, 101, 'Klaipėda'),
(295, 101, 'Vilnius'),
(299, 102, 'Esch-sur-Alzette'),
(298, 102, 'Luxembourg'),
(2338, 103, 'Antananarivo'),
(2340, 104, 'Blantyre'),
(2339, 104, 'Lilongwe'),
(2542, 105, 'George Town'),
(2544, 105, 'Ipoh'),
(2543, 105, 'Johor Bahru'),
(2541, 105, 'Kuala Lumpur'),
(2545, 105, 'Kuching'),
(2546, 106, 'Male'),
(2341, 107, 'Bamako'),
(301, 108, 'Birkirkara'),
(300, 108, 'Valletta'),
(2392, 109, 'Majuro'),
(2342, 110, 'Nouakchott'),
(2343, 111, 'Port Louis'),
(1955, 112, 'Acapulco'),
(1953, 112, 'Aguascalientes'),
(1976, 112, 'Campeche'),
(1970, 112, 'Cancun'),
(1971, 112, 'Celaya'),
(1986, 112, 'Chetumal'),
(1956, 112, 'Chihuahua'),
(1978, 112, 'Ciudad Obregon'),
(1980, 112, 'Ciudad Victoria'),
(1973, 112, 'Coatzacoalcos'),
(1975, 112, 'Colima'),
(1981, 112, 'Cuernavaca'),
(1954, 112, 'Culiacan'),
(1961, 112, 'Durango'),
(1994, 112, 'Fresnillo'),
(1943, 112, 'Guadalajara'),
(1991, 112, 'Guaymas'),
(1959, 112, 'Hermosillo'),
(1968, 112, 'Irapuato'),
(1948, 112, 'Juarez'),
(1947, 112, 'Leon'),
(1990, 112, 'Los Mochis'),
(1983, 112, 'Matamoros'),
(1966, 112, 'Mazatlan'),
(1951, 112, 'Merida'),
(1952, 112, 'Mexicali'),
(1942, 112, 'Mexico City'),
(1989, 112, 'Minatitlan'),
(1944, 112, 'Monterrey'),
(1958, 112, 'Morelia'),
(1992, 112, 'Nogales'),
(1969, 112, 'Nuevo Laredo'),
(1974, 112, 'Oaxaca'),
(1987, 112, 'Orizaba'),
(1984, 112, 'Pachuca'),
(1945, 112, 'Puebla'),
(1985, 112, 'Puerto Vallarta'),
(1964, 112, 'Reynosa'),
(1957, 112, 'Saltillo'),
(1988, 112, 'San Juan del Rio'),
(1950, 112, 'San Luis Potosi'),
(1965, 112, 'Tampico'),
(1977, 112, 'Tapachula'),
(1972, 112, 'Tepic'),
(1946, 112, 'Tijuana'),
(1993, 112, 'Tlaxcala'),
(1967, 112, 'Toluca'),
(1949, 112, 'Torreon'),
(1963, 112, 'Tuxtla Gutierrez'),
(1982, 112, 'Uruapan'),
(1960, 112, 'Veracruz'),
(1962, 112, 'Villahermosa'),
(1979, 112, 'Zacatecas'),
(2393, 113, 'Palikir'),
(2394, 113, 'Weno'),
(303, 114, 'Bălți'),
(302, 114, 'Chișinău'),
(304, 115, 'Monaco'),
(2547, 116, 'Ulaanbaatar'),
(2344, 118, 'Casablanca'),
(2346, 118, 'Fes'),
(2347, 118, 'Marrakesh'),
(2345, 118, 'Rabat'),
(2348, 118, 'Tangier'),
(2349, 119, 'Maputo'),
(2350, 119, 'Matola'),
(2549, 120, 'Mandalay'),
(2550, 120, 'Naypyidaw'),
(306, 120, 'Nikšić'),
(305, 120, 'Podgorica'),
(2548, 120, 'Yangon'),
(314, 121, 'Almere'),
(321, 121, 'Amersfoort'),
(307, 121, 'Amsterdam'),
(318, 121, 'Apeldoorn'),
(320, 121, 'Arnhem'),
(315, 121, 'Breda'),
(311, 121, 'Eindhoven'),
(317, 121, 'Enschede'),
(312, 121, 'Groningen'),
(319, 121, 'Haarlem'),
(316, 121, 'Nijmegen'),
(308, 121, 'Rotterdam'),
(309, 121, 'The Hague'),
(313, 121, 'Tilburg'),
(310, 121, 'Utrecht'),
(2351, 121, 'Windhoek'),
(322, 121, 'Zaanstad'),
(2395, 122, 'Yaren'),
(2551, 123, 'Kathmandu'),
(2552, 123, 'Pokhara'),
(2396, 125, 'Auckland'),
(2398, 125, 'Christchurch'),
(2397, 125, 'Wellington'),
(2934, 126, 'Leon'),
(2933, 126, 'Managua'),
(2352, 127, 'Niamey'),
(2354, 128, 'Abuja'),
(2357, 128, 'Benin City'),
(2356, 128, 'Ibadan'),
(2355, 128, 'Kano'),
(2353, 128, 'Lagos'),
(2358, 128, 'Port Harcourt'),
(324, 129, 'Bitola'),
(323, 129, 'Skopje'),
(326, 130, 'Bergen'),
(329, 130, 'Drammen'),
(325, 130, 'Oslo'),
(327, 130, 'Stavanger'),
(328, 130, 'Trondheim'),
(2553, 131, 'Muscat'),
(2556, 132, 'Faisalabad'),
(2560, 132, 'Gujranwala'),
(2559, 132, 'Islamabad'),
(2554, 132, 'Karachi'),
(2555, 132, 'Lahore'),
(2558, 132, 'Multan'),
(2561, 132, 'Peshawar'),
(2562, 132, 'Quetta'),
(2557, 132, 'Rawalpindi'),
(2400, 133, 'Koror'),
(2399, 133, 'Ngerulmud'),
(2937, 134, 'Panama City'),
(2401, 135, 'Port Moresby'),
(2127, 136, 'Asuncion'),
(2131, 136, 'Capiata'),
(2128, 136, 'Ciudad del Este'),
(2133, 136, 'Fernando de la Mora'),
(2132, 136, 'Lambare'),
(2130, 136, 'Luque'),
(2129, 136, 'San Lorenzo'),
(2229, 137, 'Abancay'),
(2207, 137, 'Arequipa'),
(2219, 137, 'Ayacucho'),
(2220, 137, 'Cajamarca'),
(2209, 137, 'Callao'),
(2231, 137, 'Cerro de Pasco'),
(2213, 137, 'Chiclayo'),
(2221, 137, 'Chimbote'),
(2210, 137, 'Cusco'),
(2214, 137, 'Huancayo'),
(2222, 137, 'Huánuco'),
(2233, 137, 'Huaraz'),
(2226, 137, 'Ica'),
(2212, 137, 'Iquitos'),
(2234, 137, 'Jauja'),
(2217, 137, 'Juliaca'),
(2228, 137, 'Junín'),
(2206, 137, 'Lima'),
(2223, 137, 'Moyobamba'),
(2230, 137, 'Nazca'),
(2235, 137, 'Pachacamac'),
(2236, 137, 'Paita'),
(2211, 137, 'Piura'),
(2225, 137, 'Pucallpa'),
(2215, 137, 'Puno'),
(2218, 137, 'Sullana'),
(2216, 137, 'Tacna'),
(2227, 137, 'Tarapoto'),
(2232, 137, 'Tingo María'),
(2208, 137, 'Trujillo'),
(2224, 137, 'Tumbes'),
(2237, 137, 'Yurimaguas'),
(332, 138, 'Amadora'),
(337, 138, 'Aveiro'),
(333, 138, 'Braga'),
(2566, 138, 'Cebu City'),
(334, 138, 'Coimbra'),
(2565, 138, 'Davao City'),
(338, 138, 'Faro'),
(335, 138, 'Funchal'),
(336, 138, 'Leiria'),
(330, 138, 'Lisbon'),
(2564, 138, 'Manila'),
(331, 138, 'Porto'),
(2563, 138, 'Quezon City'),
(2567, 138, 'Zamboanga City'),
(11, 139, 'Białystok'),
(22, 139, 'Bielsko-Biała'),
(8, 139, 'Bydgoszcz'),
(33, 139, 'Chorzów'),
(13, 139, 'Częstochowa'),
(26, 139, 'Dąbrowa Górnicza'),
(29, 139, 'Elbląg'),
(6, 139, 'Gdańsk'),
(12, 139, 'Gdynia'),
(19, 139, 'Gliwice'),
(37, 139, 'Grudziądz'),
(44, 139, 'Inowrocław'),
(40, 139, 'Jastrzębie-Zdrój'),
(39, 139, 'Jaworzno'),
(36, 139, 'Kalisz'),
(10, 139, 'Katowice'),
(17, 139, 'Kielce'),
(42, 139, 'Konin'),
(34, 139, 'Koszalin'),
(2, 139, 'Kraków'),
(35, 139, 'Legnica'),
(45, 139, 'Lubin'),
(9, 139, 'Lublin'),
(41, 139, 'Nowy Sącz'),
(21, 139, 'Olsztyn'),
(27, 139, 'Opole'),
(46, 139, 'Ostrołęka'),
(43, 139, 'Piotrków Trybunalski'),
(5, 139, 'Poznań'),
(28, 139, 'Płock'),
(14, 139, 'Radom'),
(23, 139, 'Ruda Śląska'),
(24, 139, 'Rybnik'),
(18, 139, 'Rzeszów'),
(15, 139, 'Sosnowiec'),
(47, 139, 'Suwałki'),
(7, 139, 'Szczecin'),
(38, 139, 'Słupsk'),
(32, 139, 'Tarnów'),
(16, 139, 'Toruń'),
(25, 139, 'Tychy'),
(1, 139, 'Warszawa'),
(30, 139, 'Wałbrzych'),
(4, 139, 'Wrocław'),
(20, 139, 'Zabrze'),
(31, 139, 'Zielona Góra'),
(3, 139, 'Łódź'),
(2568, 141, 'Doha'),
(2575, 143, 'Chelyabinsk'),
(2574, 143, 'Kazan'),
(2569, 143, 'Moscow'),
(2573, 143, 'Nizhny Novgorod'),
(2571, 143, 'Novosibirsk'),
(2577, 143, 'Omsk'),
(2578, 143, 'Rostov-on-Don'),
(2570, 143, 'Saint Petersburg'),
(2576, 143, 'Samara'),
(2579, 143, 'Ufa'),
(2572, 143, 'Yekaterinburg'),
(350, 144, 'Arad'),
(353, 144, 'Bacău'),
(349, 144, 'Brăila'),
(345, 144, 'Brașov'),
(339, 144, 'Bucharest'),
(340, 144, 'Cluj-Napoca'),
(343, 144, 'Constanța'),
(344, 144, 'Craiova'),
(346, 144, 'Galați'),
(342, 144, 'Iași'),
(2359, 144, 'Kigali'),
(348, 144, 'Oradea'),
(351, 144, 'Pitești'),
(347, 144, 'Ploiești'),
(352, 144, 'Sibiu'),
(354, 144, 'Târgu Mureș'),
(341, 144, 'Timișoara'),
(2259, 145, 'Basseterre'),
(2058, 146, 'Castries'),
(2059, 147, 'Kingstown'),
(2402, 148, 'Apia'),
(355, 148, 'Belgrade'),
(358, 148, 'Kragujevac'),
(357, 148, 'Niš'),
(356, 148, 'Novi Sad'),
(360, 148, 'Pančevo'),
(359, 148, 'Subotica'),
(366, 150, 'Banská Bystrica'),
(361, 150, 'Bratislava'),
(362, 150, 'Košice'),
(365, 150, 'Nitra'),
(363, 150, 'Prešov'),
(2360, 150, 'Sao Tome'),
(364, 150, 'Žilina'),
(2581, 151, 'Jeddah'),
(2582, 151, 'Mecca'),
(2583, 151, 'Medina'),
(2580, 151, 'Riyadh'),
(2361, 152, 'Dakar'),
(367, 152, 'Ljubljana'),
(368, 152, 'Maribor'),
(2362, 154, 'Victoria'),
(385, 155, 'A Coruña'),
(379, 155, 'Alicante'),
(370, 155, 'Barcelona'),
(378, 155, 'Bilbao'),
(380, 155, 'Cordoba'),
(388, 155, 'Elche'),
(2363, 155, 'Freetown'),
(383, 155, 'Gijon'),
(387, 155, 'Granada'),
(384, 155, 'L\'Hospitalet de Llobregat'),
(377, 155, 'Las Palmas'),
(369, 155, 'Madrid'),
(374, 155, 'Malaga'),
(375, 155, 'Murcia'),
(376, 155, 'Palma'),
(372, 155, 'Seville'),
(371, 155, 'Valencia'),
(381, 155, 'Valladolid'),
(382, 155, 'Vigo'),
(386, 155, 'Vitoria-Gasteiz'),
(373, 155, 'Zaragoza'),
(2584, 156, 'Singapore'),
(390, 159, 'Gothenburg'),
(396, 159, 'Helsingborg'),
(2403, 159, 'Honiara'),
(397, 159, 'Jönköping'),
(395, 159, 'Linköping'),
(391, 159, 'Malmö'),
(398, 159, 'Norrköping'),
(394, 159, 'Örebro'),
(389, 159, 'Stockholm'),
(392, 159, 'Uppsala'),
(393, 159, 'Västerås'),
(2364, 160, 'Mogadishu'),
(2370, 161, 'Bloemfontein'),
(2366, 161, 'Cape Town'),
(2367, 161, 'Durban'),
(2365, 161, 'Johannesburg'),
(2369, 161, 'Port Elizabeth'),
(2368, 161, 'Pretoria'),
(401, 162, 'Basel'),
(403, 162, 'Bern'),
(400, 162, 'Geneva'),
(2371, 162, 'Juba'),
(402, 162, 'Lausanne'),
(405, 162, 'Lucerne'),
(407, 162, 'Lugano'),
(406, 162, 'St. Gallen'),
(404, 162, 'Winterthur'),
(399, 162, 'Zurich'),
(2585, 164, 'Colombo'),
(2586, 164, 'Dehiwala-Mount Lavinia'),
(2372, 165, 'Khartoum'),
(2373, 165, 'Omdurman'),
(2257, 166, 'Paramaribo'),
(2588, 169, 'Aleppo'),
(2587, 169, 'Damascus'),
(2589, 169, 'Homs'),
(2590, 169, 'Latakia'),
(2596, 170, 'Dushanbe'),
(2597, 170, 'Khujand'),
(2374, 171, 'Dar es Salaam'),
(2375, 171, 'Dodoma'),
(2598, 172, 'Bangkok'),
(2601, 172, 'Chiang Mai'),
(2376, 172, 'Lome'),
(2600, 172, 'Nakhon Ratchasima'),
(2599, 172, 'Nonthaburi'),
(2602, 172, 'Udon Thani'),
(2603, 173, 'Dili'),
(2404, 175, 'Nuku\'alofa'),
(2061, 176, 'Chaguanas'),
(2062, 176, 'Port of Spain'),
(2377, 176, 'Tunis'),
(2604, 179, 'Ashgabat'),
(2405, 180, 'Funafuti'),
(2378, 181, 'Kampala'),
(2379, 181, 'Nansana'),
(2606, 183, 'Abu Dhabi'),
(2608, 183, 'Al Ain'),
(2605, 183, 'Dubai'),
(2607, 183, 'Sharjah'),
(79, 185, 'Albany'),
(1877, 185, 'Albuquerque'),
(1897, 185, 'Anaheim'),
(1908, 185, 'Anchorage'),
(67, 185, 'Annapolis'),
(1890, 185, 'Arlington'),
(57, 185, 'Atlanta'),
(66, 185, 'Augusta'),
(1896, 185, 'Aurora'),
(90, 185, 'Austin'),
(1894, 185, 'Bakersfield'),
(1875, 185, 'Baltimore'),
(65, 185, 'Baton Rouge'),
(81, 185, 'Bismarck'),
(59, 185, 'Boise'),
(68, 185, 'Boston'),
(1921, 185, 'Buffalo'),
(75, 185, 'Carson City'),
(1920, 185, 'Chandler'),
(95, 185, 'Charleston'),
(1865, 185, 'Charlotte'),
(1930, 185, 'Chesapeake'),
(97, 185, 'Cheyenne'),
(1856, 185, 'Chicago'),
(1915, 185, 'Chula Vista'),
(1905, 185, 'Cincinnati'),
(1895, 185, 'Cleveland'),
(1882, 185, 'Colorado Springs'),
(87, 185, 'Columbia'),
(82, 185, 'Columbus'),
(76, 185, 'Concord'),
(1900, 185, 'Corpus Christi'),
(1861, 185, 'Dallas'),
(53, 185, 'Denver'),
(62, 185, 'Des Moines'),
(1870, 185, 'Detroit'),
(55, 185, 'Dover'),
(1913, 185, 'Durham'),
(1869, 185, 'El Paso'),
(1939, 185, 'Fontana'),
(1916, 185, 'Fort Wayne'),
(1864, 185, 'Fort Worth'),
(64, 185, 'Frankfort'),
(1931, 185, 'Fremont'),
(1879, 185, 'Fresno'),
(1932, 185, 'Garland'),
(1926, 185, 'Gilbert'),
(1925, 185, 'Glendale'),
(1907, 185, 'Greensboro'),
(85, 185, 'Harrisburg'),
(54, 185, 'Hartford'),
(73, 185, 'Helena'),
(1903, 185, 'Henderson'),
(1934, 185, 'Hialeah'),
(58, 185, 'Honolulu'),
(1857, 185, 'Houston'),
(61, 185, 'Indianapolis'),
(1911, 185, 'Irvine'),
(1933, 185, 'Irving'),
(71, 185, 'Jackson'),
(1863, 185, 'Jacksonville'),
(72, 185, 'Jefferson City'),
(1917, 185, 'Jersey City'),
(49, 185, 'Juneau'),
(1881, 185, 'Kansas City'),
(69, 185, 'Lansing'),
(1919, 185, 'Laredo'),
(1872, 185, 'Las Vegas'),
(1901, 185, 'Lexington'),
(74, 185, 'Lincoln'),
(51, 185, 'Little Rock'),
(1885, 185, 'Long Beach'),
(1855, 185, 'Los Angeles'),
(1874, 185, 'Louisville'),
(1922, 185, 'Lubbock'),
(96, 185, 'Madison'),
(1873, 185, 'Memphis'),
(1880, 185, 'Mesa'),
(1884, 185, 'Miami'),
(1876, 185, 'Milwaukee'),
(1888, 185, 'Minneapolis'),
(1938, 185, 'Modesto'),
(48, 185, 'Montgomery'),
(92, 185, 'Montpelier'),
(1940, 185, 'Moreno Valley'),
(89, 185, 'Nashville'),
(1892, 185, 'New Orleans'),
(1854, 185, 'New York City'),
(1912, 185, 'Newark'),
(1929, 185, 'Norfolk'),
(1928, 185, 'North Las Vegas'),
(1887, 185, 'Oakland'),
(83, 185, 'Oklahoma City'),
(94, 185, 'Olympia'),
(1883, 185, 'Omaha'),
(1910, 185, 'Orlando'),
(1858, 185, 'Philadelphia'),
(50, 185, 'Phoenix'),
(88, 185, 'Pierre'),
(1906, 185, 'Pittsburgh'),
(1909, 185, 'Plano'),
(1871, 185, 'Portland'),
(86, 185, 'Providence'),
(80, 185, 'Raleigh'),
(1924, 185, 'Reno'),
(93, 185, 'Richmond'),
(1899, 185, 'Riverside'),
(52, 185, 'Sacramento'),
(70, 185, 'Saint Paul'),
(84, 185, 'Salem'),
(91, 185, 'Salt Lake City'),
(1859, 185, 'San Antonio'),
(1937, 185, 'San Bernardino'),
(1860, 185, 'San Diego'),
(1866, 185, 'San Francisco'),
(1862, 185, 'San Jose'),
(1898, 185, 'Santa Ana'),
(1941, 185, 'Santa Clarita'),
(78, 185, 'Santa Fe'),
(1923, 185, 'Scottsdale'),
(1867, 185, 'Seattle'),
(1935, 185, 'Spokane'),
(60, 185, 'Springfield'),
(1904, 185, 'St. Louis'),
(1918, 185, 'St. Petersburg'),
(1902, 185, 'Stockton'),
(1936, 185, 'Tacoma'),
(56, 185, 'Tallahassee'),
(1891, 185, 'Tampa'),
(1914, 185, 'Toledo'),
(63, 185, 'Topeka'),
(77, 185, 'Trenton'),
(1878, 185, 'Tucson'),
(1889, 185, 'Tulsa'),
(1886, 185, 'Virginia Beach'),
(1868, 185, 'Washington'),
(1893, 185, 'Wichita'),
(1927, 185, 'Winston-Salem'),
(2134, 186, 'Montevideo'),
(2136, 186, 'Paysandú'),
(2135, 186, 'Salto'),
(2612, 187, 'Andijan'),
(2613, 187, 'Bukhara'),
(2611, 187, 'Namangan'),
(2610, 187, 'Samarkand'),
(2609, 187, 'Tashkent'),
(2406, 188, 'Port Vila'),
(2118, 190, 'Acarigua'),
(2103, 190, 'Barcelona'),
(2101, 190, 'Barquisimeto'),
(2107, 190, 'Cabimas'),
(2098, 190, 'Caracas'),
(2112, 190, 'Carupano'),
(2102, 190, 'Ciudad Guayana'),
(2115, 190, 'Coro'),
(2106, 190, 'Cumana'),
(2110, 190, 'El Tigre'),
(2125, 190, 'El Tigrito'),
(2122, 190, 'El Vigia'),
(2114, 190, 'Guanare'),
(2123, 190, 'Guarenas'),
(2111, 190, 'Guatire'),
(2120, 190, 'La Victoria'),
(2121, 190, 'Los Guayos'),
(2113, 190, 'Los Teques'),
(2099, 190, 'Maracaibo'),
(2105, 190, 'Maracay'),
(2104, 190, 'Maturin'),
(2109, 190, 'Merida'),
(2124, 190, 'Ocumare del Tuy'),
(2116, 190, 'Puerto Cabello'),
(2119, 190, 'Punto Fijo'),
(2108, 190, 'San Cristobal'),
(2126, 190, 'Upata'),
(2100, 190, 'Valencia'),
(2117, 190, 'Valera'),
(2618, 191, 'Can Tho'),
(2616, 191, 'Da Nang'),
(2617, 191, 'Hai Phong'),
(2615, 191, 'Hanoi'),
(2614, 191, 'Ho Chi Minh City'),
(2620, 192, 'Aden'),
(2622, 192, 'Al Hudaydah'),
(2619, 192, 'Sana\'a'),
(2621, 192, 'Taiz'),
(2380, 193, 'Lusaka'),
(2382, 194, 'Bulawayo'),
(2381, 194, 'Harare'),
(2595, 196, 'Hsinchu'),
(2592, 196, 'Kaohsiung'),
(2593, 196, 'Taichung'),
(2594, 196, 'Tainan'),
(2591, 196, 'Taipei');

-- --------------------------------------------------------

--
-- Struktura tabeli dla tabeli `cities_zipcodes`
--

CREATE TABLE `cities_zipcodes` (
  `ID` int(11) NOT NULL,
  `CITY_ID` int(11) NOT NULL,
  `ZIPCODE_ID` int(11) NOT NULL
) ENGINE=InnoDB DEFAULT CHARSET=utf8mb4 COLLATE=utf8mb4_general_ci;

--
-- Dumping data for table `cities_zipcodes`
--

INSERT INTO `cities_zipcodes` (`ID`, `CITY_ID`, `ZIPCODE_ID`) VALUES
(1024, 2407, 1),
(1025, 2407, 2),
(1026, 2408, 3),
(1027, 2408, 4),
(1028, 2409, 5),
(1029, 2409, 6),
(1030, 2410, 7),
(1031, 2410, 8),
(1032, 98, 9),
(1033, 98, 10),
(1034, 99, 11),
(1035, 99, 12),
(1036, 2285, 13),
(1037, 2285, 14),
(1038, 2286, 15),
(1039, 2286, 16),
(1040, 2287, 17),
(1041, 2287, 18),
(1042, 101, 19),
(1043, 101, 20),
(1044, 102, 21),
(1045, 102, 22),
(1046, 2288, 23),
(1047, 2289, 24),
(1048, 2260, 25),
(1049, 2170, 26),
(1050, 2150, 27),
(1051, 2137, 28),
(1052, 2162, 29),
(1053, 2138, 30),
(1054, 2152, 31),
(1055, 2165, 32),
(1056, 2157, 33),
(1057, 2156, 34),
(1058, 2167, 35),
(1059, 2141, 36),
(1060, 2173, 37),
(1061, 2171, 38),
(1062, 2143, 39),
(1063, 2140, 40),
(1064, 2153, 41),
(1065, 2148, 42),
(1066, 2172, 43),
(1067, 2147, 44),
(1068, 2154, 45),
(1069, 2161, 46),
(1070, 2139, 47),
(1071, 2144, 48),
(1072, 2155, 49),
(1073, 2146, 50),
(1074, 2159, 51),
(1075, 2149, 52),
(1076, 2158, 53),
(1077, 2169, 54),
(1078, 2145, 55),
(1079, 2151, 56),
(1080, 2163, 57),
(1081, 2164, 58),
(1082, 2142, 59),
(1083, 2168, 60),
(1084, 1, 61),
(1085, 1, 62),
(1086, 1, 63),
(1087, 1, 64),
(1088, 1, 65),
(1089, 1, 66),
(1090, 1, 67),
(1091, 1, 68),
(1092, 1, 69),
(1093, 1, 70),
(1094, 1, 71),
(1095, 1, 72),
(1096, 1, 73),
(1097, 1, 74),
(1098, 1, 75),
(1099, 1, 76),
(1100, 1, 77),
(1101, 1, 78),
(1102, 1, 79),
(1103, 1, 80),
(1104, 1, 81),
(1105, 1, 82),
(1106, 1, 83),
(1107, 1, 84),
(1108, 1, 85),
(1109, 1, 86),
(1110, 1, 87),
(1111, 1, 88),
(1112, 1, 89),
(1113, 1, 90),
(1114, 2, 91),
(1115, 2, 92),
(1116, 2, 93),
(1117, 2, 94),
(1118, 2, 95),
(1119, 2, 96),
(1120, 2, 97),
(1121, 2, 98),
(1122, 2, 99),
(1123, 2, 100),
(1124, 2, 101),
(1125, 2, 102),
(1126, 2, 103),
(1127, 2, 104),
(1128, 2, 105),
(1129, 2, 106),
(1130, 2, 107),
(1131, 2, 108),
(1132, 2, 109),
(1133, 2, 110),
(1134, 2, 111),
(1135, 2, 112),
(1136, 2, 113),
(1137, 2, 114),
(1138, 3, 115),
(1139, 3, 116),
(1140, 3, 117),
(1141, 3, 118),
(1142, 3, 119),
(1143, 3, 120),
(1144, 3, 121),
(1145, 3, 122),
(1146, 3, 123),
(1147, 3, 124),
(1148, 3, 125),
(1149, 3, 126),
(1150, 3, 127),
(1151, 3, 128),
(1152, 3, 129),
(1153, 3, 130),
(1154, 3, 131),
(1155, 3, 132),
(1156, 3, 133),
(1157, 3, 134),
(1158, 3, 135),
(1159, 4, 136),
(1160, 4, 137),
(1161, 4, 138),
(1162, 4, 139),
(1163, 4, 140),
(1164, 4, 141),
(1165, 4, 142),
(1166, 4, 143),
(1167, 4, 144),
(1168, 4, 145),
(1169, 4, 146),
(1170, 4, 147),
(1171, 4, 148),
(1172, 4, 149),
(1173, 4, 150),
(1174, 4, 151),
(1175, 4, 152),
(1176, 4, 153),
(1177, 4, 154),
(1178, 4, 155),
(1179, 5, 156),
(1180, 5, 157),
(1181, 5, 158),
(1182, 5, 159),
(1183, 5, 160),
(1184, 5, 161),
(1185, 5, 162),
(1186, 5, 163),
(1187, 5, 164),
(1188, 5, 165),
(1189, 5, 166),
(1190, 5, 167),
(1191, 5, 168),
(1192, 5, 169),
(1193, 5, 170),
(1194, 5, 171),
(1195, 5, 172),
(1196, 5, 173),
(1197, 6, 174),
(1198, 6, 175),
(1199, 6, 176),
(1200, 6, 177),
(1201, 6, 178),
(1202, 6, 179),
(1203, 6, 180),
(1204, 6, 181),
(1205, 6, 182),
(1206, 6, 183),
(1207, 6, 184),
(1208, 6, 185),
(1209, 6, 186),
(1210, 6, 187),
(1211, 6, 188),
(1212, 6, 189),
(1213, 6, 190),
(1214, 6, 191),
(1215, 7, 192),
(1216, 7, 193),
(1217, 7, 194),
(1218, 7, 195),
(1219, 7, 196),
(1220, 7, 197),
(1221, 7, 198),
(1222, 7, 199),
(1223, 7, 200),
(1224, 7, 201),
(1225, 7, 202),
(1226, 7, 203),
(1227, 7, 204),
(1228, 7, 205),
(1229, 7, 206),
(1230, 7, 207),
(1231, 7, 208),
(1232, 8, 209),
(1233, 8, 210),
(1234, 8, 211),
(1235, 8, 212),
(1236, 8, 213),
(1237, 8, 214),
(1238, 8, 215),
(1239, 8, 216),
(1240, 8, 217),
(1241, 8, 218),
(1242, 8, 219),
(1243, 8, 220),
(1244, 8, 221),
(1245, 8, 222),
(1246, 8, 223),
(1247, 8, 224),
(1248, 8, 225),
(1249, 9, 226),
(1250, 9, 227),
(1251, 9, 228),
(1252, 9, 229),
(1253, 9, 230),
(1254, 9, 231),
(1255, 9, 232),
(1256, 9, 233),
(1257, 9, 234),
(1258, 9, 235),
(1259, 9, 236),
(1260, 9, 237),
(1261, 9, 238),
(1262, 9, 239),
(1263, 9, 240),
(1264, 9, 241),
(1265, 9, 242),
(1266, 10, 243),
(1267, 10, 244),
(1268, 10, 245),
(1269, 10, 246),
(1270, 10, 247),
(1271, 10, 248),
(1272, 10, 249),
(1273, 10, 250),
(1274, 10, 251),
(1275, 10, 252),
(1276, 10, 253),
(1277, 10, 254),
(1278, 10, 255),
(1279, 10, 256),
(1280, 10, 257),
(1281, 11, 258),
(1282, 11, 259),
(1283, 11, 260),
(1284, 11, 261),
(1285, 11, 262),
(1286, 11, 263),
(1287, 11, 264),
(1288, 11, 265),
(1289, 11, 266),
(1290, 11, 267),
(1291, 11, 268),
(1292, 12, 269),
(1293, 12, 270),
(1294, 12, 271),
(1295, 12, 272),
(1296, 12, 273),
(1297, 12, 274),
(1298, 12, 275),
(1299, 12, 276),
(1300, 12, 277),
(1301, 12, 278),
(1302, 12, 279),
(1303, 13, 280),
(1304, 13, 281),
(1305, 13, 282),
(1306, 13, 283),
(1307, 13, 284),
(1308, 13, 285),
(1309, 13, 286),
(1310, 13, 287),
(1311, 13, 288),
(1312, 14, 289),
(1313, 14, 290),
(1314, 14, 291),
(1315, 14, 292),
(1316, 14, 293),
(1317, 14, 294),
(1318, 14, 295),
(1319, 14, 296),
(1320, 14, 297),
(1321, 14, 298),
(1322, 15, 299),
(1323, 15, 300),
(1324, 15, 301),
(1325, 15, 302),
(1326, 15, 303),
(1327, 15, 304),
(1328, 15, 305),
(1329, 15, 306),
(1330, 15, 307),
(1331, 16, 308),
(1332, 16, 309),
(1333, 16, 310),
(1334, 16, 311),
(1335, 16, 312),
(1336, 16, 313),
(1337, 16, 314),
(1338, 16, 315),
(1339, 16, 316),
(1340, 17, 317),
(1341, 17, 318),
(1342, 17, 319),
(1343, 17, 320),
(1344, 17, 321),
(1345, 17, 322),
(1346, 17, 323),
(1347, 17, 324),
(1348, 17, 325),
(1349, 17, 326),
(1350, 18, 327),
(1351, 18, 328),
(1352, 18, 329),
(1353, 18, 330),
(1354, 18, 331),
(1355, 18, 332),
(1356, 18, 333),
(1357, 18, 334),
(1358, 18, 335),
(1359, 19, 336),
(1360, 19, 337),
(1361, 19, 338),
(1362, 19, 339),
(1363, 19, 340),
(1364, 20, 341),
(1365, 20, 342),
(1366, 20, 343),
(1367, 20, 344),
(1368, 20, 345),
(1369, 21, 346),
(1370, 21, 347),
(1371, 21, 348),
(1372, 21, 349),
(1373, 21, 350),
(1374, 22, 351),
(1375, 22, 352),
(1376, 22, 353),
(1377, 22, 354),
(1378, 22, 355),
(1379, 23, 356),
(1380, 23, 357),
(1381, 23, 358),
(1382, 23, 359),
(1383, 24, 360),
(1384, 24, 361),
(1385, 24, 362),
(1386, 24, 363),
(1387, 25, 364),
(1388, 25, 365),
(1389, 25, 366),
(1390, 26, 367),
(1391, 26, 368),
(1392, 26, 369),
(1393, 27, 370),
(1394, 27, 371),
(1395, 27, 372),
(1396, 28, 373),
(1397, 28, 374),
(1398, 28, 375),
(1399, 29, 376),
(1400, 29, 377),
(1401, 29, 378),
(1402, 30, 379),
(1403, 30, 380),
(1404, 30, 381),
(1405, 31, 382),
(1406, 31, 383),
(1407, 31, 384),
(1408, 32, 385),
(1409, 32, 386),
(1410, 32, 387),
(1411, 33, 388),
(1412, 33, 389),
(1413, 33, 390),
(1414, 34, 391),
(1415, 34, 392),
(1416, 34, 393),
(1417, 35, 394),
(1418, 35, 395),
(1419, 35, 396),
(1420, 36, 397),
(1421, 36, 398),
(1422, 36, 399),
(1423, 37, 400),
(1424, 37, 401),
(1425, 37, 402),
(1426, 38, 403),
(1427, 38, 404),
(1428, 38, 405),
(1429, 39, 406),
(1430, 39, 407),
(1431, 39, 408),
(1432, 40, 409),
(1433, 40, 410),
(1434, 40, 411),
(1435, 41, 412),
(1436, 41, 413),
(1437, 41, 414),
(1438, 42, 415),
(1439, 42, 416),
(1440, 42, 417),
(1441, 43, 418),
(1442, 43, 419),
(1443, 43, 420),
(1444, 44, 421),
(1445, 44, 422),
(1446, 44, 423),
(1447, 45, 424),
(1448, 45, 425),
(1449, 45, 426),
(1450, 46, 427),
(1451, 46, 428),
(1452, 46, 429),
(1453, 47, 430),
(1454, 47, 431),
(1455, 47, 432),
(1456, 48, 433),
(1457, 48, 434),
(1458, 48, 435),
(1459, 49, 436),
(1460, 49, 437),
(1461, 49, 438),
(1462, 50, 439),
(1463, 50, 440),
(1464, 50, 441),
(1465, 51, 442),
(1466, 51, 443),
(1467, 51, 444),
(1468, 51, 445),
(1469, 51, 446),
(1470, 51, 447),
(1471, 51, 448),
(1472, 51, 449),
(1473, 51, 450),
(1474, 51, 451),
(1475, 52, 452),
(1476, 52, 453),
(1477, 52, 454),
(1478, 52, 455),
(1479, 52, 456),
(1480, 52, 457),
(1481, 52, 458),
(1482, 52, 459),
(1483, 52, 460),
(1484, 52, 461),
(1485, 53, 462),
(1486, 53, 463),
(1487, 53, 464),
(1488, 53, 465),
(1489, 53, 466),
(1490, 53, 467),
(1491, 53, 468),
(1492, 53, 469),
(1493, 53, 470),
(1494, 53, 471),
(1495, 54, 472),
(1496, 54, 473),
(1497, 54, 474),
(1498, 54, 475),
(1499, 54, 476),
(1500, 54, 477),
(1501, 54, 478),
(1502, 54, 479),
(1503, 54, 480),
(1504, 54, 481),
(1505, 55, 482),
(1506, 55, 483),
(1507, 55, 484),
(1508, 55, 485),
(1509, 55, 486),
(1510, 55, 487),
(1511, 55, 488),
(1512, 55, 489),
(1513, 55, 490),
(1514, 55, 491),
(1515, 56, 492),
(1516, 56, 493),
(1517, 56, 494),
(1518, 56, 495),
(1519, 56, 496),
(1520, 56, 497),
(1521, 56, 498),
(1522, 56, 499),
(1523, 56, 500),
(1524, 56, 501),
(1525, 57, 502),
(1526, 57, 503),
(1527, 57, 504),
(1528, 57, 505),
(1529, 57, 506),
(1530, 57, 507),
(1531, 57, 508),
(1532, 57, 509),
(1533, 57, 510),
(1534, 57, 511),
(1535, 58, 512),
(1536, 58, 513),
(1537, 58, 514),
(1538, 58, 515),
(1539, 58, 516),
(1540, 58, 517),
(1541, 58, 518),
(1542, 58, 519),
(1543, 58, 520),
(1544, 58, 521),
(1545, 59, 522),
(1546, 59, 523),
(1547, 59, 524),
(1548, 59, 525),
(1549, 59, 526),
(1550, 59, 527),
(1551, 59, 528),
(1552, 59, 529),
(1553, 59, 530),
(1554, 59, 531),
(1555, 60, 532),
(1556, 60, 533),
(1557, 60, 534),
(1558, 60, 535),
(1559, 60, 536),
(1560, 60, 537),
(1561, 60, 538),
(1562, 60, 539),
(1563, 60, 540),
(1564, 60, 541),
(1565, 61, 542),
(1566, 61, 543),
(1567, 61, 544),
(1568, 61, 545),
(1569, 61, 546),
(1570, 61, 547),
(1571, 61, 548),
(1572, 61, 549),
(1573, 61, 550),
(1574, 61, 551),
(1575, 62, 552),
(1576, 62, 553),
(1577, 62, 554),
(1578, 62, 555),
(1579, 62, 556),
(1580, 62, 557),
(1581, 62, 558),
(1582, 62, 559),
(1583, 62, 560),
(1584, 62, 561),
(1585, 63, 562),
(1586, 63, 563),
(1587, 63, 564),
(1588, 63, 565),
(1589, 63, 566),
(1590, 63, 567),
(1591, 63, 568),
(1592, 63, 569),
(1593, 63, 570),
(1594, 63, 571),
(1595, 64, 572),
(1596, 64, 573),
(1597, 64, 574),
(1598, 64, 575),
(1599, 64, 576),
(1600, 64, 577),
(1601, 64, 578),
(1602, 64, 579),
(1603, 64, 580),
(1604, 64, 581),
(1605, 65, 582),
(1606, 65, 583),
(1607, 65, 584),
(1608, 65, 585),
(1609, 65, 586),
(1610, 65, 587),
(1611, 65, 588),
(1612, 65, 589),
(1613, 65, 590),
(1614, 65, 591),
(1615, 66, 592),
(1616, 66, 593),
(1617, 66, 594),
(1618, 66, 595),
(1619, 66, 596),
(1620, 66, 597),
(1621, 66, 598),
(1622, 66, 599),
(1623, 66, 600),
(1624, 66, 601),
(1625, 67, 602),
(1626, 67, 603),
(1627, 67, 604),
(1628, 67, 605),
(1629, 67, 606),
(1630, 67, 607),
(1631, 67, 608),
(1632, 67, 609),
(1633, 67, 610),
(1634, 67, 611),
(1635, 68, 612),
(1636, 68, 613),
(1637, 68, 614),
(1638, 68, 615),
(1639, 68, 616),
(1640, 68, 617),
(1641, 68, 618),
(1642, 68, 619),
(1643, 68, 620),
(1644, 68, 621),
(1645, 69, 622),
(1646, 69, 623),
(1647, 69, 624),
(1648, 69, 625),
(1649, 69, 626),
(1650, 69, 627),
(1651, 69, 628),
(1652, 69, 629),
(1653, 69, 630),
(1654, 69, 631),
(1655, 70, 632),
(1656, 70, 633),
(1657, 70, 634),
(1658, 70, 635),
(1659, 70, 636),
(1660, 70, 637),
(1661, 70, 638),
(1662, 70, 639),
(1663, 70, 640),
(1664, 70, 641),
(1665, 71, 642),
(1666, 71, 643),
(1667, 71, 644),
(1668, 71, 645),
(1669, 71, 646),
(1670, 71, 647),
(1671, 71, 648),
(1672, 71, 649),
(1673, 71, 650),
(1674, 71, 651),
(1675, 72, 652),
(1676, 72, 653),
(1677, 72, 654),
(1678, 72, 655),
(1679, 72, 656),
(1680, 72, 657),
(1681, 72, 658),
(1682, 72, 659),
(1683, 72, 660),
(1684, 72, 661),
(1685, 73, 662),
(1686, 73, 663),
(1687, 73, 664),
(1688, 73, 665),
(1689, 73, 666),
(1690, 73, 667),
(1691, 73, 668),
(1692, 73, 669),
(1693, 73, 670),
(1694, 73, 671),
(1695, 74, 672),
(1696, 74, 673),
(1697, 74, 674),
(1698, 74, 675),
(1699, 74, 676),
(1700, 74, 677),
(1701, 74, 678),
(1702, 74, 679),
(1703, 74, 680),
(1704, 74, 681),
(1705, 75, 682),
(1706, 75, 683),
(1707, 75, 684),
(1708, 75, 685),
(1709, 75, 686),
(1710, 75, 687),
(1711, 75, 688),
(1712, 75, 689),
(1713, 75, 690),
(1714, 75, 691),
(1715, 76, 692),
(1716, 76, 693),
(1717, 76, 694),
(1718, 76, 695),
(1719, 76, 696),
(1720, 76, 697),
(1721, 76, 698),
(1722, 76, 699),
(1723, 76, 700),
(1724, 76, 701),
(1725, 77, 702),
(1726, 77, 703),
(1727, 77, 704),
(1728, 77, 705),
(1729, 77, 706),
(1730, 77, 707),
(1731, 77, 708),
(1732, 77, 709),
(1733, 77, 710),
(1734, 77, 711),
(1735, 78, 712),
(1736, 78, 713),
(1737, 78, 714),
(1738, 78, 715),
(1739, 78, 716),
(1740, 78, 717),
(1741, 78, 718),
(1742, 78, 719),
(1743, 78, 720),
(1744, 78, 721),
(1745, 79, 722),
(1746, 79, 723),
(1747, 79, 724),
(1748, 79, 725),
(1749, 79, 726),
(1750, 79, 727),
(1751, 79, 728),
(1752, 79, 729),
(1753, 79, 730),
(1754, 79, 731),
(1755, 80, 732),
(1756, 80, 733),
(1757, 80, 734),
(1758, 80, 735),
(1759, 80, 736),
(1760, 80, 737),
(1761, 80, 738),
(1762, 80, 739),
(1763, 80, 740),
(1764, 80, 741),
(1765, 81, 742),
(1766, 81, 743),
(1767, 81, 744),
(1768, 81, 745),
(1769, 81, 746),
(1770, 81, 747),
(1771, 81, 748),
(1772, 81, 749),
(1773, 81, 750),
(1774, 81, 751),
(1775, 82, 752),
(1776, 82, 753),
(1777, 82, 754),
(1778, 82, 755),
(1779, 82, 756),
(1780, 82, 757),
(1781, 82, 758),
(1782, 82, 759),
(1783, 82, 760),
(1784, 82, 761),
(1785, 83, 762),
(1786, 83, 763),
(1787, 83, 764),
(1788, 83, 765),
(1789, 83, 766),
(1790, 83, 767),
(1791, 83, 768),
(1792, 83, 769),
(1793, 83, 770),
(1794, 83, 771),
(1795, 84, 772),
(1796, 84, 773),
(1797, 84, 774),
(1798, 84, 775),
(1799, 84, 776),
(1800, 84, 777),
(1801, 84, 778),
(1802, 84, 779),
(1803, 84, 780),
(1804, 84, 781),
(1805, 85, 782),
(1806, 85, 783),
(1807, 85, 784),
(1808, 85, 785),
(1809, 85, 786),
(1810, 85, 787),
(1811, 85, 788),
(1812, 85, 789),
(1813, 85, 790),
(1814, 85, 791),
(1815, 86, 792),
(1816, 86, 793),
(1817, 86, 794),
(1818, 86, 795),
(1819, 86, 796),
(1820, 86, 797),
(1821, 86, 798),
(1822, 86, 799),
(1823, 86, 800),
(1824, 86, 801),
(1825, 87, 802),
(1826, 87, 803),
(1827, 87, 804),
(1828, 87, 805),
(1829, 87, 806),
(1830, 87, 807),
(1831, 87, 808),
(1832, 87, 809),
(1833, 87, 810),
(1834, 87, 811),
(1835, 88, 812),
(1836, 88, 813),
(1837, 88, 814),
(1838, 88, 815),
(1839, 88, 816),
(1840, 88, 817),
(1841, 88, 818),
(1842, 88, 819),
(1843, 88, 820),
(1844, 88, 821),
(1845, 89, 822),
(1846, 89, 823),
(1847, 89, 824),
(1848, 89, 825),
(1849, 89, 826),
(1850, 89, 827),
(1851, 89, 828),
(1852, 89, 829),
(1853, 89, 830),
(1854, 89, 831),
(1855, 90, 832),
(1856, 90, 833),
(1857, 90, 834),
(1858, 90, 835),
(1859, 90, 836),
(1860, 90, 837),
(1861, 90, 838),
(1862, 90, 839),
(1863, 90, 840),
(1864, 90, 841),
(1865, 91, 842),
(1866, 91, 843),
(1867, 91, 844),
(1868, 91, 845),
(1869, 91, 846),
(1870, 91, 847),
(1871, 91, 848),
(1872, 91, 849),
(1873, 91, 850),
(1874, 91, 851),
(1875, 92, 852),
(1876, 92, 853),
(1877, 92, 854),
(1878, 92, 855),
(1879, 92, 856),
(1880, 92, 857),
(1881, 92, 858),
(1882, 92, 859),
(1883, 92, 860),
(1884, 92, 861),
(1885, 93, 862),
(1886, 93, 863),
(1887, 93, 864),
(1888, 93, 865),
(1889, 93, 866),
(1890, 93, 867),
(1891, 93, 868),
(1892, 93, 869),
(1893, 93, 870),
(1894, 93, 871),
(1895, 94, 872),
(1896, 94, 873),
(1897, 94, 874),
(1898, 94, 875),
(1899, 94, 876),
(1900, 94, 877),
(1901, 94, 878),
(1902, 94, 879),
(1903, 94, 880),
(1904, 94, 881),
(1905, 95, 882),
(1906, 95, 883),
(1907, 95, 884),
(1908, 95, 885),
(1909, 95, 886),
(1910, 95, 887),
(1911, 95, 888),
(1912, 95, 889),
(1913, 95, 890),
(1914, 95, 891),
(1915, 96, 892),
(1916, 96, 893),
(1917, 96, 894),
(1918, 96, 895),
(1919, 96, 896),
(1920, 96, 897),
(1921, 96, 898),
(1922, 96, 899),
(1923, 96, 900),
(1924, 96, 901),
(1925, 97, 902),
(1926, 97, 903),
(1927, 97, 904),
(1928, 97, 905),
(1929, 97, 906),
(1930, 97, 907),
(1931, 97, 908),
(1932, 97, 909),
(1933, 97, 910),
(1934, 97, 911),
(1935, 98, 912),
(1936, 98, 913),
(1937, 98, 914),
(1938, 98, 915),
(1939, 98, 916),
(1940, 98, 917),
(1941, 98, 918),
(1942, 98, 919),
(1943, 98, 920),
(1944, 98, 921),
(1945, 99, 922),
(1946, 99, 923),
(1947, 99, 924),
(1948, 99, 925),
(1949, 99, 926),
(1950, 99, 927),
(1951, 99, 928),
(1952, 99, 929),
(1953, 99, 930),
(1954, 99, 931),
(1955, 100, 932),
(1956, 100, 933),
(1957, 100, 934),
(1958, 100, 935),
(1959, 100, 936),
(1960, 100, 937),
(1961, 100, 938),
(1962, 100, 939),
(1963, 100, 940),
(1964, 100, 941),
(1965, 101, 942),
(1966, 101, 943),
(1967, 101, 944),
(1968, 101, 945),
(1969, 101, 946),
(1970, 101, 947),
(1971, 101, 948),
(1972, 101, 949),
(1973, 101, 950),
(1974, 101, 951),
(1975, 102, 952),
(1976, 102, 953),
(1977, 102, 954),
(1978, 102, 955),
(1979, 102, 956),
(1980, 102, 957),
(1981, 102, 958),
(1982, 102, 959),
(1983, 102, 960),
(1984, 102, 961),
(1985, 103, 921),
(1986, 103, 962),
(1987, 103, 963),
(1988, 103, 964),
(1989, 103, 965),
(1990, 103, 966),
(1991, 103, 967),
(1992, 103, 968),
(1993, 103, 969),
(1994, 103, 970),
(1995, 104, 971),
(1996, 104, 972),
(1997, 104, 973),
(1998, 104, 974),
(1999, 104, 975),
(2000, 104, 976),
(2001, 104, 977),
(2002, 104, 978),
(2003, 104, 979),
(2004, 104, 980),
(2005, 105, 981),
(2006, 105, 982),
(2007, 105, 983),
(2008, 105, 984),
(2009, 105, 985),
(2010, 105, 986),
(2011, 105, 987),
(2012, 105, 988),
(2013, 105, 989),
(2014, 105, 990),
(2015, 106, 991),
(2016, 106, 992),
(2017, 106, 993),
(2018, 106, 994),
(2019, 106, 995),
(2020, 106, 996),
(2021, 106, 997),
(2022, 106, 998),
(2023, 106, 999),
(2024, 106, 1000),
(2025, 107, 1001),
(2026, 107, 1002),
(2027, 107, 1003),
(2028, 107, 1004),
(2029, 107, 1005),
(2030, 107, 1006),
(2031, 107, 1007),
(2032, 107, 1008),
(2033, 107, 1009),
(2034, 107, 1010),
(2035, 108, 1011),
(2036, 108, 1012),
(2037, 108, 1013),
(2038, 108, 1014),
(2039, 108, 1015),
(2040, 108, 1016),
(2041, 108, 1017),
(2042, 108, 1018),
(2043, 108, 1019),
(2044, 108, 1020),
(2045, 109, 1021),
(2046, 109, 1022),
(2047, 109, 1023),
(2048, 109, 1024),
(2049, 109, 1025),
(2050, 109, 1026),
(2051, 109, 1027),
(2052, 109, 1028),
(2053, 109, 1029),
(2054, 109, 1030),
(2055, 110, 1031),
(2056, 110, 1032),
(2057, 110, 1033),
(2058, 110, 1034),
(2059, 110, 1035),
(2060, 110, 1036),
(2061, 110, 1037),
(2062, 110, 1038),
(2063, 110, 1039),
(2064, 110, 1040),
(2065, 111, 1041),
(2066, 111, 1042),
(2067, 111, 1043),
(2068, 111, 1044),
(2069, 111, 1045),
(2070, 111, 1046),
(2071, 111, 1047),
(2072, 111, 1048),
(2073, 111, 1049),
(2074, 111, 1050),
(2075, 112, 1051),
(2076, 112, 912),
(2077, 112, 913),
(2078, 112, 914),
(2079, 112, 915),
(2080, 112, 916),
(2081, 112, 917),
(2082, 112, 918),
(2083, 112, 919),
(2084, 112, 920),
(2085, 113, 1052),
(2086, 113, 922),
(2087, 113, 923),
(2088, 113, 924),
(2089, 113, 925),
(2090, 113, 926),
(2091, 113, 927),
(2092, 113, 928),
(2093, 113, 929),
(2094, 113, 930),
(2095, 114, 1053),
(2096, 114, 1054),
(2097, 114, 1055),
(2098, 114, 1056),
(2099, 114, 1057),
(2100, 114, 1058),
(2101, 114, 1059),
(2102, 114, 1060),
(2103, 114, 1061),
(2104, 114, 1062),
(2105, 115, 1063),
(2106, 115, 1064),
(2107, 115, 1065),
(2108, 115, 1066),
(2109, 115, 1067),
(2110, 115, 1068),
(2111, 115, 1069),
(2112, 115, 1070),
(2113, 115, 1071),
(2114, 115, 1072),
(2115, 116, 1073),
(2116, 116, 1074),
(2117, 116, 1075),
(2118, 116, 1076),
(2119, 116, 1077),
(2120, 116, 1078),
(2121, 116, 1079),
(2122, 116, 1080),
(2123, 116, 1081),
(2124, 116, 1082),
(2125, 117, 1083),
(2126, 117, 1084),
(2127, 117, 1085),
(2128, 117, 1086),
(2129, 117, 1087),
(2130, 117, 1088),
(2131, 117, 1089),
(2132, 117, 1090),
(2133, 117, 1091),
(2134, 117, 1092),
(2135, 118, 1093),
(2136, 118, 1094),
(2137, 118, 1095),
(2138, 118, 1096),
(2139, 118, 1097),
(2140, 118, 1098),
(2141, 118, 1099),
(2142, 118, 1100),
(2143, 118, 1101),
(2144, 118, 1102),
(2145, 119, 1103),
(2146, 119, 1104),
(2147, 119, 1105),
(2148, 119, 1106),
(2149, 119, 1107),
(2150, 119, 1108),
(2151, 119, 1109),
(2152, 119, 1110),
(2153, 119, 1111),
(2154, 119, 1112),
(2155, 120, 1113),
(2156, 120, 1114),
(2157, 120, 1115),
(2158, 120, 1116),
(2159, 120, 1117),
(2160, 120, 1118),
(2161, 120, 1119),
(2162, 120, 1120),
(2163, 120, 1121),
(2164, 120, 1122),
(2165, 121, 1123),
(2166, 121, 1124),
(2167, 121, 1125),
(2168, 121, 1126),
(2169, 121, 1127),
(2170, 121, 1128),
(2171, 121, 1129),
(2172, 121, 1130),
(2173, 121, 1131),
(2174, 121, 1132),
(2175, 122, 1133),
(2176, 122, 1134),
(2177, 122, 1135),
(2178, 122, 1136),
(2179, 122, 1137),
(2180, 122, 1138),
(2181, 122, 1139),
(2182, 122, 1140),
(2183, 122, 1141),
(2184, 122, 1142),
(2185, 123, 1143),
(2186, 123, 1144),
(2187, 123, 1145),
(2188, 123, 1146),
(2189, 123, 1147),
(2190, 123, 1148),
(2191, 123, 1149),
(2192, 123, 1150),
(2193, 123, 1151),
(2194, 123, 1152),
(2195, 124, 1153),
(2196, 124, 1154),
(2197, 124, 1155),
(2198, 124, 1156),
(2199, 124, 1157),
(2200, 124, 1158),
(2201, 124, 1159),
(2202, 124, 1160),
(2203, 124, 1161),
(2204, 124, 1162),
(2205, 125, 1163),
(2206, 125, 1164),
(2207, 125, 1165),
(2208, 125, 1166),
(2209, 125, 1167),
(2210, 125, 1168),
(2211, 125, 1169),
(2212, 125, 1170),
(2213, 125, 1171),
(2214, 125, 1172),
(2215, 126, 1173),
(2216, 126, 1174),
(2217, 126, 1175),
(2218, 126, 1176),
(2219, 126, 1177),
(2220, 126, 1178),
(2221, 126, 1179),
(2222, 126, 1180),
(2223, 126, 1181),
(2224, 126, 1182),
(2225, 127, 1183),
(2226, 127, 1184),
(2227, 127, 1185),
(2228, 127, 1186),
(2229, 127, 1187),
(2230, 127, 1188),
(2231, 127, 1189),
(2232, 127, 1190),
(2233, 127, 1191),
(2234, 127, 1192),
(2235, 128, 1193),
(2236, 128, 1194),
(2237, 128, 1195),
(2238, 128, 1196),
(2239, 128, 1197),
(2240, 128, 1198),
(2241, 128, 1199),
(2242, 128, 1200),
(2243, 128, 1201),
(2244, 128, 1202),
(2245, 129, 1203),
(2246, 129, 1204),
(2247, 129, 1205),
(2248, 129, 1206),
(2249, 129, 1207),
(2250, 129, 1208),
(2251, 129, 1209),
(2252, 129, 1210),
(2253, 129, 1211),
(2254, 129, 1212),
(2255, 130, 1213),
(2256, 130, 1214),
(2257, 130, 1215),
(2258, 130, 1216),
(2259, 130, 1217),
(2260, 130, 1218),
(2261, 130, 1219),
(2262, 130, 1220),
(2263, 130, 1221),
(2264, 130, 1222),
(2265, 131, 1223),
(2266, 131, 1224),
(2267, 131, 1225),
(2268, 131, 1226),
(2269, 131, 1227),
(2270, 131, 1228),
(2271, 131, 1229),
(2272, 131, 1230),
(2273, 131, 1231),
(2274, 131, 1232),
(2275, 132, 1233),
(2276, 132, 1234),
(2277, 132, 1235),
(2278, 132, 1236),
(2279, 132, 1237),
(2280, 132, 1238),
(2281, 132, 1239),
(2282, 132, 1240),
(2283, 132, 1241),
(2284, 132, 1242),
(2285, 133, 1243),
(2286, 133, 1244),
(2287, 133, 1245),
(2288, 133, 1246),
(2289, 133, 1247),
(2290, 133, 1248),
(2291, 133, 1249),
(2292, 133, 1250),
(2293, 133, 1251),
(2294, 133, 1252),
(2295, 134, 1253),
(2296, 134, 1254),
(2297, 134, 1255),
(2298, 134, 1256),
(2299, 134, 1257),
(2300, 134, 1258),
(2301, 134, 1259),
(2302, 134, 1260),
(2303, 134, 1261),
(2304, 134, 1262),
(2305, 135, 1263),
(2306, 135, 1264),
(2307, 135, 1265),
(2308, 135, 1266),
(2309, 135, 1267),
(2310, 135, 1268),
(2311, 135, 1269),
(2312, 135, 1270),
(2313, 135, 1271),
(2314, 135, 1272),
(2315, 136, 1051),
(2316, 136, 912),
(2317, 136, 913),
(2318, 136, 914),
(2319, 136, 915),
(2320, 136, 916),
(2321, 136, 917),
(2322, 136, 918),
(2323, 136, 919),
(2324, 136, 920),
(2325, 137, 1073),
(2326, 137, 1074),
(2327, 137, 1075),
(2328, 137, 1076),
(2329, 137, 1077),
(2330, 137, 1078),
(2331, 137, 1079),
(2332, 137, 1080),
(2333, 137, 1081),
(2334, 137, 1082),
(2335, 138, 1053),
(2336, 138, 1054),
(2337, 138, 1055),
(2338, 138, 1056),
(2339, 138, 1057),
(2340, 138, 1058),
(2341, 138, 1059),
(2342, 138, 1060),
(2343, 138, 1061),
(2344, 138, 1062),
(2345, 139, 1083),
(2346, 139, 1084),
(2347, 139, 1085),
(2348, 139, 1086),
(2349, 139, 1087),
(2350, 139, 1088),
(2351, 139, 1089),
(2352, 139, 1090),
(2353, 139, 1091),
(2354, 139, 1092),
(2355, 140, 1113),
(2356, 140, 1114),
(2357, 140, 1115),
(2358, 140, 1116),
(2359, 140, 1117),
(2360, 140, 1118),
(2361, 140, 1119),
(2362, 140, 1120),
(2363, 140, 1121),
(2364, 140, 1122),
(2365, 141, 1063),
(2366, 141, 1064),
(2367, 141, 1065),
(2368, 141, 1066),
(2369, 141, 1067),
(2370, 141, 1068),
(2371, 141, 1069),
(2372, 141, 1070),
(2373, 141, 1071),
(2374, 141, 1072),
(2375, 142, 1273),
(2376, 142, 1274),
(2377, 142, 1275),
(2378, 142, 1276),
(2379, 142, 1277),
(2380, 142, 1278),
(2381, 142, 1279),
(2382, 142, 1280),
(2383, 142, 1281),
(2384, 142, 1282),
(2385, 143, 1283),
(2386, 143, 1),
(2387, 143, 2),
(2388, 143, 3),
(2389, 143, 4),
(2390, 143, 5),
(2391, 143, 6),
(2392, 143, 7),
(2393, 143, 8),
(2394, 143, 1284),
(2395, 144, 1285),
(2396, 144, 1286),
(2397, 144, 1287),
(2398, 144, 1288),
(2399, 144, 1289),
(2400, 144, 1290),
(2401, 144, 1291),
(2402, 144, 1292),
(2403, 144, 1293),
(2404, 144, 1294),
(2405, 145, 1295),
(2406, 145, 1296),
(2407, 145, 1297),
(2408, 145, 1298),
(2409, 145, 1299),
(2410, 145, 1300),
(2411, 145, 1301),
(2412, 145, 1302),
(2413, 145, 1303),
(2414, 145, 1304),
(2415, 146, 1305),
(2416, 146, 1306),
(2417, 146, 1307),
(2418, 146, 1308),
(2419, 146, 1309),
(2420, 146, 1310),
(2421, 146, 1311),
(2422, 146, 1312),
(2423, 146, 1313),
(2424, 146, 1314),
(2425, 147, 1315),
(2426, 147, 1316),
(2427, 147, 1317),
(2428, 147, 1318),
(2429, 147, 1319),
(2430, 147, 1320),
(2431, 147, 1321),
(2432, 147, 1322),
(2433, 147, 1323),
(2434, 147, 1324),
(2435, 148, 1325),
(2436, 148, 1326),
(2437, 148, 1327),
(2438, 148, 1328),
(2439, 148, 1329),
(2440, 148, 1330),
(2441, 148, 1331),
(2442, 148, 1332),
(2443, 148, 1333),
(2444, 148, 1334),
(2445, 149, 1335),
(2446, 149, 26),
(2447, 149, 27),
(2448, 149, 28),
(2449, 149, 29),
(2450, 149, 30),
(2451, 149, 31),
(2452, 149, 32),
(2453, 149, 33),
(2454, 149, 34),
(2455, 150, 1336),
(2456, 150, 1337),
(2457, 150, 1338),
(2458, 150, 1339),
(2459, 150, 1340),
(2460, 150, 1341),
(2461, 150, 1342),
(2462, 150, 1343),
(2463, 150, 1344),
(2464, 150, 1345),
(2465, 151, 1346),
(2466, 151, 1347),
(2467, 151, 1348),
(2468, 151, 1349),
(2469, 151, 1350),
(2470, 151, 1351),
(2471, 151, 1352),
(2472, 151, 1353),
(2473, 151, 1354),
(2474, 151, 1355),
(2475, 152, 1356),
(2476, 152, 1357),
(2477, 152, 1358),
(2478, 152, 1359),
(2479, 152, 1360),
(2480, 152, 1361),
(2481, 152, 1362),
(2482, 152, 1363),
(2483, 152, 1364),
(2484, 152, 1365),
(2485, 153, 19),
(2486, 153, 20),
(2487, 153, 21),
(2488, 153, 22),
(2489, 153, 1366),
(2490, 153, 1367),
(2491, 153, 1368),
(2492, 153, 1369),
(2493, 153, 1370),
(2494, 153, 1371),
(2495, 154, 1372),
(2496, 154, 1373),
(2497, 154, 1374),
(2498, 154, 1375),
(2499, 154, 1376),
(2500, 154, 1377),
(2501, 154, 1378),
(2502, 154, 1379),
(2503, 154, 1380),
(2504, 154, 1381),
(2505, 155, 23),
(2506, 155, 24),
(2507, 155, 1382),
(2508, 155, 1383),
(2509, 155, 1384),
(2510, 155, 1385),
(2511, 155, 1386),
(2512, 155, 1387),
(2513, 155, 1388),
(2514, 155, 1389),
(2515, 156, 1390),
(2516, 156, 1391),
(2517, 156, 1392),
(2518, 156, 1393),
(2519, 156, 1394),
(2520, 156, 1395),
(2521, 156, 1396),
(2522, 156, 1397),
(2523, 156, 1398),
(2524, 156, 1399),
(2525, 157, 1051),
(2526, 157, 912),
(2527, 157, 913),
(2528, 157, 914),
(2529, 157, 915),
(2530, 157, 916),
(2531, 157, 917),
(2532, 157, 918),
(2533, 157, 919),
(2534, 157, 920),
(2535, 158, 1083),
(2536, 158, 1084),
(2537, 158, 1085),
(2538, 158, 1086),
(2539, 158, 1087),
(2540, 158, 1088),
(2541, 158, 1089),
(2542, 158, 1090),
(2543, 158, 1091),
(2544, 158, 1092),
(2545, 159, 1093),
(2546, 159, 1094),
(2547, 159, 1095),
(2548, 159, 1096),
(2549, 159, 1097),
(2550, 159, 1098),
(2551, 159, 1099),
(2552, 159, 1100),
(2553, 159, 1101),
(2554, 159, 1102),
(2555, 160, 1053),
(2556, 160, 1054),
(2557, 160, 1055),
(2558, 160, 1056),
(2559, 160, 1057),
(2560, 160, 1058),
(2561, 160, 1059),
(2562, 160, 1060),
(2563, 160, 1061),
(2564, 160, 1062),
(2565, 161, 1400),
(2566, 161, 1401),
(2567, 161, 1402),
(2568, 161, 1403),
(2569, 161, 1404),
(2570, 161, 1405),
(2571, 161, 1406),
(2572, 161, 1407),
(2573, 161, 1408),
(2574, 161, 1409),
(2575, 162, 1410),
(2576, 162, 1411),
(2577, 162, 1412),
(2578, 162, 1413),
(2579, 162, 1414),
(2580, 162, 1415),
(2581, 162, 1416),
(2582, 162, 1417),
(2583, 162, 1418),
(2584, 162, 1419),
(2585, 163, 1420),
(2586, 163, 1421),
(2587, 163, 1422),
(2588, 163, 1423),
(2589, 163, 1424),
(2590, 163, 1425),
(2591, 163, 1426),
(2592, 163, 1427),
(2593, 163, 1428),
(2594, 163, 1429),
(2595, 164, 1296),
(2596, 164, 1297),
(2597, 164, 1298),
(2598, 164, 1299),
(2599, 164, 1300),
(2600, 164, 1301),
(2601, 164, 1302),
(2602, 164, 1303),
(2603, 164, 1304),
(2604, 164, 1430),
(2605, 165, 1431),
(2606, 165, 1432),
(2607, 165, 1433),
(2608, 165, 1434),
(2609, 165, 1435),
(2610, 165, 1436),
(2611, 165, 1437),
(2612, 165, 1438),
(2613, 165, 1439),
(2614, 165, 1440),
(2615, 166, 1441),
(2616, 166, 1442),
(2617, 166, 1443),
(2618, 166, 1444),
(2619, 166, 1445),
(2620, 166, 1446),
(2621, 166, 1447),
(2622, 166, 1448),
(2623, 166, 612),
(2624, 166, 613),
(2625, 167, 1449),
(2626, 167, 1450),
(2627, 167, 1451),
(2628, 167, 1452),
(2629, 167, 1453),
(2630, 167, 1454),
(2631, 167, 1455),
(2632, 167, 1456),
(2633, 167, 1457),
(2634, 167, 1458),
(2635, 168, 1459),
(2636, 168, 1460),
(2637, 168, 1461),
(2638, 168, 1462),
(2639, 168, 1463),
(2640, 168, 1464),
(2641, 168, 1465),
(2642, 168, 1466),
(2643, 168, 1467),
(2644, 168, 1468),
(2645, 169, 1469),
(2646, 169, 1470),
(2647, 169, 1471),
(2648, 169, 1472),
(2649, 169, 1473),
(2650, 169, 1474),
(2651, 169, 1475),
(2652, 169, 1476),
(2653, 169, 1477),
(2654, 169, 1478),
(2655, 170, 1254),
(2656, 170, 1255),
(2657, 170, 1256),
(2658, 170, 1257),
(2659, 170, 1258),
(2660, 170, 1259),
(2661, 170, 1260),
(2662, 170, 1261),
(2663, 170, 1262),
(2664, 170, 1479),
(2665, 171, 1480),
(2666, 171, 1481),
(2667, 171, 1482),
(2668, 171, 1483),
(2669, 171, 1484),
(2670, 171, 1485),
(2671, 171, 1486),
(2672, 171, 1487),
(2673, 171, 1488),
(2674, 171, 1489),
(2675, 172, 1490),
(2676, 172, 1491),
(2677, 172, 1492),
(2678, 172, 1493),
(2679, 172, 1494),
(2680, 172, 1495),
(2681, 172, 1496),
(2682, 172, 1497),
(2683, 172, 1498),
(2684, 172, 1499),
(2685, 173, 1305),
(2686, 173, 1306),
(2687, 173, 1307),
(2688, 173, 1308),
(2689, 173, 1309),
(2690, 173, 1310),
(2691, 173, 1311),
(2692, 173, 1312),
(2693, 173, 1313),
(2694, 173, 1314),
(2695, 174, 1500),
(2696, 174, 1501),
(2697, 174, 1502),
(2698, 174, 1503),
(2699, 174, 1504),
(2700, 174, 1505),
(2701, 174, 1506),
(2702, 174, 1507),
(2703, 174, 1508),
(2704, 174, 1509),
(2705, 175, 1510),
(2706, 175, 1511),
(2707, 175, 1512),
(2708, 175, 1513),
(2709, 175, 1514),
(2710, 175, 1515),
(2711, 175, 1516),
(2712, 175, 1517),
(2713, 175, 1518),
(2714, 175, 1519),
(2715, 176, 1520),
(2716, 176, 1521),
(2717, 176, 1522),
(2718, 176, 1523),
(2719, 176, 1524),
(2720, 176, 1525),
(2721, 176, 1526),
(2722, 176, 1527),
(2723, 176, 1528),
(2724, 176, 1529),
(2725, 177, 1530),
(2726, 177, 1531),
(2727, 177, 1532),
(2728, 177, 1533),
(2729, 177, 1534),
(2730, 177, 1535),
(2731, 177, 1536),
(2732, 177, 1537),
(2733, 177, 1538),
(2734, 177, 1539),
(2735, 178, 1540),
(2736, 178, 1541),
(2737, 178, 1542),
(2738, 178, 1543),
(2739, 178, 1544),
(2740, 178, 1545),
(2741, 178, 1546),
(2742, 178, 1547),
(2743, 178, 1548),
(2744, 178, 1549),
(2745, 179, 1550),
(2746, 179, 1551),
(2747, 179, 1552),
(2748, 179, 1553),
(2749, 179, 1554),
(2750, 179, 1555),
(2751, 179, 1556),
(2752, 179, 1557),
(2753, 179, 1558),
(2754, 179, 1559),
(2755, 180, 1560),
(2756, 180, 1561),
(2757, 180, 1562),
(2758, 180, 1563),
(2759, 180, 1564),
(2760, 180, 1565),
(2761, 180, 1566),
(2762, 180, 1567),
(2763, 180, 1568),
(2764, 180, 1569),
(2765, 181, 1570),
(2766, 181, 1571),
(2767, 181, 1572),
(2768, 181, 1573),
(2769, 181, 1574),
(2770, 181, 1575),
(2771, 181, 1576),
(2772, 181, 1577),
(2773, 181, 1578),
(2774, 181, 1579),
(2775, 182, 1580),
(2776, 182, 1581),
(2777, 182, 1582),
(2778, 182, 1583),
(2779, 182, 1584),
(2780, 182, 1585),
(2781, 182, 1586),
(2782, 182, 1587),
(2783, 182, 1588),
(2784, 182, 1589),
(2785, 183, 1590),
(2786, 183, 1591),
(2787, 183, 1592),
(2788, 183, 1593),
(2789, 183, 1594),
(2790, 183, 1595),
(2791, 183, 1596),
(2792, 183, 1597),
(2793, 183, 1598),
(2794, 183, 1599),
(2795, 184, 1600),
(2796, 184, 1601),
(2797, 184, 1602),
(2798, 184, 1603),
(2799, 184, 1604),
(2800, 184, 1605),
(2801, 184, 1606),
(2802, 184, 1607),
(2803, 184, 1608),
(2804, 184, 1609),
(2805, 185, 1610),
(2806, 185, 1611),
(2807, 185, 1612),
(2808, 185, 1613),
(2809, 185, 1614),
(2810, 185, 1615),
(2811, 185, 1616),
(2812, 185, 1617),
(2813, 185, 1618),
(2814, 185, 1619),
(2815, 186, 1285),
(2816, 186, 1286),
(2817, 186, 1287),
(2818, 186, 1288),
(2819, 186, 1289),
(2820, 186, 1290),
(2821, 186, 1291),
(2822, 186, 1292),
(2823, 186, 1293),
(2824, 186, 1294),
(2825, 187, 1620),
(2826, 187, 1621),
(2827, 187, 1622),
(2828, 187, 1623),
(2829, 187, 1624),
(2830, 187, 1625),
(2831, 187, 1626),
(2832, 187, 1627),
(2833, 187, 1628),
(2834, 187, 1629),
(2835, 188, 1630),
(2836, 188, 13),
(2837, 188, 14),
(2838, 188, 15),
(2839, 188, 16),
(2840, 188, 17),
(2841, 188, 18),
(2842, 188, 1631),
(2843, 188, 1632),
(2844, 188, 1633),
(2845, 189, 1634),
(2846, 189, 1635),
(2847, 189, 1636),
(2848, 189, 1637),
(2849, 189, 1638),
(2850, 189, 1639),
(2851, 189, 1640),
(2852, 189, 1641),
(2853, 189, 1642),
(2854, 189, 1643),
(2855, 190, 1263),
(2856, 190, 1264),
(2857, 190, 1265),
(2858, 190, 1266),
(2859, 190, 1267),
(2860, 190, 1268),
(2861, 190, 1269),
(2862, 190, 1270),
(2863, 190, 1271),
(2864, 190, 1272),
(2865, 191, 1644),
(2866, 191, 1645),
(2867, 191, 1646),
(2868, 191, 1647),
(2869, 191, 1648),
(2870, 191, 1649),
(2871, 191, 1650),
(2872, 191, 1651),
(2873, 191, 1652),
(2874, 191, 1653),
(2875, 192, 1654),
(2876, 192, 802),
(2877, 192, 803),
(2878, 192, 804),
(2879, 192, 805),
(2880, 192, 806),
(2881, 192, 807),
(2882, 192, 808),
(2883, 192, 809),
(2884, 192, 810),
(2885, 193, 1655),
(2886, 193, 1656),
(2887, 193, 1657),
(2888, 193, 1658),
(2889, 193, 1659),
(2890, 193, 1660),
(2891, 193, 1661),
(2892, 193, 1662),
(2893, 193, 1663),
(2894, 193, 1664),
(2895, 194, 1665),
(2896, 194, 1372),
(2897, 194, 1373),
(2898, 194, 1374),
(2899, 194, 1375),
(2900, 194, 1376),
(2901, 194, 1377),
(2902, 194, 1378),
(2903, 194, 1379),
(2904, 194, 1380),
(2905, 195, 1666),
(2906, 195, 1667),
(2907, 195, 1668),
(2908, 195, 1669),
(2909, 195, 1670),
(2910, 195, 1671),
(2911, 195, 1672),
(2912, 195, 1673),
(2913, 195, 1674),
(2914, 195, 1675),
(2915, 196, 1676),
(2916, 196, 1677),
(2917, 196, 1678),
(2918, 196, 1679),
(2919, 196, 1680),
(2920, 196, 1681),
(2921, 196, 1682),
(2922, 196, 1683),
(2923, 196, 1684),
(2924, 196, 1685),
(2925, 197, 1686),
(2926, 197, 1687),
(2927, 197, 1688),
(2928, 197, 1689),
(2929, 197, 1690),
(2930, 197, 1691),
(2931, 197, 1692),
(2932, 197, 1693),
(2933, 197, 1694),
(2934, 197, 1695),
(2935, 198, 1696),
(2936, 198, 1697),
(2937, 198, 1698),
(2938, 198, 1699),
(2939, 198, 1700),
(2940, 198, 1701),
(2941, 198, 1702),
(2942, 198, 1703),
(2943, 198, 1704),
(2944, 198, 1705),
(2945, 199, 1706),
(2946, 199, 1707),
(2947, 199, 1708),
(2948, 199, 1709),
(2949, 199, 1710),
(2950, 199, 1711),
(2951, 199, 1712),
(2952, 199, 1713),
(2953, 199, 1714),
(2954, 199, 1715),
(2955, 200, 1716),
(2956, 200, 1717),
(2957, 200, 1718),
(2958, 200, 1719),
(2959, 200, 1720),
(2960, 200, 1721),
(2961, 200, 1722),
(2962, 200, 1723),
(2963, 200, 1724),
(2964, 200, 1725),
(2965, 201, 1726),
(2966, 201, 1727),
(2967, 201, 1728),
(2968, 201, 1729),
(2969, 201, 1730),
(2970, 201, 1731),
(2971, 201, 1732),
(2972, 201, 1733),
(2973, 201, 1734),
(2974, 201, 1735),
(2975, 202, 1736),
(2976, 202, 1737),
(2977, 202, 1738),
(2978, 202, 1739),
(2979, 202, 1740),
(2980, 202, 1741),
(2981, 202, 1742),
(2982, 202, 1743),
(2983, 202, 1744),
(2984, 202, 1745),
(2985, 203, 1424),
(2986, 203, 1426),
(2987, 203, 1428),
(2988, 203, 1746),
(2989, 203, 1747),
(2990, 203, 1748),
(2991, 203, 1749),
(2992, 203, 1750),
(2993, 203, 1751),
(2994, 203, 1752),
(2995, 204, 1753),
(2996, 204, 1754),
(2997, 204, 1755),
(2998, 204, 1756),
(2999, 204, 1757),
(3000, 204, 1758),
(3001, 204, 1759),
(3002, 204, 1760),
(3003, 204, 1761),
(3004, 204, 1762),
(3005, 205, 1763),
(3006, 205, 1764),
(3007, 205, 1765),
(3008, 205, 1766),
(3009, 205, 1767),
(3010, 205, 1768),
(3011, 205, 1769),
(3012, 205, 1770),
(3013, 205, 1771),
(3014, 205, 1772),
(3015, 206, 1773),
(3016, 206, 1774),
(3017, 206, 1775),
(3018, 206, 1776),
(3019, 206, 1777),
(3020, 206, 1778),
(3021, 206, 1779),
(3022, 206, 1780),
(3023, 206, 1781),
(3024, 206, 1782),
(3025, 207, 1783),
(3026, 207, 1784),
(3027, 207, 1785),
(3028, 207, 1786),
(3029, 207, 1787),
(3030, 207, 1788),
(3031, 207, 1789),
(3032, 207, 1790),
(3033, 207, 1791),
(3034, 207, 1792),
(3035, 208, 1793),
(3036, 208, 1794),
(3037, 208, 1795),
(3038, 208, 1796),
(3039, 208, 1797),
(3040, 208, 1798),
(3041, 208, 1799),
(3042, 208, 1800),
(3043, 208, 1801),
(3044, 208, 1802),
(3045, 209, 1803),
(3046, 209, 1804),
(3047, 209, 1805),
(3048, 209, 1806),
(3049, 209, 1807),
(3050, 209, 1808),
(3051, 209, 1809),
(3052, 209, 1810),
(3053, 209, 1811),
(3054, 209, 1812),
(3055, 210, 1813),
(3056, 210, 1814),
(3057, 210, 1815),
(3058, 210, 1816),
(3059, 210, 1817),
(3060, 210, 1818),
(3061, 210, 1819),
(3062, 210, 1820),
(3063, 210, 1821),
(3064, 210, 1822),
(3065, 211, 1823),
(3066, 211, 1824),
(3067, 211, 1825),
(3068, 211, 1826),
(3069, 211, 1827),
(3070, 211, 1828),
(3071, 211, 1829),
(3072, 211, 1830),
(3073, 211, 1831),
(3074, 211, 1832),
(3075, 212, 1833),
(3076, 212, 1834),
(3077, 212, 1835),
(3078, 212, 1836),
(3079, 212, 1837),
(3080, 212, 1838),
(3081, 212, 1839),
(3082, 212, 1840),
(3083, 212, 1841),
(3084, 213, 1842),
(3085, 213, 1843),
(3086, 213, 1844),
(3087, 213, 1845),
(3088, 213, 1846),
(3089, 213, 1847),
(3090, 213, 1848),
(3091, 213, 1849),
(3092, 213, 1850),
(3093, 213, 1851),
(3094, 214, 1852),
(3095, 214, 1853),
(3096, 214, 1854),
(3097, 214, 1855),
(3098, 214, 1856),
(3099, 214, 1857),
(3100, 214, 1858),
(3101, 214, 1859),
(3102, 214, 1860),
(3103, 214, 1861),
(3104, 215, 1862),
(3105, 215, 1863),
(3106, 215, 1864),
(3107, 215, 1865),
(3108, 215, 1866),
(3109, 215, 1867),
(3110, 215, 1868),
(3111, 215, 1869),
(3112, 215, 1870),
(3113, 215, 1871),
(3114, 216, 1872),
(3115, 216, 1873),
(3116, 216, 1874),
(3117, 216, 1875),
(3118, 216, 1876),
(3119, 216, 1877),
(3120, 216, 1878),
(3121, 216, 1879),
(3122, 216, 1880),
(3123, 216, 1881),
(3124, 217, 1882),
(3125, 217, 1883),
(3126, 217, 1884),
(3127, 217, 1885),
(3128, 217, 1886),
(3129, 217, 1887),
(3130, 217, 1888),
(3131, 217, 1889),
(3132, 217, 1890),
(3133, 217, 1891),
(3134, 218, 1892),
(3135, 218, 1893),
(3136, 218, 1894),
(3137, 218, 1895),
(3138, 218, 1896),
(3139, 218, 1897),
(3140, 218, 1898),
(3141, 218, 1899),
(3142, 218, 1900),
(3143, 218, 1901),
(3144, 219, 1902),
(3145, 219, 1903),
(3146, 219, 1904),
(3147, 219, 1905),
(3148, 219, 1906),
(3149, 219, 1907),
(3150, 219, 1908),
(3151, 219, 1909),
(3152, 219, 1910),
(3153, 219, 1911),
(3154, 220, 1912),
(3155, 220, 1913),
(3156, 220, 1914),
(3157, 220, 1915),
(3158, 220, 1916),
(3159, 220, 1917),
(3160, 220, 1918),
(3161, 220, 1919),
(3162, 220, 1920),
(3163, 220, 1921),
(3164, 221, 1922),
(3165, 221, 1923),
(3166, 221, 1924),
(3167, 221, 1925),
(3168, 221, 1926),
(3169, 221, 1927),
(3170, 221, 1928),
(3171, 221, 1929),
(3172, 221, 1930),
(3173, 221, 1931),
(3174, 222, 1932),
(3175, 222, 1933),
(3176, 222, 1934),
(3177, 222, 1935),
(3178, 222, 1936),
(3179, 222, 1937),
(3180, 222, 1938),
(3181, 222, 1939),
(3182, 222, 1940),
(3183, 222, 1941),
(3184, 223, 1942),
(3185, 223, 1943),
(3186, 223, 1944),
(3187, 223, 1945),
(3188, 223, 1946),
(3189, 223, 1947),
(3190, 223, 1948),
(3191, 223, 1949),
(3192, 223, 1950),
(3193, 223, 1951),
(3194, 224, 1952),
(3195, 224, 1953),
(3196, 224, 1954),
(3197, 224, 1955),
(3198, 224, 1956),
(3199, 224, 1957),
(3200, 224, 1958),
(3201, 224, 1959),
(3202, 224, 1960),
(3203, 224, 1961),
(3204, 225, 1962),
(3205, 225, 1963),
(3206, 225, 1964),
(3207, 225, 1965),
(3208, 225, 1966),
(3209, 225, 1967),
(3210, 225, 1968),
(3211, 225, 1969),
(3212, 225, 1970),
(3213, 225, 1971),
(3214, 226, 1972),
(3215, 226, 1973),
(3216, 226, 1974),
(3217, 226, 1975),
(3218, 226, 1976),
(3219, 226, 1977),
(3220, 226, 1978),
(3221, 226, 1979),
(3222, 226, 1980),
(3223, 226, 1981),
(3224, 227, 1982),
(3225, 227, 1983),
(3226, 227, 1984),
(3227, 227, 1985),
(3228, 227, 1986),
(3229, 227, 1987),
(3230, 227, 1988),
(3231, 227, 1989),
(3232, 227, 1990),
(3233, 227, 1991),
(3234, 228, 1992),
(3235, 228, 1993),
(3236, 228, 1994),
(3237, 228, 1995),
(3238, 228, 1996),
(3239, 228, 1997),
(3240, 228, 1998),
(3241, 228, 1999),
(3242, 228, 2000),
(3243, 228, 2001),
(3244, 229, 2002),
(3245, 229, 2003),
(3246, 229, 2004),
(3247, 229, 2005),
(3248, 229, 2006),
(3249, 229, 2007),
(3250, 229, 2008),
(3251, 229, 2009),
(3252, 229, 2010),
(3253, 229, 2011),
(3254, 230, 2012),
(3255, 230, 2013),
(3256, 230, 2014),
(3257, 230, 2015),
(3258, 230, 2016),
(3259, 230, 2017),
(3260, 230, 2018),
(3261, 230, 2019),
(3262, 230, 2020),
(3263, 230, 2021),
(3264, 231, 2022),
(3265, 231, 2023),
(3266, 231, 2024),
(3267, 231, 2025),
(3268, 231, 2026),
(3269, 231, 2027),
(3270, 231, 2028),
(3271, 231, 2029),
(3272, 231, 2030),
(3273, 231, 2031),
(3274, 232, 2032),
(3275, 232, 2033),
(3276, 232, 2034),
(3277, 232, 2035),
(3278, 232, 2036),
(3279, 232, 2037),
(3280, 232, 2038),
(3281, 232, 2039),
(3282, 232, 2040),
(3283, 232, 2041),
(3284, 233, 2042),
(3285, 233, 2043),
(3286, 233, 2044),
(3287, 233, 2045),
(3288, 233, 2046),
(3289, 233, 2047),
(3290, 233, 2048),
(3291, 233, 2049),
(3292, 233, 2050),
(3293, 233, 2051),
(3294, 234, 2052),
(3295, 234, 2053),
(3296, 234, 2054),
(3297, 234, 2055),
(3298, 234, 2056),
(3299, 234, 2057),
(3300, 234, 2058),
(3301, 234, 2059),
(3302, 234, 2060),
(3303, 234, 2061),
(3304, 235, 479),
(3305, 235, 481),
(3306, 235, 2062),
(3307, 235, 2063),
(3308, 235, 2064),
(3309, 235, 2065),
(3310, 235, 2066),
(3311, 235, 2067),
(3312, 235, 2068),
(3313, 235, 2069),
(3314, 236, 2070),
(3315, 236, 2071),
(3316, 236, 2072),
(3317, 236, 2073),
(3318, 236, 2074),
(3319, 236, 2075),
(3320, 236, 2076),
(3321, 236, 2077),
(3322, 236, 2078),
(3323, 236, 2079),
(3324, 237, 2080),
(3325, 237, 2081),
(3326, 237, 2082),
(3327, 237, 2083),
(3328, 237, 2084),
(3329, 237, 2085),
(3330, 237, 2086),
(3331, 237, 2087),
(3332, 237, 2088),
(3333, 237, 2089),
(3334, 238, 2090),
(3335, 238, 2091),
(3336, 238, 2092),
(3337, 238, 2093),
(3338, 238, 2094),
(3339, 238, 2095),
(3340, 238, 2096),
(3341, 238, 2097),
(3342, 238, 2098),
(3343, 238, 2099),
(3344, 239, 2100),
(3345, 239, 2101),
(3346, 239, 2102),
(3347, 239, 2103),
(3348, 239, 2104),
(3349, 239, 2105),
(3350, 239, 2106),
(3351, 239, 2107),
(3352, 239, 2108),
(3353, 239, 2109),
(3354, 240, 2110),
(3355, 240, 2111),
(3356, 240, 2112),
(3357, 240, 2113),
(3358, 240, 2114),
(3359, 240, 2115),
(3360, 240, 2116),
(3361, 240, 2117),
(3362, 240, 2118),
(3363, 240, 2119),
(3364, 241, 2120),
(3365, 241, 2121),
(3366, 241, 2122),
(3367, 241, 2123),
(3368, 241, 2124),
(3369, 241, 2125),
(3370, 241, 2126),
(3371, 241, 2127),
(3372, 241, 2128),
(3373, 241, 2129),
(3374, 242, 2130),
(3375, 242, 2131),
(3376, 242, 2132),
(3377, 242, 2133),
(3378, 242, 2134),
(3379, 242, 2135),
(3380, 242, 2136),
(3381, 242, 2137),
(3382, 242, 2138),
(3383, 242, 2139),
(3384, 243, 2140),
(3385, 243, 2141),
(3386, 243, 2142),
(3387, 243, 2143),
(3388, 243, 2144),
(3389, 243, 2145),
(3390, 243, 2146),
(3391, 243, 2147),
(3392, 243, 2148),
(3393, 243, 2149),
(3394, 244, 2150),
(3395, 244, 2151),
(3396, 244, 2152),
(3397, 244, 2153),
(3398, 244, 2154),
(3399, 244, 2155),
(3400, 244, 2156),
(3401, 244, 2157),
(3402, 244, 2158),
(3403, 244, 2159),
(3404, 245, 2160),
(3405, 245, 2161),
(3406, 245, 2162),
(3407, 245, 2163),
(3408, 245, 2164),
(3409, 245, 2165),
(3410, 245, 2166),
(3411, 245, 2167),
(3412, 245, 2168),
(3413, 245, 2169),
(3414, 246, 2170),
(3415, 246, 2171),
(3416, 246, 2172),
(3417, 246, 2173),
(3418, 246, 2174),
(3419, 246, 2175),
(3420, 246, 2176),
(3421, 246, 2177),
(3422, 246, 2178),
(3423, 246, 2179),
(3424, 247, 2180),
(3425, 247, 762),
(3426, 247, 763),
(3427, 247, 764),
(3428, 247, 765),
(3429, 247, 766),
(3430, 247, 767),
(3431, 247, 768),
(3432, 247, 769),
(3433, 247, 770),
(3434, 248, 1336),
(3435, 248, 1337),
(3436, 248, 1338),
(3437, 248, 1339),
(3438, 248, 1340),
(3439, 248, 1341),
(3440, 248, 1342),
(3441, 248, 1343),
(3442, 248, 1344),
(3443, 248, 1345),
(3444, 249, 2181),
(3445, 249, 2182),
(3446, 249, 2183),
(3447, 249, 2184),
(3448, 249, 2185),
(3449, 249, 2186),
(3450, 249, 2187),
(3451, 249, 2188),
(3452, 249, 2189),
(3453, 249, 966),
(3454, 250, 2190),
(3455, 250, 2191),
(3456, 250, 2192),
(3457, 250, 2193),
(3458, 250, 2194),
(3459, 250, 982),
(3460, 250, 2195),
(3461, 250, 2196),
(3462, 250, 2197),
(3463, 250, 2198),
(3464, 251, 2199),
(3465, 251, 2200),
(3466, 251, 2201),
(3467, 251, 2202),
(3468, 251, 2203),
(3469, 251, 2204),
(3470, 251, 2205),
(3471, 251, 2206),
(3472, 251, 2207),
(3473, 251, 2208),
(3474, 252, 2209),
(3475, 252, 2210),
(3476, 252, 2211),
(3477, 252, 2212),
(3478, 252, 2213),
(3479, 252, 2214),
(3480, 252, 2215),
(3481, 252, 2216),
(3482, 252, 2217),
(3483, 252, 2218),
(3484, 253, 2219),
(3485, 253, 2220),
(3486, 253, 2221),
(3487, 253, 2222),
(3488, 253, 2223),
(3489, 253, 2224),
(3490, 253, 2225),
(3491, 253, 2226),
(3492, 253, 2227),
(3493, 253, 2228),
(3494, 254, 2229),
(3495, 254, 2230),
(3496, 254, 2231),
(3497, 254, 2232),
(3498, 254, 2233),
(3499, 254, 2234),
(3500, 254, 2235),
(3501, 254, 2236),
(3502, 254, 2237),
(3503, 254, 1012),
(3504, 255, 2238),
(3505, 255, 2239),
(3506, 255, 2240),
(3507, 255, 2241),
(3508, 255, 2242),
(3509, 255, 2243),
(3510, 255, 2244),
(3511, 255, 2245),
(3512, 255, 2246),
(3513, 255, 2247),
(3514, 256, 1063),
(3515, 256, 1064),
(3516, 256, 1065),
(3517, 256, 1066),
(3518, 256, 1067),
(3519, 256, 1068),
(3520, 256, 1069),
(3521, 256, 1070),
(3522, 256, 1071),
(3523, 256, 1072),
(3524, 257, 1083),
(3525, 257, 1084),
(3526, 257, 1085),
(3527, 257, 1086),
(3528, 257, 1087),
(3529, 257, 1088),
(3530, 257, 1089),
(3531, 257, 1090),
(3532, 257, 1091),
(3533, 257, 1092),
(3534, 258, 2248),
(3535, 258, 2249),
(3536, 258, 2250),
(3537, 258, 2251),
(3538, 258, 2252),
(3539, 258, 2253),
(3540, 258, 2254),
(3541, 258, 2255),
(3542, 258, 2256),
(3543, 258, 2257),
(3544, 259, 2258),
(3545, 259, 2259),
(3546, 259, 2260),
(3547, 259, 2261),
(3548, 259, 2262),
(3549, 259, 2263),
(3550, 259, 2264),
(3551, 259, 2265),
(3552, 259, 2266),
(3553, 259, 2267),
(3554, 260, 2268),
(3555, 260, 2269),
(3556, 260, 2270),
(3557, 260, 2271),
(3558, 260, 2272),
(3559, 260, 2273),
(3560, 260, 2274),
(3561, 260, 2275),
(3562, 260, 2276),
(3563, 260, 2277),
(3564, 261, 2278),
(3565, 261, 2279),
(3566, 261, 2280),
(3567, 261, 2281),
(3568, 261, 2282),
(3569, 261, 2283),
(3570, 261, 2284),
(3571, 261, 2285),
(3572, 261, 2286),
(3573, 261, 2287),
(3574, 262, 2288),
(3575, 262, 2289),
(3576, 262, 2290),
(3577, 262, 2291),
(3578, 262, 2292),
(3579, 262, 2293),
(3580, 262, 2294),
(3581, 262, 2295),
(3582, 262, 2296),
(3583, 262, 2297),
(3584, 263, 2268),
(3585, 263, 2269),
(3586, 263, 2270),
(3587, 263, 2271),
(3588, 263, 2272),
(3589, 263, 2273),
(3590, 263, 2274),
(3591, 263, 2275),
(3592, 263, 2276),
(3593, 263, 2277),
(3594, 264, 2268),
(3595, 264, 2269),
(3596, 264, 2270),
(3597, 264, 2271),
(3598, 264, 2272),
(3599, 264, 2273),
(3600, 264, 2274),
(3601, 264, 2275),
(3602, 264, 2276),
(3603, 264, 2277),
(3604, 265, 1431),
(3605, 265, 1432),
(3606, 265, 1433),
(3607, 265, 1434),
(3608, 265, 1435),
(3609, 265, 1436),
(3610, 265, 1437),
(3611, 265, 1438),
(3612, 265, 1439),
(3613, 265, 1440),
(3614, 266, 2298),
(3615, 266, 2299),
(3616, 266, 2300),
(3617, 266, 2301),
(3618, 266, 2302),
(3619, 266, 2303),
(3620, 266, 2304),
(3621, 266, 2305),
(3622, 266, 2306),
(3623, 266, 2307),
(3624, 267, 2308),
(3625, 267, 2309),
(3626, 267, 2310),
(3627, 267, 2311),
(3628, 267, 2312),
(3629, 267, 2313),
(3630, 267, 2314),
(3631, 267, 2315),
(3632, 267, 2316),
(3633, 267, 2317),
(3634, 268, 2318),
(3635, 268, 2319),
(3636, 268, 2320),
(3637, 268, 2321),
(3638, 268, 2322),
(3639, 268, 2323),
(3640, 268, 2324),
(3641, 268, 2325),
(3642, 268, 2326),
(3643, 268, 2327),
(3644, 269, 1469),
(3645, 269, 1470),
(3646, 269, 1471),
(3647, 269, 1472),
(3648, 269, 1473),
(3649, 269, 1474),
(3650, 269, 1475),
(3651, 269, 1476),
(3652, 269, 1477),
(3653, 269, 1478),
(3654, 270, 2328),
(3655, 270, 2329),
(3656, 270, 2330),
(3657, 270, 2331),
(3658, 270, 2332),
(3659, 270, 2333),
(3660, 270, 2334),
(3661, 270, 2335),
(3662, 270, 2336),
(3663, 270, 2337),
(3664, 271, 2338),
(3665, 271, 2339),
(3666, 271, 2340),
(3667, 271, 2341),
(3668, 271, 2342),
(3669, 271, 2343),
(3670, 271, 2344),
(3671, 271, 2345),
(3672, 271, 2346),
(3673, 271, 2347),
(3674, 272, 2348),
(3675, 272, 2349),
(3676, 272, 2350),
(3677, 272, 2351),
(3678, 272, 2352),
(3679, 272, 2353),
(3680, 272, 2354),
(3681, 272, 2355),
(3682, 272, 2356),
(3683, 272, 2357),
(3684, 273, 2358),
(3685, 273, 2359),
(3686, 273, 2360),
(3687, 273, 2361),
(3688, 273, 2362),
(3689, 273, 2363),
(3690, 273, 2364),
(3691, 273, 2365),
(3692, 273, 2366),
(3693, 273, 2367),
(3694, 274, 2368),
(3695, 274, 2369),
(3696, 274, 2370),
(3697, 274, 2371),
(3698, 274, 2372),
(3699, 274, 2373),
(3700, 274, 2374),
(3701, 274, 2375),
(3702, 274, 2376),
(3703, 274, 2377),
(3704, 275, 1336),
(3705, 275, 1337),
(3706, 275, 1338),
(3707, 275, 1339),
(3708, 275, 1340),
(3709, 275, 1341),
(3710, 275, 1342),
(3711, 275, 1343),
(3712, 275, 1344),
(3713, 275, 1345),
(3714, 276, 2378),
(3715, 276, 2379),
(3716, 276, 2380),
(3717, 276, 2381),
(3718, 276, 2382),
(3719, 276, 2383),
(3720, 276, 2384),
(3721, 276, 2385),
(3722, 276, 2386),
(3723, 276, 2387),
(3724, 277, 2388),
(3725, 277, 2389),
(3726, 277, 2390),
(3727, 277, 2391),
(3728, 277, 2392),
(3729, 277, 2393),
(3730, 277, 2394),
(3731, 277, 2395),
(3732, 277, 2396),
(3733, 277, 2397),
(3734, 278, 2398),
(3735, 278, 2399),
(3736, 278, 2400),
(3737, 278, 2401),
(3738, 278, 2402),
(3739, 278, 2403),
(3740, 278, 2404),
(3741, 278, 2405),
(3742, 278, 2406),
(3743, 278, 2407),
(3744, 279, 2408),
(3745, 279, 2409),
(3746, 279, 2410),
(3747, 279, 2411),
(3748, 279, 2412),
(3749, 279, 2413),
(3750, 279, 2414),
(3751, 279, 2415),
(3752, 279, 2416),
(3753, 279, 2417),
(3754, 280, 2418),
(3755, 280, 2419),
(3756, 280, 2420),
(3757, 280, 2421),
(3758, 280, 2422),
(3759, 280, 2423),
(3760, 280, 2424),
(3761, 280, 2425),
(3762, 280, 2426),
(3763, 280, 2427),
(3764, 281, 2428),
(3765, 281, 2429),
(3766, 281, 2430),
(3767, 281, 2431),
(3768, 281, 2432),
(3769, 281, 2433),
(3770, 281, 2434),
(3771, 281, 2435),
(3772, 281, 2436),
(3773, 281, 2437),
(3774, 282, 2438),
(3775, 282, 2439),
(3776, 282, 2440),
(3777, 282, 2441),
(3778, 282, 2442),
(3779, 282, 2443),
(3780, 282, 2444),
(3781, 282, 2445),
(3782, 282, 2446),
(3783, 282, 2447),
(3784, 283, 2448),
(3785, 283, 2449),
(3786, 283, 2450),
(3787, 283, 2451),
(3788, 283, 2452),
(3789, 283, 2453),
(3790, 283, 2454),
(3791, 283, 2455),
(3792, 283, 2456),
(3793, 283, 2457),
(3794, 284, 2458),
(3795, 284, 2459),
(3796, 284, 2460),
(3797, 284, 2461),
(3798, 284, 2462),
(3799, 284, 2463),
(3800, 284, 2464),
(3801, 284, 2465),
(3802, 284, 2466),
(3803, 284, 2467),
(3804, 285, 2468),
(3805, 285, 842),
(3806, 285, 843),
(3807, 285, 844),
(3808, 285, 845),
(3809, 285, 846),
(3810, 285, 847),
(3811, 285, 848),
(3812, 285, 849),
(3813, 285, 850),
(3814, 286, 2469),
(3815, 286, 2470),
(3816, 286, 2471),
(3817, 286, 2472),
(3818, 286, 2473),
(3819, 286, 2474),
(3820, 286, 2475),
(3821, 286, 2476),
(3822, 286, 2477),
(3823, 286, 2478),
(3824, 287, 2479),
(3825, 287, 2480),
(3826, 287, 2481),
(3827, 287, 2482),
(3828, 287, 2483),
(3829, 287, 2484),
(3830, 287, 2485),
(3831, 287, 2486),
(3832, 287, 2487),
(3833, 287, 2488),
(3834, 288, 2489),
(3835, 288, 2490),
(3836, 288, 2491),
(3837, 288, 1902),
(3838, 288, 2492),
(3839, 288, 1903),
(3840, 288, 2493),
(3841, 288, 1904),
(3842, 288, 2494),
(3843, 288, 1905),
(3844, 289, 2495),
(3845, 289, 2496),
(3846, 289, 2497),
(3847, 289, 2498),
(3848, 289, 2499),
(3849, 289, 2500),
(3850, 289, 2501),
(3851, 289, 2502),
(3852, 289, 2503),
(3853, 289, 2504),
(3854, 290, 2505),
(3855, 290, 2506),
(3856, 290, 2507),
(3857, 290, 2508),
(3858, 290, 2509),
(3859, 290, 2510),
(3860, 290, 2511),
(3861, 290, 2512),
(3862, 290, 2513),
(3863, 290, 2514),
(3864, 291, 2515),
(3865, 291, 2516),
(3866, 291, 2517),
(3867, 291, 2518),
(3868, 291, 2519),
(3869, 291, 2520),
(3870, 291, 2521),
(3871, 291, 2522),
(3872, 291, 2523),
(3873, 291, 2524),
(3874, 292, 2525),
(3875, 292, 2526),
(3876, 292, 2527),
(3877, 292, 2528),
(3878, 292, 2529),
(3879, 292, 2530),
(3880, 292, 2531),
(3881, 292, 2532),
(3882, 292, 2533),
(3883, 292, 2534),
(3884, 293, 2535),
(3885, 293, 433),
(3886, 293, 434),
(3887, 293, 435),
(3888, 293, 2536),
(3889, 293, 2537),
(3890, 293, 2538),
(3891, 293, 2539),
(3892, 293, 2540),
(3893, 293, 2541),
(3894, 294, 2542),
(3895, 294, 2543),
(3896, 294, 2544),
(3897, 294, 2545),
(3898, 294, 2546),
(3899, 294, 2547),
(3900, 294, 2548),
(3901, 294, 2549),
(3902, 294, 2550),
(3903, 294, 2551),
(3904, 295, 2552),
(3905, 295, 2553),
(3906, 295, 2554),
(3907, 295, 2555),
(3908, 295, 2556),
(3909, 295, 2557),
(3910, 295, 2558),
(3911, 295, 2559),
(3912, 295, 2560),
(3913, 295, 2561),
(3914, 296, 2160),
(3915, 296, 2161),
(3916, 296, 2162),
(3917, 296, 2163),
(3918, 296, 2164),
(3919, 296, 2165),
(3920, 296, 2166),
(3921, 296, 2167),
(3922, 296, 2168),
(3923, 296, 2169),
(3924, 297, 2562),
(3925, 297, 2563),
(3926, 297, 2564),
(3927, 297, 2565),
(3928, 297, 2566),
(3929, 297, 2567),
(3930, 297, 2568),
(3931, 297, 2569),
(3932, 297, 2570),
(3933, 297, 2571),
(3934, 298, 912),
(3935, 298, 913),
(3936, 298, 914),
(3937, 298, 915),
(3938, 298, 916),
(3939, 298, 917),
(3940, 298, 918),
(3941, 298, 919),
(3942, 298, 920),
(3943, 298, 921),
(3944, 299, 1074),
(3945, 299, 1075),
(3946, 299, 1076),
(3947, 299, 1077),
(3948, 299, 1078),
(3949, 299, 1079),
(3950, 299, 1080),
(3951, 299, 1081),
(3952, 299, 1082),
(3953, 299, 2572),
(3954, 300, 2573),
(3955, 300, 2574),
(3956, 300, 2575),
(3957, 300, 2576),
(3958, 300, 2577),
(3959, 300, 2578),
(3960, 300, 2579),
(3961, 300, 2580),
(3962, 300, 2581),
(3963, 300, 2582),
(3964, 301, 2583),
(3965, 301, 2584),
(3966, 302, 2585),
(3967, 302, 2586),
(3968, 302, 2587),
(3969, 303, 2588),
(3970, 303, 2589),
(3971, 303, 2590),
(3972, 304, 2591),
(3973, 304, 2592),
(3974, 305, 2593),
(3975, 305, 2594),
(3976, 305, 2595),
(3977, 306, 2596),
(3978, 306, 2597),
(3979, 307, 2598),
(3980, 307, 2599),
(3981, 307, 2600),
(3982, 307, 2601),
(3983, 308, 2602),
(3984, 308, 2603),
(3985, 308, 2604),
(3986, 308, 2605),
(3987, 309, 2606),
(3988, 309, 2607),
(3989, 309, 2608),
(3990, 309, 2609),
(3991, 310, 2610),
(3992, 310, 2611),
(3993, 310, 2612),
(3994, 310, 2613),
(3995, 311, 2614),
(3996, 311, 2615),
(3997, 311, 2616),
(3998, 311, 2617),
(3999, 312, 2618),
(4000, 312, 2619),
(4001, 313, 2620),
(4002, 313, 2621),
(4003, 313, 2622),
(4004, 314, 2623),
(4005, 314, 2624),
(4006, 314, 2625),
(4007, 315, 2626),
(4008, 315, 2627),
(4009, 315, 2628),
(4010, 316, 2629),
(4011, 316, 2630),
(4012, 316, 2631),
(4013, 317, 2632),
(4014, 317, 2633),
(4015, 317, 2634),
(4016, 318, 2635),
(4017, 318, 2636),
(4018, 318, 2637),
(4019, 319, 2638),
(4020, 319, 2639),
(4021, 319, 2640),
(4022, 320, 2641),
(4023, 320, 2642),
(4024, 320, 2643),
(4025, 321, 2644),
(4026, 321, 2645),
(4027, 321, 2646),
(4028, 322, 2647),
(4029, 322, 2648),
(4030, 322, 2649),
(4031, 323, 1051),
(4032, 323, 912),
(4033, 323, 913),
(4034, 324, 1113),
(4035, 324, 1114),
(4036, 325, 2650),
(4037, 325, 2651),
(4038, 325, 2652),
(4039, 326, 1096),
(4040, 326, 1097),
(4041, 326, 1098),
(4042, 327, 1074),
(4043, 327, 1075),
(4044, 327, 1076),
(4045, 328, 2653),
(4046, 328, 2654),
(4047, 329, 2655),
(4048, 329, 2656),
(4049, 330, 2657),
(4050, 330, 2658),
(4051, 331, 2659),
(4052, 331, 2660),
(4053, 332, 2661),
(4054, 332, 2662),
(4055, 333, 2663),
(4056, 333, 2664),
(4057, 334, 2665),
(4058, 334, 2666),
(4059, 335, 2667),
(4060, 335, 2668),
(4061, 336, 2669),
(4062, 336, 2670),
(4063, 337, 2671),
(4064, 337, 2672),
(4065, 338, 2673),
(4066, 338, 2674),
(4067, 339, 2675),
(4068, 339, 2676),
(4069, 339, 2677),
(4070, 340, 2678),
(4071, 340, 2679),
(4072, 341, 2680),
(4073, 341, 2681),
(4074, 342, 2682),
(4075, 342, 2683),
(4076, 343, 2684),
(4077, 343, 2685),
(4078, 344, 2686),
(4079, 344, 2687),
(4080, 345, 2688),
(4081, 345, 2689),
(4082, 346, 2690),
(4083, 346, 2691),
(4084, 347, 2692),
(4085, 347, 2693),
(4086, 348, 2694),
(4087, 348, 2695),
(4088, 349, 2696),
(4089, 349, 2697),
(4090, 350, 2698),
(4091, 350, 2699),
(4092, 351, 2700),
(4093, 351, 2701);
INSERT INTO `cities_zipcodes` (`ID`, `CITY_ID`, `ZIPCODE_ID`) VALUES
(4094, 352, 2702),
(4095, 352, 2703),
(4096, 353, 2704),
(4097, 353, 2705),
(4098, 354, 2706),
(4099, 354, 2707),
(4100, 355, 1315),
(4101, 355, 1316),
(4102, 356, 1285),
(4103, 356, 1286),
(4104, 357, 2708),
(4105, 357, 2709),
(4106, 358, 1530),
(4107, 358, 1531),
(4108, 359, 2710),
(4109, 359, 2711),
(4110, 360, 2712),
(4111, 360, 2713),
(4112, 361, 2714),
(4113, 361, 2715),
(4114, 362, 2716),
(4115, 362, 2717),
(4116, 363, 2718),
(4117, 363, 2719),
(4118, 364, 2720),
(4119, 364, 2721),
(4120, 365, 2722),
(4121, 365, 2723),
(4122, 366, 2724),
(4123, 366, 2725),
(4124, 367, 1051),
(4125, 367, 912),
(4126, 368, 1052),
(4127, 368, 922),
(4128, 369, 2726),
(4129, 369, 2727),
(4130, 370, 2728),
(4131, 370, 2729),
(4132, 371, 1346),
(4133, 371, 1347),
(4134, 372, 2730),
(4135, 372, 2731),
(4136, 373, 23),
(4137, 373, 24),
(4138, 374, 2732),
(4139, 374, 2733),
(4140, 375, 13),
(4141, 375, 14),
(4142, 376, 2734),
(4143, 376, 2735),
(4144, 377, 1561),
(4145, 377, 1562),
(4146, 378, 2736),
(4147, 378, 2737),
(4148, 379, 2738),
(4149, 379, 2739),
(4150, 380, 1737),
(4151, 380, 1738),
(4152, 381, 2740),
(4153, 381, 2741),
(4154, 382, 2742),
(4155, 382, 2743),
(4156, 383, 2744),
(4157, 383, 2745),
(4158, 384, 2746),
(4159, 384, 2747),
(4160, 385, 2748),
(4161, 385, 2749),
(4162, 386, 2750),
(4163, 386, 2751),
(4164, 387, 2709),
(4165, 387, 2752),
(4166, 388, 2753),
(4167, 388, 2754),
(4168, 389, 2755),
(4169, 389, 2756),
(4170, 390, 2757),
(4171, 390, 2758),
(4172, 391, 2759),
(4173, 391, 2760),
(4174, 392, 2761),
(4175, 392, 2762),
(4176, 393, 2763),
(4177, 393, 2764),
(4178, 394, 2765),
(4179, 394, 2766),
(4180, 395, 2767),
(4181, 395, 2768),
(4182, 396, 2769),
(4183, 396, 2770),
(4184, 397, 2771),
(4185, 397, 2772),
(4186, 398, 2773),
(4187, 398, 2774),
(4188, 399, 1084),
(4189, 399, 1085),
(4190, 400, 2775),
(4191, 400, 2776),
(4192, 401, 2777),
(4193, 401, 2778),
(4194, 402, 912),
(4195, 402, 913),
(4196, 403, 1103),
(4197, 403, 1104),
(4198, 404, 2779),
(4199, 405, 1063),
(4200, 406, 1053),
(4201, 407, 2780),
(4202, 1816, 2781),
(4203, 1817, 2782),
(4204, 1818, 2783),
(4205, 1819, 2784),
(4206, 1820, 2785),
(4207, 1821, 2786),
(4208, 1822, 2787),
(4209, 1823, 2788),
(4210, 1824, 2789),
(4211, 1825, 2790),
(4212, 1826, 2791),
(4213, 1827, 2792),
(4214, 1828, 2793),
(4215, 1829, 2794),
(4216, 1830, 2795),
(4217, 1831, 2796),
(4218, 1832, 2797),
(4219, 1833, 2798),
(4220, 1834, 2799),
(4221, 1835, 2800),
(4222, 1836, 2801),
(4223, 1837, 2802),
(4224, 1838, 2803),
(4225, 1839, 2804),
(4226, 1840, 2805),
(4227, 1841, 2806),
(4228, 1842, 2807),
(4229, 1843, 2808),
(4230, 1844, 2809),
(4231, 1845, 2810),
(4232, 1846, 2811),
(4233, 1847, 2812),
(4234, 1848, 2813),
(4235, 1849, 2814),
(4236, 1850, 2815),
(4237, 1851, 2816),
(4238, 1852, 2817),
(4239, 1853, 2818),
(4240, 1854, 1),
(4241, 1855, 2819),
(4242, 1856, 2820),
(4243, 1857, 2821),
(4244, 1858, 2822),
(4245, 1859, 2823),
(4246, 1860, 2824),
(4247, 1861, 2825),
(4248, 1862, 2369),
(4249, 1863, 2826),
(4250, 1864, 2827),
(4251, 1865, 1846),
(4252, 1866, 2828),
(4253, 1867, 2389),
(4254, 1868, 9),
(4255, 1869, 2829),
(4256, 1870, 2830),
(4257, 1871, 2831),
(4258, 1872, 2832),
(4259, 1873, 2833),
(4260, 1874, 2834),
(4261, 1875, 2835),
(4262, 1876, 2836),
(4263, 1877, 2837),
(4264, 1878, 2838),
(4265, 1879, 2839),
(4266, 1880, 2840),
(4267, 1881, 2841),
(4268, 1882, 2842),
(4269, 1883, 1717),
(4270, 1884, 1450),
(4271, 1885, 2843),
(4272, 1886, 2844),
(4273, 1887, 2845),
(4274, 1888, 2846),
(4275, 1889, 2439),
(4276, 1890, 2847),
(4277, 1891, 2848),
(4278, 1892, 2849),
(4279, 1893, 2850),
(4280, 1894, 2851),
(4281, 1895, 2852),
(4282, 1896, 2853),
(4283, 1897, 2854),
(4284, 1898, 2855),
(4285, 1899, 2856),
(4286, 1900, 2857),
(4287, 1901, 2858),
(4288, 1902, 2859),
(4289, 1903, 2860),
(4290, 1904, 2861),
(4291, 1905, 2862),
(4292, 1906, 2863),
(4293, 1907, 2864),
(4294, 1908, 2865),
(4295, 1909, 2866),
(4296, 1909, 2867),
(4297, 1909, 2868),
(4298, 1910, 2869),
(4299, 1910, 2870),
(4300, 1910, 2871),
(4301, 1911, 2872),
(4302, 1911, 2873),
(4303, 1911, 2874),
(4304, 1912, 2459),
(4305, 1912, 2460),
(4306, 1912, 2461),
(4307, 1913, 2875),
(4308, 1913, 2876),
(4309, 1913, 2877),
(4310, 1914, 2878),
(4311, 1914, 2879),
(4312, 1914, 2880),
(4313, 1915, 2881),
(4314, 1915, 2882),
(4315, 1915, 2883),
(4316, 1916, 2884),
(4317, 1916, 2885),
(4318, 1916, 2886),
(4319, 1917, 2887),
(4320, 1917, 2888),
(4321, 1917, 2889),
(4322, 1918, 2890),
(4323, 1918, 2891),
(4324, 1918, 2892),
(4325, 1919, 2893),
(4326, 1919, 2894),
(4327, 1919, 2895),
(4328, 1920, 2896),
(4329, 1920, 2897),
(4330, 1920, 2898),
(4331, 1921, 2899),
(4332, 1921, 2900),
(4333, 1921, 2901),
(4334, 1922, 2902),
(4335, 1922, 2903),
(4336, 1922, 2904),
(4337, 1923, 2905),
(4338, 1923, 2906),
(4339, 1923, 2907),
(4340, 1924, 2908),
(4341, 1924, 2909),
(4342, 1924, 2910),
(4343, 1925, 2911),
(4344, 1925, 2912),
(4345, 1925, 2913),
(4346, 1926, 2914),
(4347, 1926, 2915),
(4348, 1926, 2916),
(4349, 1927, 2917),
(4350, 1927, 2918),
(4351, 1927, 2919),
(4352, 1928, 2920),
(4353, 1928, 2921),
(4354, 1928, 2922),
(4355, 1929, 2923),
(4356, 1929, 2924),
(4357, 1929, 2925),
(4358, 1930, 2926),
(4359, 1930, 2927),
(4360, 1930, 2928),
(4361, 1931, 2929),
(4362, 1931, 2930),
(4363, 1931, 2931),
(4364, 1932, 2932),
(4365, 1932, 2933),
(4366, 1932, 2934),
(4367, 1933, 2935),
(4368, 1933, 2936),
(4369, 1933, 2937),
(4370, 1934, 2938),
(4371, 1934, 2939),
(4372, 1934, 2940),
(4373, 1935, 2941),
(4374, 1935, 2942),
(4375, 1935, 2943),
(4376, 1936, 2944),
(4377, 1936, 2945),
(4378, 1936, 2946),
(4379, 1937, 2947),
(4380, 1937, 2948),
(4381, 1937, 2949),
(4382, 1938, 2950),
(4383, 1938, 2951),
(4384, 1938, 2952),
(4385, 1939, 2953),
(4386, 1939, 2954),
(4387, 1939, 2955),
(4388, 1940, 2956),
(4389, 1940, 2957),
(4390, 1940, 2958),
(4391, 1941, 2959),
(4392, 1941, 2960),
(4393, 1941, 2961),
(4394, 1942, 2962),
(4395, 1942, 2963),
(4396, 1942, 2964),
(4397, 1943, 2965),
(4398, 1943, 2966),
(4399, 1943, 2967),
(4400, 1944, 2968),
(4401, 1944, 2969),
(4402, 1944, 2970),
(4403, 1945, 1263),
(4404, 1945, 2971),
(4405, 1945, 2972),
(4406, 1946, 2973),
(4407, 1946, 2974),
(4408, 1946, 2975),
(4409, 1947, 1665),
(4410, 1947, 1381),
(4411, 1947, 2976),
(4412, 1948, 2977),
(4413, 1948, 2978),
(4414, 1948, 2979),
(4415, 1949, 2980),
(4416, 1949, 2981),
(4417, 1949, 2982),
(4418, 1950, 1243),
(4419, 1950, 2983),
(4420, 1950, 2984),
(4421, 1951, 2985),
(4422, 1951, 2986),
(4423, 1951, 2987),
(4424, 1952, 1285),
(4425, 1952, 2988),
(4426, 1952, 2989),
(4427, 1953, 2990),
(4428, 1953, 2991),
(4429, 1953, 2992),
(4430, 1954, 1666),
(4431, 1954, 2853),
(4432, 1954, 2993),
(4433, 1955, 2994),
(4434, 1955, 2995),
(4435, 1955, 2996),
(4436, 1956, 1305),
(4437, 1956, 2997),
(4438, 1956, 2998),
(4439, 1957, 1696),
(4440, 1957, 2999),
(4441, 1957, 3000),
(4442, 1958, 3001),
(4443, 1958, 3002),
(4444, 1958, 3003),
(4445, 1959, 1654),
(4446, 1959, 811),
(4447, 1959, 3004),
(4448, 1960, 3005),
(4449, 1960, 3006),
(4450, 1960, 3007),
(4451, 1961, 3008),
(4452, 1961, 3009),
(4453, 1961, 3010),
(4454, 1962, 3011),
(4455, 1962, 3012),
(4456, 1962, 3013),
(4457, 1963, 3014),
(4458, 1963, 3015),
(4459, 1963, 3016),
(4460, 1964, 1655),
(4461, 1964, 3017),
(4462, 1964, 3018),
(4463, 1965, 3019),
(4464, 1965, 3020),
(4465, 1965, 3021),
(4466, 1966, 3022),
(4467, 1966, 3023),
(4468, 1966, 3024),
(4469, 1967, 3025),
(4470, 1967, 3026),
(4471, 1967, 3027),
(4472, 1968, 2593),
(4473, 1968, 3028),
(4474, 1968, 3029),
(4475, 1969, 3030),
(4476, 1969, 3031),
(4477, 1969, 3032),
(4478, 1970, 3033),
(4479, 1970, 3034),
(4480, 1970, 3035),
(4481, 1971, 3036),
(4482, 1971, 3037),
(4483, 1971, 3038),
(4484, 1972, 3039),
(4485, 1972, 3040),
(4486, 1972, 3041),
(4487, 1973, 3042),
(4488, 1973, 3043),
(4489, 1973, 3044),
(4490, 1974, 3045),
(4491, 1974, 3046),
(4492, 1974, 3047),
(4493, 1975, 3048),
(4494, 1975, 3049),
(4495, 1975, 3050),
(4496, 1976, 3051),
(4497, 1976, 3052),
(4498, 1976, 3053),
(4499, 1977, 3054),
(4500, 1977, 3055),
(4501, 1977, 3056),
(4502, 1978, 3057),
(4503, 1978, 3058),
(4504, 1978, 3059),
(4505, 1979, 2962),
(4506, 1979, 2963),
(4507, 1979, 2964),
(4508, 1980, 3060),
(4509, 1980, 3061),
(4510, 1980, 3062),
(4511, 1981, 2965),
(4512, 1981, 2966),
(4513, 1981, 2967),
(4514, 1982, 1590),
(4515, 1982, 3063),
(4516, 1982, 3064),
(4517, 1983, 2973),
(4518, 1983, 2974),
(4519, 1983, 2975),
(4520, 1984, 1600),
(4521, 1984, 3065),
(4522, 1984, 3066),
(4523, 1985, 3067),
(4524, 1985, 911),
(4525, 1985, 3068),
(4526, 1986, 2977),
(4527, 1986, 2978),
(4528, 1986, 2979),
(4529, 1987, 1655),
(4530, 1987, 3017),
(4531, 1987, 3018),
(4532, 1988, 2980),
(4533, 1988, 2981),
(4534, 1988, 2982),
(4535, 1989, 3069),
(4536, 1989, 3070),
(4537, 1989, 3071),
(4538, 1990, 1530),
(4539, 1990, 3072),
(4540, 1990, 3073),
(4541, 1991, 2591),
(4542, 1991, 3074),
(4543, 1991, 3075),
(4544, 1992, 1243),
(4545, 1992, 2983),
(4546, 1992, 2984),
(4547, 1993, 3076),
(4548, 1993, 3077),
(4549, 1993, 3078),
(4550, 1994, 3054),
(4551, 1994, 3055),
(4552, 1994, 3056),
(4553, 1995, 3079),
(4554, 1995, 3080),
(4555, 1995, 3081),
(4556, 1996, 3039),
(4557, 1996, 3040),
(4558, 1996, 3041),
(4559, 1991, 3082),
(4560, 1991, 3083),
(4561, 1991, 3084),
(4562, 1992, 3085),
(4563, 1992, 3086),
(4564, 1992, 3087),
(4565, 1993, 3088),
(4566, 1993, 3089),
(4567, 1993, 3090),
(4568, 1994, 3091),
(4569, 1994, 3092),
(4570, 1994, 3093),
(4571, 1995, 3094),
(4572, 1995, 3095),
(4573, 1995, 3096),
(4574, 1996, 3097),
(4575, 1996, 3098),
(4576, 1996, 3099),
(4577, 1997, 2750),
(4578, 1997, 2751),
(4579, 1997, 3100),
(4580, 1998, 2963),
(4581, 1998, 3101),
(4582, 1998, 3102),
(4583, 1999, 2964),
(4584, 1999, 3103),
(4585, 1999, 3104),
(4586, 2000, 3105),
(4587, 2000, 3106),
(4588, 2000, 3107),
(4589, 2001, 1501),
(4590, 2001, 1502),
(4591, 2001, 1503),
(4592, 2002, 3108),
(4593, 2002, 3109),
(4594, 2002, 3110),
(4595, 2003, 2738),
(4596, 2003, 2739),
(4597, 2003, 3111),
(4598, 2004, 3112),
(4599, 2004, 3113),
(4600, 2004, 3114),
(4601, 2005, 3115),
(4602, 2005, 3116),
(4603, 2005, 3117),
(4604, 2006, 1501),
(4605, 2006, 1502),
(4606, 2006, 1503),
(4607, 2007, 2734),
(4608, 2007, 2735),
(4609, 2007, 3118),
(4610, 2008, 2728),
(4611, 2008, 2729),
(4612, 2008, 3119),
(4613, 2009, 3120),
(4614, 2009, 3121),
(4615, 2010, 2709),
(4616, 2010, 2752),
(4617, 2011, 3122),
(4618, 2011, 3123),
(4619, 2012, 9),
(4620, 2012, 10),
(4621, 2013, 1286),
(4622, 2013, 1287),
(4623, 2014, 1316),
(4624, 2014, 1317),
(4625, 2015, 1318),
(4626, 2016, 3124),
(4627, 2016, 3125),
(4628, 2017, 3126),
(4629, 2017, 3127),
(4630, 2018, 3128),
(4631, 2019, 3129),
(4632, 2020, 1480),
(4633, 2021, 1481),
(4634, 2022, 1482),
(4635, 2023, 1483),
(4636, 2024, 1484),
(4637, 2025, 1485),
(4638, 2026, 1486),
(4639, 2027, 1487),
(4640, 2028, 1488),
(4641, 2029, 1489),
(4642, 2030, 3130),
(4643, 2031, 1737),
(4644, 2031, 1738),
(4645, 2032, 1739),
(4646, 2033, 1740),
(4647, 2034, 1741),
(4648, 2035, 1742),
(4649, 2036, 1743),
(4650, 2037, 1744),
(4651, 2038, 1745),
(4652, 2039, 3131),
(4653, 2040, 3132),
(4654, 2041, 3133),
(4655, 2042, 3134),
(4656, 2043, 2748),
(4657, 2044, 2749),
(4658, 2045, 3135),
(4659, 2046, 3136),
(4660, 2047, 3137),
(4661, 2048, 3138),
(4662, 2049, 3139),
(4663, 2050, 3140),
(4664, 2051, 3141),
(4665, 2052, 3142),
(4666, 2053, 3143),
(4667, 2054, 3120),
(4668, 2055, 3121),
(4669, 2056, 3144),
(4670, 2057, 3145),
(4671, 2058, 2709),
(4672, 2059, 2752),
(4673, 2060, 3122),
(4674, 2061, 3123),
(4675, 2062, 3146),
(4676, 2063, 9),
(4677, 2064, 10),
(4678, 2065, 11),
(4679, 2066, 12),
(4680, 2067, 3147),
(4681, 2068, 3148),
(4682, 2069, 3149),
(4683, 2070, 3150),
(4684, 2071, 3151),
(4685, 2072, 2991),
(4686, 2073, 3152),
(4687, 2074, 3153),
(4688, 2075, 3154),
(4689, 2076, 3155),
(4690, 2077, 3156),
(4691, 2078, 3157),
(4692, 2079, 3158),
(4693, 2080, 3159),
(4694, 2081, 3160),
(4695, 2082, 2992),
(4696, 2083, 3161),
(4697, 2084, 3162),
(4698, 2085, 3163),
(4699, 2086, 3164),
(4700, 2087, 3165),
(4701, 2088, 3166),
(4702, 2089, 3167),
(4703, 2090, 3168),
(4704, 2091, 3169),
(4705, 2092, 3170),
(4706, 2093, 3171),
(4707, 2094, 3172),
(4708, 2095, 3173),
(4709, 2096, 3174),
(4710, 2097, 3175),
(4711, 2098, 1286),
(4712, 2099, 1287),
(4713, 2100, 1288),
(4714, 2101, 1289),
(4715, 2102, 1290),
(4716, 2103, 1291),
(4717, 2104, 1292),
(4718, 2105, 1293),
(4719, 2106, 1294),
(4720, 2107, 2988),
(4721, 2108, 3176),
(4722, 2109, 3177),
(4723, 2109, 3178),
(4724, 2110, 3179),
(4725, 2110, 3180),
(4726, 2111, 3181),
(4727, 2111, 3182),
(4728, 2112, 3183),
(4729, 2112, 3184),
(4730, 2113, 2775),
(4731, 2113, 2776),
(4732, 2114, 1104),
(4733, 2114, 1105),
(4734, 2115, 3179),
(4735, 2115, 3180),
(4736, 2116, 3185),
(4737, 2116, 3186),
(4738, 2117, 3187),
(4739, 2117, 3188),
(4740, 2118, 3189),
(4741, 2118, 3190),
(4742, 2119, 3191),
(4743, 2119, 3192),
(4744, 2120, 1401),
(4745, 2120, 1402),
(4746, 2121, 3193),
(4747, 2121, 3194),
(4748, 2122, 3195),
(4749, 2122, 3196),
(4750, 2123, 3197),
(4751, 2123, 3198),
(4752, 2124, 3199),
(4753, 2124, 3200),
(4754, 2125, 3201),
(4755, 2125, 3202),
(4756, 2126, 3203),
(4757, 2126, 3204),
(4758, 2127, 3205),
(4759, 2127, 3206),
(4760, 2128, 3207),
(4761, 2128, 3208),
(4762, 2129, 3209),
(4763, 2129, 3210),
(4764, 2130, 1042),
(4765, 2130, 1043),
(4766, 2131, 3211),
(4767, 2131, 3212),
(4768, 2132, 1054),
(4769, 2132, 1055),
(4770, 2133, 1094),
(4771, 2133, 1095),
(4772, 2134, 3213),
(4773, 2134, 3214),
(4774, 2135, 2990),
(4775, 2135, 9),
(4776, 2136, 3215),
(4777, 2136, 25),
(4778, 2137, 3216),
(4779, 2137, 3217),
(4780, 2138, 3218),
(4781, 2138, 3219),
(4782, 2139, 3220),
(4783, 2139, 3221),
(4784, 2140, 3222),
(4785, 2140, 3223),
(4786, 2141, 3224),
(4787, 2141, 3225),
(4788, 2142, 3226),
(4789, 2142, 3227),
(4790, 2143, 3228),
(4791, 2143, 3229),
(4792, 2144, 3230),
(4793, 2144, 3231),
(4794, 2145, 3232),
(4795, 2145, 3233),
(4796, 2146, 3234),
(4797, 2146, 3235),
(4798, 2147, 3236),
(4799, 2147, 3237),
(4800, 2148, 3238),
(4801, 2148, 3239),
(4802, 2149, 1073),
(4803, 2149, 1074),
(4804, 2150, 1083),
(4805, 2150, 1084),
(4806, 2151, 3240),
(4807, 2151, 3241),
(4808, 2152, 3242),
(4809, 2152, 3243),
(4810, 2153, 2779),
(4811, 2153, 3199),
(4812, 2154, 1273),
(4813, 2154, 1274),
(4814, 2155, 3244),
(4815, 2155, 3189),
(4816, 2156, 1031),
(4817, 2156, 3185),
(4818, 2157, 1103),
(4819, 2157, 1104),
(4820, 2158, 3245),
(4821, 2158, 3246),
(4822, 2159, 3247),
(4823, 2159, 3248),
(4824, 2160, 3249),
(4825, 2160, 3250),
(4826, 2161, 3251),
(4827, 2161, 932),
(4828, 2162, 1053),
(4829, 2162, 1054),
(4830, 2163, 1113),
(4831, 2163, 1114),
(4832, 2164, 1019),
(4833, 2164, 3201),
(4834, 2165, 3252),
(4835, 2165, 3253),
(4836, 2166, 1133),
(4837, 2166, 1134),
(4838, 2167, 3254),
(4839, 2167, 3255),
(4840, 2168, 3256),
(4841, 2168, 3257),
(4842, 2169, 1133),
(4843, 2169, 1134),
(4844, 2170, 1052),
(4845, 2170, 922),
(4846, 2171, 3258),
(4847, 2171, 3259),
(4848, 2172, 3260),
(4849, 2172, 3261),
(4850, 2173, 3262),
(4851, 2173, 2775),
(4852, 2174, 3263),
(4853, 2174, 3264),
(4854, 2175, 3265),
(4855, 2175, 3266),
(4856, 2176, 986),
(4857, 2176, 3267),
(4858, 2177, 3268),
(4859, 2177, 3205),
(4860, 2178, 3269),
(4861, 2178, 3270),
(4862, 2179, 3271),
(4863, 2179, 3272),
(4864, 2180, 3273),
(4865, 2180, 3274),
(4866, 2181, 970),
(4867, 2181, 3275),
(4868, 2182, 3258),
(4869, 2182, 3259),
(4870, 2183, 1051),
(4871, 2183, 912),
(4872, 2184, 1093),
(4873, 2184, 1094),
(4874, 2185, 3276),
(4875, 2185, 3203),
(4876, 2186, 3277),
(4877, 2186, 3278),
(4878, 2187, 3279),
(4879, 2187, 3187),
(4880, 2188, 3280),
(4881, 2188, 3211),
(4882, 2189, 3281),
(4883, 2189, 3282),
(4884, 2190, 3283),
(4885, 2190, 3284),
(4886, 2191, 3285),
(4887, 2191, 3286),
(4888, 2192, 3287),
(4889, 2192, 3288),
(4890, 2193, 3289),
(4891, 2193, 3290),
(4892, 2194, 3291),
(4893, 2194, 3292),
(4894, 2195, 3293),
(4895, 2195, 3209),
(4896, 2196, 1052),
(4897, 2196, 922),
(4898, 2197, 1103),
(4899, 2197, 1104),
(4900, 2198, 1073),
(4901, 2198, 1074),
(4902, 2199, 1113),
(4903, 2199, 1114),
(4904, 2200, 1093),
(4905, 2200, 1094),
(4906, 2201, 1073),
(4907, 2201, 1074),
(4908, 2202, 1093),
(4909, 2202, 1094),
(4910, 2203, 1063),
(4911, 2203, 1064),
(4912, 2204, 1103),
(4913, 2204, 1104),
(4914, 2205, 3279),
(4915, 2205, 3187),
(4916, 2206, 1113),
(4917, 2206, 1114),
(4918, 2207, 1083),
(4919, 2207, 1084),
(4920, 2208, 3294),
(4921, 2209, 2734),
(4922, 2209, 2735),
(4923, 2210, 2728),
(4924, 2210, 2729),
(4925, 2211, 9),
(4926, 2211, 10),
(4927, 2212, 3120),
(4928, 2212, 3121),
(4929, 2213, 1737),
(4930, 2213, 1738),
(4931, 2214, 3124),
(4932, 2214, 3125),
(4933, 2215, 2750),
(4934, 2215, 2751),
(4935, 2216, 1480),
(4936, 2216, 1481),
(4937, 2217, 9),
(4938, 2217, 10),
(4939, 2218, 9),
(4940, 2218, 10),
(4941, 2219, 3115),
(4942, 2219, 3116),
(4943, 2220, 1501),
(4944, 2220, 1502),
(4945, 2221, 1286),
(4946, 2221, 1287),
(4947, 2222, 3295),
(4948, 2222, 3296),
(4949, 2223, 2711),
(4950, 2223, 3297),
(4951, 2224, 2711),
(4952, 2224, 3297),
(4953, 2225, 1316),
(4954, 2225, 1317),
(4955, 2226, 1541),
(4956, 2226, 1542),
(4957, 2227, 3298),
(4958, 2227, 3299),
(4959, 2228, 2728),
(4960, 2228, 2729),
(4961, 2229, 3124),
(4962, 2229, 3125),
(4963, 2230, 2738),
(4964, 2230, 2739),
(4965, 2231, 9),
(4966, 2231, 10),
(4967, 2232, 3105),
(4968, 2232, 3106),
(4969, 2233, 3108),
(4970, 2233, 3109),
(4971, 2234, 3112),
(4972, 2234, 3113),
(4973, 2235, 9),
(4974, 2235, 10),
(4975, 2236, 2728),
(4976, 2236, 2729),
(4977, 2237, 1286),
(4978, 2237, 1287),
(4979, 2238, 3145),
(4980, 2238, 3300),
(4981, 2239, 3105),
(4982, 2239, 3106),
(4983, 2240, 3124),
(4984, 2240, 3125),
(4985, 2241, 3124),
(4986, 2241, 3125),
(4987, 2242, 3124),
(4988, 2242, 3125),
(4989, 2243, 2728),
(4990, 2243, 2729),
(4991, 2244, 9),
(4992, 2244, 10),
(4993, 2245, 2728),
(4994, 2245, 2729),
(4995, 2246, 3124),
(4996, 2246, 3125),
(4997, 2247, 2738),
(4998, 2247, 2739),
(4999, 2248, 2728),
(5000, 2248, 2729),
(5001, 2249, 1501),
(5002, 2249, 1502),
(5003, 2250, 2738),
(5004, 2250, 2739),
(5005, 2251, 9),
(5006, 2251, 10),
(5007, 2252, 3108),
(5008, 2252, 3109),
(5009, 2253, 3108),
(5010, 2253, 3109),
(5011, 2254, 3105),
(5012, 2254, 3106),
(5013, 2255, 2738),
(5014, 2255, 2739),
(5015, 2256, 1501),
(5016, 2256, 1502),
(5017, 2257, 1),
(5018, 2257, 2),
(5019, 2258, 1),
(5020, 2258, 2),
(5021, 2259, 1),
(5022, 2259, 2),
(5023, 2260, 9),
(5024, 2260, 10),
(5025, 2261, 13),
(5026, 2261, 14),
(5027, 2262, 19),
(5028, 2262, 20),
(5029, 2285, 23),
(5030, 2285, 24),
(5031, 2286, 25),
(5032, 2286, 3301),
(5033, 2287, 26),
(5034, 2287, 27),
(5035, 2288, 1667),
(5036, 2288, 1668),
(5037, 2289, 2819),
(5038, 2289, 3302),
(5039, 2290, 9),
(5040, 2290, 10),
(5041, 2291, 13),
(5042, 2291, 14),
(5043, 2292, 19),
(5044, 2292, 20),
(5045, 2293, 23),
(5046, 2293, 24),
(5047, 2294, 25),
(5048, 2294, 3301),
(5049, 2295, 26),
(5050, 2295, 27),
(5051, 2296, 1667),
(5052, 2296, 1668),
(5053, 2297, 2819),
(5054, 2297, 3302),
(5055, 2298, 1),
(5056, 2298, 2),
(5057, 2299, 9),
(5058, 2299, 10),
(5059, 2300, 13),
(5060, 2300, 14),
(5061, 2301, 19),
(5062, 2301, 20),
(5063, 2302, 23),
(5064, 2302, 24),
(5065, 2303, 25),
(5066, 2303, 3301),
(5067, 2304, 26),
(5068, 2304, 27),
(5069, 2305, 1667),
(5070, 2305, 1668),
(5071, 2306, 2819),
(5072, 2306, 3302),
(5073, 2307, 1),
(5074, 2307, 2),
(5075, 2308, 9),
(5076, 2308, 10),
(5077, 2309, 13),
(5078, 2309, 14),
(5079, 2310, 19),
(5080, 2310, 20),
(5081, 2311, 23),
(5082, 2311, 24),
(5083, 2312, 25),
(5084, 2312, 3301),
(5085, 2313, 26),
(5086, 2313, 27),
(5087, 2314, 1667),
(5088, 2314, 1668),
(5089, 2315, 1),
(5090, 2315, 2),
(5091, 2316, 9),
(5092, 2316, 10),
(5093, 2317, 13),
(5094, 2317, 14),
(5095, 2318, 19),
(5096, 2318, 20),
(5097, 2319, 23),
(5098, 2319, 24),
(5099, 2320, 25),
(5100, 2320, 3301),
(5101, 2321, 26),
(5102, 2321, 27),
(5103, 2322, 1667),
(5104, 2322, 1668),
(5105, 2323, 2819),
(5106, 2323, 3302),
(5107, 2324, 1),
(5108, 2324, 2),
(5109, 2325, 9),
(5110, 2325, 10),
(5111, 2326, 13),
(5112, 2326, 14),
(5113, 2327, 19),
(5114, 2327, 20),
(5115, 2328, 23),
(5116, 2328, 24),
(5117, 2329, 25),
(5118, 2329, 3301),
(5119, 2330, 26),
(5120, 2330, 27),
(5121, 2331, 1431),
(5122, 2331, 3303),
(5123, 2332, 3304),
(5124, 2332, 3305),
(5125, 2333, 3306),
(5126, 2334, 3307),
(5127, 2335, 3308),
(5128, 2336, 3309),
(5129, 2337, 3310),
(5130, 2338, 2962),
(5131, 2339, 3311),
(5132, 2340, 3312),
(5133, 2341, 1459),
(5134, 2342, 3313),
(5135, 2343, 3314),
(5136, 2344, 3315),
(5137, 2345, 3316),
(5138, 2346, 3317),
(5139, 2347, 3318),
(5140, 2348, 3319),
(5141, 2349, 1441),
(5142, 2350, 3320),
(5143, 2351, 3321),
(5144, 2352, 3322),
(5145, 2353, 3323),
(5146, 2354, 3324),
(5147, 2355, 3325),
(5148, 2356, 3326),
(5149, 2357, 3327),
(5150, 2358, 3328),
(5151, 2359, 3329),
(5152, 2360, 3330),
(5153, 2361, 3331),
(5154, 2362, 3332),
(5155, 2363, 3333),
(5156, 2364, 3334),
(5157, 2365, 3335),
(5158, 2366, 3336),
(5159, 2367, 3337),
(5160, 2368, 3338),
(5161, 2369, 3339),
(5162, 2370, 3340),
(5163, 2371, 3341),
(5164, 2372, 3342),
(5165, 2373, 3343),
(5166, 2374, 3344),
(5167, 2375, 3345),
(5168, 2376, 3346),
(5169, 2377, 3347),
(5170, 2378, 3348),
(5171, 2379, 3349),
(5172, 2380, 3350),
(5173, 2381, 3351),
(5174, 2382, 3352),
(5175, 2383, 3353),
(5176, 2384, 3354),
(5177, 2385, 3355),
(5178, 2386, 3356),
(5179, 2387, 3357),
(5180, 2388, 1500),
(5181, 2389, 3358),
(5182, 2390, 3359),
(5183, 2391, 3360),
(5184, 2392, 3361),
(5185, 2393, 3362),
(5186, 2394, 3363),
(5187, 2395, 3364),
(5188, 2396, 3365),
(5189, 2397, 3366),
(5190, 2398, 3367),
(5191, 2399, 2458),
(5192, 2400, 3368),
(5193, 2401, 3369),
(5194, 2402, 3370),
(5195, 2403, 3371),
(5196, 2404, 3372),
(5197, 2405, 3373),
(5198, 2406, 3374),
(5199, 2407, 3375),
(5200, 2408, 3376),
(5201, 2409, 3377),
(5202, 2410, 3378),
(5203, 2411, 3379),
(5204, 2412, 3380),
(5205, 2413, 3381),
(5206, 2414, 3382),
(5207, 2415, 3383),
(5208, 2416, 3384),
(5209, 2417, 3385),
(5210, 2418, 3386),
(5211, 2419, 2448),
(5212, 2420, 3387),
(5213, 2421, 3388),
(5214, 2422, 3389),
(5215, 2423, 3390),
(5216, 2424, 3391),
(5217, 2425, 3392),
(5218, 2426, 3393),
(5219, 2427, 3394),
(5220, 2428, 1283),
(5221, 2429, 2318),
(5222, 2430, 3395),
(5223, 2531, 3396),
(5224, 2531, 3397),
(5225, 2531, 3398),
(5226, 2532, 3399),
(5227, 2532, 3400),
(5228, 2533, 3401),
(5229, 2533, 3402),
(5230, 2534, 1644),
(5231, 2534, 1645),
(5232, 2534, 1646),
(5233, 2535, 3403),
(5234, 2535, 3404),
(5235, 2535, 3405),
(5236, 2535, 3406),
(5237, 2535, 3407),
(5238, 2536, 3408),
(5239, 2536, 3409),
(5240, 2537, 2962),
(5241, 2537, 2750),
(5242, 2539, 3410),
(5243, 2539, 3411),
(5244, 2541, 3412),
(5245, 2541, 23),
(5246, 2541, 24),
(5247, 2542, 3395),
(5248, 2542, 3413),
(5249, 2543, 1666),
(5250, 2543, 2308),
(5251, 2546, 10),
(5252, 2546, 11),
(5253, 2547, 3414),
(5254, 2547, 3415),
(5255, 2548, 1316),
(5256, 2548, 1317),
(5257, 2549, 3348),
(5258, 2549, 3115),
(5259, 2549, 3116),
(5260, 2551, 3416),
(5261, 2551, 3417),
(5262, 2553, 3418),
(5263, 2553, 3419),
(5264, 2554, 3420),
(5265, 2554, 3421),
(5266, 2554, 3422),
(5267, 2563, 3275),
(5268, 2563, 3423),
(5269, 2563, 3424),
(5270, 2564, 1051),
(5271, 2564, 912),
(5272, 2564, 913),
(5273, 2568, 1315),
(5274, 2568, 1316),
(5275, 2569, 3425),
(5276, 2569, 3426),
(5277, 2569, 3427),
(5278, 2570, 3428),
(5279, 2570, 3429),
(5280, 2580, 3430),
(5281, 2580, 3431),
(5282, 2580, 3432),
(5283, 2581, 3433),
(5284, 2581, 3434),
(5285, 2584, 3435),
(5286, 2584, 3436),
(5287, 2591, 3437),
(5288, 2591, 2248),
(5289, 2591, 2249),
(5290, 2596, 3438),
(5291, 2596, 3439),
(5292, 2592, 3440),
(5293, 2592, 3441),
(5294, 2593, 3442),
(5295, 2593, 3443),
(5296, 2594, 3444),
(5297, 2594, 3445),
(5298, 2595, 3446),
(5299, 2595, 3447),
(5300, 2531, 3448),
(5301, 2531, 3449),
(5302, 2531, 3450),
(5303, 2532, 3451),
(5304, 2532, 3452),
(5305, 2532, 3453),
(5306, 2533, 1480),
(5307, 2533, 1481),
(5308, 2533, 1482),
(5309, 2534, 3215),
(5310, 2534, 25),
(5311, 2534, 3301),
(5312, 2536, 3454),
(5313, 2536, 3455),
(5314, 2537, 2751),
(5315, 2538, 3456),
(5316, 2538, 3120),
(5317, 2539, 3424),
(5318, 2539, 3457),
(5319, 2540, 3458),
(5320, 2540, 3459),
(5321, 2541, 3460),
(5322, 2541, 2348),
(5323, 2544, 1630),
(5324, 2544, 1336),
(5325, 2545, 3461),
(5326, 2545, 3462),
(5327, 2546, 9),
(5328, 2547, 3463),
(5329, 2547, 2899),
(5330, 2548, 3464),
(5331, 2548, 3465),
(5332, 2548, 3466),
(5333, 2550, 3143),
(5334, 2550, 3467),
(5335, 2552, 3468),
(5336, 2552, 2890),
(5337, 2553, 3437),
(5338, 2553, 2248),
(5339, 2555, 3469),
(5340, 2555, 3470),
(5341, 2555, 3471),
(5342, 2556, 1610),
(5343, 2556, 1611),
(5344, 2557, 3472),
(5345, 2557, 1346),
(5346, 2558, 3215),
(5347, 2558, 25),
(5348, 2559, 1510),
(5349, 2559, 1511),
(5350, 2560, 3473),
(5351, 2560, 3474),
(5352, 2561, 1696),
(5353, 2561, 1697),
(5354, 2562, 3475),
(5355, 2562, 3476),
(5356, 2563, 970),
(5357, 2563, 3477),
(5358, 2563, 3457),
(5359, 2563, 3478),
(5360, 2563, 3410),
(5361, 2563, 3411),
(5362, 2563, 3479),
(5363, 2564, 914),
(5364, 2564, 915),
(5365, 2564, 916),
(5366, 2564, 917),
(5367, 2564, 918),
(5368, 2564, 919),
(5369, 2564, 920),
(5370, 2565, 1083),
(5371, 2565, 1084),
(5372, 2565, 1085),
(5373, 2565, 1086),
(5374, 2565, 1087),
(5375, 2566, 1063),
(5376, 2566, 1064),
(5377, 2566, 1065),
(5378, 2566, 1066),
(5379, 2566, 1067),
(5380, 2567, 1113),
(5381, 2567, 1114),
(5382, 2567, 1115),
(5383, 2568, 3480),
(5384, 2568, 2268),
(5385, 2568, 2269),
(5386, 2569, 3481),
(5387, 2569, 3482),
(5388, 2569, 3483),
(5389, 2570, 3484),
(5390, 2570, 3485),
(5391, 2571, 3486),
(5392, 2571, 3487),
(5393, 2571, 3488),
(5394, 2572, 3489),
(5395, 2572, 3490),
(5396, 2572, 3491),
(5397, 2573, 3492),
(5398, 2573, 3493),
(5399, 2573, 3494),
(5400, 2574, 3495),
(5401, 2574, 3496),
(5402, 2574, 3497),
(5403, 2575, 3498),
(5404, 2575, 3499),
(5405, 2575, 3500),
(5406, 2576, 3501),
(5407, 2576, 3502),
(5408, 2576, 3503),
(5409, 2577, 3504),
(5410, 2577, 3505),
(5411, 2577, 3506),
(5412, 2578, 3507),
(5413, 2578, 3508),
(5414, 2578, 3509),
(5415, 2579, 3510),
(5416, 2579, 3511),
(5417, 2579, 3512),
(5418, 2581, 3513),
(5419, 2581, 3514),
(5420, 2582, 3515),
(5421, 2582, 3516),
(5422, 2582, 3517),
(5423, 2583, 3518),
(5424, 2583, 3519),
(5425, 2583, 3520),
(5426, 2584, 3521),
(5427, 2584, 3522),
(5428, 2584, 3523),
(5429, 2585, 1431),
(5430, 2585, 1432),
(5431, 2585, 1433),
(5432, 2586, 3524),
(5433, 2586, 3525),
(5434, 2587, 2277),
(5435, 2587, 3526),
(5436, 2587, 3527),
(5437, 2588, 3528),
(5438, 2588, 19),
(5439, 2588, 20),
(5440, 2589, 2990),
(5441, 2589, 9),
(5442, 2589, 10),
(5443, 2590, 3412),
(5444, 2590, 23),
(5445, 2591, 2250),
(5446, 2592, 3529),
(5447, 2593, 3530),
(5448, 2596, 3531),
(5449, 2597, 3532),
(5450, 2597, 3533),
(5451, 2598, 2318),
(5452, 2598, 3395),
(5453, 2598, 3413),
(5454, 2598, 3534),
(5455, 2598, 3535),
(5456, 2599, 1315),
(5457, 2599, 1316),
(5458, 2600, 1630),
(5459, 2600, 13),
(5460, 2601, 3412),
(5461, 2601, 23),
(5462, 2602, 3536),
(5463, 2602, 2730),
(5464, 2603, 3537),
(5465, 2603, 3538),
(5466, 2604, 3539),
(5467, 2604, 3540),
(5468, 2605, 3480),
(5469, 2605, 2268),
(5470, 2605, 2269),
(5471, 2606, 3480),
(5472, 2606, 2268),
(5473, 2606, 2269),
(5474, 2607, 3480),
(5475, 2607, 2268),
(5476, 2608, 3480),
(5477, 2608, 2268),
(5478, 2609, 3541),
(5479, 2609, 2692),
(5480, 2610, 3542),
(5481, 2610, 3543),
(5482, 2611, 3544),
(5483, 2611, 3545),
(5484, 2612, 3546),
(5485, 2612, 3547),
(5486, 2613, 3548),
(5487, 2613, 3549),
(5488, 2614, 3550),
(5489, 2614, 2682),
(5490, 2614, 2683),
(5491, 2615, 3541),
(5492, 2615, 2692),
(5493, 2615, 2693),
(5494, 2616, 3551),
(5495, 2616, 2702),
(5496, 2617, 3552),
(5497, 2617, 3553),
(5498, 2618, 3554),
(5499, 2618, 2684),
(5500, 2619, 3480),
(5501, 2619, 2268),
(5502, 2620, 3480),
(5503, 2620, 2268),
(5504, 2621, 3480),
(5505, 2621, 2268),
(5506, 2622, 3480),
(5507, 2622, 2268),
(5508, 2769, 3555),
(5509, 2769, 2686),
(5510, 2769, 2687),
(5511, 2770, 3541),
(5512, 2770, 2692),
(5513, 2770, 2693),
(5514, 2771, 3556),
(5515, 2771, 2678),
(5516, 2771, 2679),
(5517, 2772, 3557),
(5518, 2772, 2680),
(5519, 2772, 2681),
(5520, 2773, 3558),
(5521, 2773, 3559),
(5522, 2773, 3560),
(5523, 2774, 3561),
(5524, 2774, 3562),
(5525, 2774, 3563),
(5526, 2775, 3564),
(5527, 2775, 3565),
(5528, 2775, 3566),
(5529, 2776, 1173),
(5530, 2776, 1174),
(5531, 2776, 1175),
(5532, 2777, 3567),
(5533, 2777, 3568),
(5534, 2777, 3569),
(5535, 2777, 3570),
(5536, 2777, 3571),
(5537, 2778, 3572),
(5538, 2778, 3573),
(5539, 2778, 3574),
(5540, 2778, 3575),
(5541, 2778, 3576),
(5542, 2779, 3577),
(5543, 2779, 2699),
(5544, 2779, 3578),
(5545, 2779, 3579),
(5546, 2779, 3580),
(5547, 2780, 3581),
(5548, 2780, 3582),
(5549, 2780, 3583),
(5550, 2780, 3584),
(5551, 2780, 3585),
(5552, 2781, 3586),
(5553, 2781, 3587),
(5554, 2781, 3588),
(5555, 2781, 3589),
(5556, 2781, 3590),
(5557, 2782, 3591),
(5558, 2782, 2700),
(5559, 2782, 2701),
(5560, 2782, 3592),
(5561, 2782, 3593),
(5562, 2783, 3594),
(5563, 2783, 3595),
(5564, 2783, 3596),
(5565, 2783, 3597),
(5566, 2783, 3598),
(5567, 2784, 3599),
(5568, 2784, 3600),
(5569, 2784, 3601),
(5570, 2784, 3602),
(5571, 2784, 3603),
(5572, 2785, 3604),
(5573, 2785, 3605),
(5574, 2785, 3606),
(5575, 2785, 3607),
(5576, 2785, 3608),
(5577, 2786, 3510),
(5578, 2786, 3511),
(5579, 2786, 3512),
(5580, 2786, 3609),
(5581, 2786, 3610),
(5582, 2787, 3611),
(5583, 2787, 3612),
(5584, 2787, 3613),
(5585, 2787, 3614),
(5586, 2787, 3615),
(5587, 2788, 3616),
(5588, 2788, 2694),
(5589, 2788, 2695),
(5590, 2788, 3617),
(5591, 2788, 3618),
(5592, 2789, 3619),
(5593, 2789, 3620),
(5594, 2789, 3621),
(5595, 2789, 3622),
(5596, 2789, 3623),
(5597, 2790, 3624),
(5598, 2790, 3625),
(5599, 2790, 3626),
(5600, 2790, 3627),
(5601, 2790, 3628),
(5602, 2791, 3629),
(5603, 2791, 3630),
(5604, 2791, 3631),
(5605, 2791, 3632),
(5606, 2791, 3633),
(5607, 2792, 3634),
(5608, 2792, 3635),
(5609, 2792, 3636),
(5610, 2792, 3637),
(5611, 2792, 3638),
(5612, 2793, 3639),
(5613, 2793, 3640),
(5614, 2793, 3641),
(5615, 2793, 3642),
(5616, 2793, 3643),
(5617, 2794, 3644),
(5618, 2794, 3645),
(5619, 2794, 3646),
(5620, 2794, 3647),
(5621, 2794, 3648),
(5622, 2795, 3649),
(5623, 2795, 3650),
(5624, 2795, 3651),
(5625, 2795, 3652),
(5626, 2795, 3653),
(5627, 2796, 3654),
(5628, 2796, 3655),
(5629, 2796, 3656),
(5630, 2796, 3657),
(5631, 2796, 3658),
(5632, 2797, 3659),
(5633, 2797, 3660),
(5634, 2797, 3661),
(5635, 2797, 3662),
(5636, 2797, 3663),
(5637, 2798, 3664),
(5638, 2798, 3665),
(5639, 2798, 3666),
(5640, 2798, 3667),
(5641, 2798, 3668),
(5642, 2799, 1183),
(5643, 2799, 1184),
(5644, 2799, 1185),
(5645, 2799, 1186),
(5646, 2799, 1187),
(5647, 2800, 3669),
(5648, 2800, 3670),
(5649, 2800, 3671),
(5650, 2800, 3672),
(5651, 2800, 3673),
(5652, 2801, 3674),
(5653, 2801, 3675),
(5654, 2801, 3676),
(5655, 2801, 3677),
(5656, 2801, 3678),
(5657, 2802, 3679),
(5658, 2802, 3680),
(5659, 2802, 3681),
(5660, 2802, 3682),
(5661, 2802, 3683),
(5662, 2803, 3684),
(5663, 2803, 3685),
(5664, 2803, 3686),
(5665, 2803, 3687),
(5666, 2803, 3688),
(5667, 2804, 3689),
(5668, 2804, 3690),
(5669, 2804, 3691),
(5670, 2804, 3692),
(5671, 2804, 3693),
(5672, 2805, 3694),
(5673, 2805, 3695),
(5674, 2805, 3696),
(5675, 2805, 3697),
(5676, 2805, 3698),
(5677, 2806, 3699),
(5678, 2806, 3700),
(5679, 2806, 3701),
(5680, 2806, 3702),
(5681, 2806, 3703),
(5682, 2807, 3704),
(5683, 2807, 3705),
(5684, 2807, 3706),
(5685, 2807, 3707),
(5686, 2807, 3708),
(5687, 2808, 3709),
(5688, 2808, 3710),
(5689, 2808, 3711),
(5690, 2808, 3712),
(5691, 2808, 3713),
(5692, 2809, 3714),
(5693, 2809, 3715),
(5694, 2809, 3716),
(5695, 2809, 3717),
(5696, 2809, 3718),
(5697, 2810, 3719),
(5698, 2810, 3720),
(5699, 2810, 3721),
(5700, 2810, 3722),
(5701, 2810, 3723),
(5702, 2811, 3724),
(5703, 2811, 3725),
(5704, 2811, 3726),
(5705, 2811, 3727),
(5706, 2811, 3728),
(5707, 2812, 3729),
(5708, 2812, 3730),
(5709, 2812, 3731),
(5710, 2812, 3732),
(5711, 2812, 3733),
(5712, 2813, 3734),
(5713, 2813, 3735),
(5714, 2813, 3736),
(5715, 2813, 3737),
(5716, 2813, 3738),
(5717, 2814, 3739),
(5718, 2814, 3740),
(5719, 2814, 3741),
(5720, 2814, 3742),
(5721, 2814, 3743),
(5722, 2815, 3744),
(5723, 2815, 3745),
(5724, 2815, 3746),
(5725, 2815, 3747),
(5726, 2815, 3748),
(5727, 2816, 3749),
(5728, 2816, 3750),
(5729, 2816, 3751),
(5730, 2816, 3752),
(5731, 2816, 3753),
(5732, 2817, 1224),
(5733, 2817, 1225),
(5734, 2817, 1226),
(5735, 2817, 1227),
(5736, 2817, 1228),
(5737, 2818, 3754),
(5738, 2818, 3755),
(5739, 2818, 3756),
(5740, 2818, 3757),
(5741, 2818, 3758),
(5742, 2819, 3759),
(5743, 2819, 3760),
(5744, 2819, 3761),
(5745, 2819, 3762),
(5746, 2819, 3763),
(5747, 2820, 3764),
(5748, 2820, 3765),
(5749, 2820, 3766),
(5750, 2820, 3767),
(5751, 2820, 3768),
(5752, 2821, 3769),
(5753, 2821, 3770),
(5754, 2821, 3771),
(5755, 2821, 3772),
(5756, 2821, 3773),
(5757, 2822, 3774),
(5758, 2822, 3775),
(5759, 2822, 3776),
(5760, 2822, 3777),
(5761, 2822, 3778),
(5762, 2823, 3779),
(5763, 2823, 3780),
(5764, 2823, 3781),
(5765, 2823, 3782),
(5766, 2823, 3783),
(5767, 2824, 3784),
(5768, 2824, 3785),
(5769, 2824, 3786),
(5770, 2824, 3787),
(5771, 2824, 3788),
(5772, 2825, 3789),
(5773, 2825, 3790),
(5774, 2825, 3791),
(5775, 2825, 3792),
(5776, 2825, 3793),
(5777, 2826, 3794),
(5778, 2826, 3795),
(5779, 2826, 3796),
(5780, 2826, 3797),
(5781, 2827, 3798),
(5782, 2827, 3799),
(5783, 2827, 3800),
(5784, 2827, 3801),
(5785, 2827, 3802),
(5786, 2828, 3803),
(5787, 2828, 3804),
(5788, 2828, 3805),
(5789, 2828, 3806),
(5790, 2828, 3807),
(5791, 2829, 3590),
(5792, 2829, 3808),
(5793, 2829, 3809),
(5794, 2829, 3810),
(5795, 2829, 3811),
(5796, 2830, 3812),
(5797, 2830, 3813),
(5798, 2830, 3814),
(5799, 2830, 3815),
(5800, 2830, 3816),
(5801, 2831, 3817),
(5802, 2831, 3818),
(5803, 2831, 3819),
(5804, 2831, 3820),
(5805, 2831, 3821),
(5806, 2832, 3591),
(5807, 2832, 2700),
(5808, 2832, 2701),
(5809, 2832, 3592),
(5810, 2832, 3593),
(5811, 2833, 3822),
(5812, 2833, 3823),
(5813, 2833, 3824),
(5814, 2833, 3825),
(5815, 2833, 3826),
(5816, 2834, 3827),
(5817, 2834, 3828),
(5818, 2834, 3829),
(5819, 2834, 3830),
(5820, 2834, 3831),
(5821, 2835, 3832),
(5822, 2835, 3833),
(5823, 2835, 3834),
(5824, 2835, 3835),
(5825, 2835, 3836),
(5826, 2836, 3837),
(5827, 2836, 3838),
(5828, 2836, 3839),
(5829, 2836, 3840),
(5830, 2836, 3841),
(5831, 2837, 3842),
(5832, 2837, 3843),
(5833, 2837, 3844),
(5834, 2837, 3845),
(5835, 2837, 3846),
(5836, 2838, 1193),
(5837, 2838, 1194),
(5838, 2838, 1195),
(5839, 2838, 1196),
(5840, 2838, 1197),
(5841, 2839, 3847),
(5842, 2839, 3848),
(5843, 2839, 3849),
(5844, 2839, 3850),
(5845, 2839, 3851),
(5846, 2840, 3852),
(5847, 2840, 3853),
(5848, 2840, 3854),
(5849, 2840, 3855),
(5850, 2840, 3856),
(5851, 2841, 3857),
(5852, 2841, 3858),
(5853, 2841, 3859),
(5854, 2841, 3860),
(5855, 2841, 3861),
(5856, 2842, 3862),
(5857, 2842, 3863),
(5858, 2842, 3864),
(5859, 2842, 3865),
(5860, 2842, 3866),
(5861, 2843, 3867),
(5862, 2843, 3868),
(5863, 2843, 3869),
(5864, 2843, 3870),
(5865, 2843, 3871),
(5866, 2844, 3872),
(5867, 2844, 3873),
(5868, 2844, 3874),
(5869, 2844, 3875),
(5870, 2844, 3876),
(5871, 2845, 3877),
(5872, 2845, 3878),
(5873, 2845, 3879),
(5874, 2845, 3880),
(5875, 2845, 3881),
(5876, 2846, 3882),
(5877, 2846, 3883),
(5878, 2846, 3884),
(5879, 2846, 3885),
(5880, 2846, 3886),
(5881, 2847, 3887),
(5882, 2847, 3888),
(5883, 2847, 3889),
(5884, 2847, 3890),
(5885, 2847, 3891),
(5886, 2848, 3892),
(5887, 2848, 3893),
(5888, 2848, 3894),
(5889, 2848, 3895),
(5890, 2848, 3896),
(5891, 2849, 3438),
(5892, 2849, 3439),
(5893, 2849, 3531),
(5894, 2849, 3897),
(5895, 2849, 3898),
(5896, 2850, 3899),
(5897, 2850, 3900),
(5898, 2850, 3901),
(5899, 2850, 3902),
(5900, 2850, 3903),
(5901, 2851, 3904),
(5902, 2851, 3905),
(5903, 2851, 3906),
(5904, 2851, 3907),
(5905, 2851, 3908),
(5906, 2852, 3909),
(5907, 2852, 3910),
(5908, 2852, 3911),
(5909, 2852, 3912),
(5910, 2852, 3913),
(5911, 2853, 3914),
(5912, 2853, 3915),
(5913, 2853, 3916),
(5914, 2853, 3917),
(5915, 2853, 3918),
(5916, 2854, 3919),
(5917, 2854, 3920),
(5918, 2854, 3921),
(5919, 2854, 3922),
(5920, 2854, 3923),
(5921, 2855, 3924),
(5922, 2855, 3925),
(5923, 2855, 3926),
(5924, 2855, 3927),
(5925, 2855, 3928),
(5926, 2856, 3929),
(5927, 2856, 3930),
(5928, 2856, 3931),
(5929, 2856, 3932),
(5930, 2856, 3933),
(5931, 2857, 3934),
(5932, 2857, 3935),
(5933, 2857, 3936),
(5934, 2857, 3937),
(5935, 2857, 3938),
(5936, 2858, 3939),
(5937, 2858, 3940),
(5938, 2858, 3941),
(5939, 2858, 3942),
(5940, 2858, 3943),
(5941, 2859, 3872),
(5942, 2859, 3873),
(5943, 2859, 3874),
(5944, 2859, 3875),
(5945, 2859, 3876),
(5946, 2860, 3944),
(5947, 2860, 3945),
(5948, 2860, 3946),
(5949, 2860, 3947),
(5950, 2860, 3948),
(5951, 2861, 3949),
(5952, 2861, 3950),
(5953, 2861, 3951),
(5954, 2861, 3952),
(5955, 2861, 3953),
(5956, 2862, 3954),
(5957, 2862, 3955),
(5958, 2862, 3956),
(5959, 2862, 3957),
(5960, 2862, 3958),
(5961, 2863, 3959),
(5962, 2863, 3960),
(5963, 2863, 3961),
(5964, 2863, 3962),
(5965, 2863, 3963),
(5966, 2864, 3964),
(5967, 2864, 3965),
(5968, 2864, 3966),
(5969, 2864, 3967),
(5970, 2864, 3968),
(5971, 2865, 3969),
(5972, 2865, 3970),
(5973, 2865, 3971),
(5974, 2865, 3972),
(5975, 2865, 3973),
(5976, 2866, 3974),
(5977, 2866, 3975),
(5978, 2866, 3976),
(5979, 2866, 3977),
(5980, 2866, 3978),
(5981, 2867, 3649),
(5982, 2867, 3650),
(5983, 2867, 3651),
(5984, 2867, 3652),
(5985, 2867, 3653),
(5986, 2868, 3979),
(5987, 2868, 3980),
(5988, 2868, 3981),
(5989, 2868, 3982),
(5990, 2868, 3983),
(5991, 2869, 3984),
(5992, 2869, 3985),
(5993, 2869, 3986),
(5994, 2869, 3987),
(5995, 2869, 3988),
(5996, 2870, 3989),
(5997, 2870, 3990),
(5998, 2870, 3991),
(5999, 2870, 3992),
(6000, 2870, 3993),
(6001, 2871, 3994),
(6002, 2871, 3995),
(6003, 2871, 3996),
(6004, 2871, 3997),
(6005, 2871, 3998),
(6006, 2872, 3999),
(6007, 2872, 4000),
(6008, 2872, 4001),
(6009, 2872, 4002),
(6010, 2872, 4003),
(6011, 2873, 4004),
(6012, 2873, 4005),
(6013, 2873, 4006),
(6014, 2873, 4007),
(6015, 2873, 4008),
(6016, 2874, 4009),
(6017, 2874, 4010),
(6018, 2874, 4011),
(6019, 2874, 4012),
(6020, 2874, 4013),
(6021, 2875, 4014),
(6022, 2875, 4015),
(6023, 2875, 4016),
(6024, 2875, 4017),
(6025, 2875, 4018),
(6026, 2876, 4019),
(6027, 2876, 4020),
(6028, 2876, 4021),
(6029, 2876, 4022),
(6030, 2876, 4023),
(6031, 2877, 4024),
(6032, 2877, 4025),
(6033, 2877, 4026),
(6034, 2878, 1213),
(6035, 2878, 1214),
(6036, 2878, 1215),
(6037, 2879, 4027),
(6038, 2879, 4028),
(6039, 2879, 4029),
(6040, 2880, 4030),
(6041, 2880, 4031),
(6042, 2880, 4032),
(6043, 2881, 4033),
(6044, 2881, 4034),
(6045, 2881, 4035),
(6046, 2882, 3654),
(6047, 2882, 3655),
(6048, 2882, 3656),
(6049, 2883, 3882),
(6050, 2883, 3883),
(6051, 2883, 3884),
(6052, 2884, 4036),
(6053, 2884, 4037),
(6054, 2884, 4038),
(6055, 2885, 4039),
(6056, 2885, 4040),
(6057, 2885, 4041),
(6058, 2886, 4042),
(6059, 2886, 4043),
(6060, 2886, 4044),
(6061, 2887, 4045),
(6062, 2887, 4046),
(6063, 2887, 4047),
(6064, 2929, 3214),
(6065, 2929, 4048),
(6066, 2929, 4049),
(6067, 2929, 4050),
(6068, 2929, 4051),
(6069, 2929, 4052),
(6070, 2929, 4053),
(6071, 2929, 4054),
(6072, 2929, 4055),
(6073, 2929, 4056),
(6074, 2930, 4057),
(6075, 2930, 4058),
(6076, 2930, 4059),
(6077, 2930, 4060),
(6078, 2930, 4061),
(6079, 2930, 4062),
(6080, 2930, 4063),
(6081, 2930, 4064),
(6082, 2930, 4065),
(6083, 2930, 4066),
(6084, 2933, 1316),
(6085, 2933, 1317),
(6086, 2933, 1318),
(6087, 2933, 1319),
(6088, 2933, 1320),
(6089, 2933, 1321),
(6090, 2933, 1322),
(6091, 2933, 1323),
(6092, 2933, 1324),
(6093, 2933, 4067),
(6094, 2934, 2711),
(6095, 2934, 3297),
(6096, 2934, 4068),
(6097, 2934, 4069),
(6098, 2934, 4070),
(6099, 2934, 4071),
(6100, 2934, 4072),
(6101, 2934, 4073),
(6102, 2934, 4074),
(6103, 2934, 4075),
(6104, 2935, 2318),
(6105, 2935, 2319),
(6106, 2935, 2320),
(6107, 2935, 2321),
(6108, 2935, 2322),
(6109, 2935, 2323),
(6110, 2935, 2324),
(6111, 2935, 2325),
(6112, 2935, 2326),
(6113, 2935, 2327),
(6114, 2936, 2298),
(6115, 2936, 2299),
(6116, 2936, 2300),
(6117, 2936, 2301),
(6118, 2936, 2302),
(6119, 2936, 2303),
(6120, 2936, 2304),
(6121, 2936, 2305),
(6122, 2936, 2306),
(6123, 2936, 2307),
(6124, 2937, 2728),
(6125, 2937, 2729),
(6126, 2937, 3119),
(6127, 2937, 4076),
(6128, 2937, 4077),
(6129, 2937, 4078),
(6130, 2937, 4079),
(6131, 2937, 4080),
(6132, 2937, 4081),
(6133, 2937, 4082),
(6134, 2944, 2962),
(6135, 2944, 2750),
(6136, 2944, 2751),
(6137, 2944, 3100),
(6138, 2944, 4083),
(6139, 2944, 4084),
(6140, 2944, 4085),
(6141, 2944, 4086),
(6142, 2944, 4087),
(6143, 2944, 4088),
(6144, 2945, 2990),
(6145, 2945, 9),
(6146, 2945, 10),
(6147, 2945, 11),
(6148, 2945, 12),
(6149, 2945, 3147),
(6150, 2945, 3148),
(6151, 2945, 3149),
(6152, 2945, 3150),
(6153, 2945, 3151),
(6154, 2946, 1335),
(6155, 2946, 26),
(6156, 2946, 27),
(6157, 2946, 28),
(6158, 2946, 29),
(6159, 2946, 30),
(6160, 2946, 31),
(6161, 2946, 32),
(6162, 2946, 33),
(6163, 2946, 34),
(6164, 2947, 3528),
(6165, 2947, 19),
(6166, 2947, 20),
(6167, 2947, 21),
(6168, 2947, 22),
(6169, 2947, 1366),
(6170, 2947, 1367),
(6171, 2947, 1368),
(6172, 2947, 1369),
(6173, 2947, 1370),
(6174, 2948, 3215),
(6175, 2948, 25),
(6176, 2948, 3301),
(6177, 2948, 4089),
(6178, 2948, 4090),
(6179, 2948, 4091),
(6180, 2948, 4092),
(6181, 2948, 4093),
(6182, 2948, 4094),
(6183, 2948, 4095),
(6184, 2949, 1630),
(6185, 2949, 13),
(6186, 2949, 14),
(6187, 2949, 15),
(6188, 2949, 16),
(6189, 2949, 17),
(6190, 2949, 18),
(6191, 2949, 1631),
(6192, 2949, 1632),
(6193, 2949, 1633),
(6194, 3022, 3215),
(6195, 3022, 25),
(6196, 3022, 3301),
(6197, 3022, 4089),
(6198, 3022, 4090),
(6199, 3022, 4091),
(6200, 3022, 4092),
(6201, 3022, 4093),
(6202, 3022, 4094),
(6203, 3022, 4095);

-- --------------------------------------------------------

--
-- Struktura tabeli dla tabeli `countries`
--

CREATE TABLE `countries` (
  `ID` int(11) NOT NULL,
  `COUNTRY` varchar(60) DEFAULT NULL
) ENGINE=InnoDB DEFAULT CHARSET=utf8mb4 COLLATE=utf8mb4_general_ci;

--
-- Dumping data for table `countries`
--

INSERT INTO `countries` (`ID`, `COUNTRY`) VALUES
(1, 'Afghanistan'),
(2, 'Albania'),
(3, 'Algeria'),
(4, 'Andorra'),
(5, 'Angola'),
(6, 'Antigua and Barbuda'),
(7, 'Argentina'),
(8, 'Armenia'),
(9, 'Australia'),
(10, 'Austria'),
(11, 'Azerbaijan'),
(12, 'Bahamas'),
(13, 'Bahrain'),
(14, 'Bangladesh'),
(15, 'Barbados'),
(16, 'Belarus'),
(17, 'Belgium'),
(18, 'Belize'),
(19, 'Benin'),
(20, 'Bhutan'),
(21, 'Bolivia'),
(22, 'Bosnia and Herzegovina'),
(23, 'Botswana'),
(24, 'Brazil'),
(25, 'Brunei'),
(26, 'Bulgaria'),
(27, 'Burkina Faso'),
(28, 'Burundi'),
(29, 'Cabo Verde'),
(30, 'Cambodia'),
(31, 'Cameroon'),
(32, 'Canada'),
(33, 'Central African Republic'),
(34, 'Chad'),
(35, 'Chile'),
(36, 'China'),
(37, 'Colombia'),
(38, 'Comoros'),
(39, 'Congo, Democratic Republic of the'),
(40, 'Congo, Republic of the'),
(41, 'Costa Rica'),
(42, 'Croatia'),
(43, 'Cuba'),
(44, 'Cyprus'),
(45, 'Czech Republic'),
(46, 'Denmark'),
(47, 'Djibouti'),
(48, 'Dominica'),
(49, 'Dominican Republic'),
(50, 'Ecuador'),
(51, 'Egypt'),
(52, 'El Salvador'),
(53, 'Equatorial Guinea'),
(54, 'Eritrea'),
(55, 'Estonia'),
(56, 'Eswatini'),
(57, 'Ethiopia'),
(58, 'Fiji'),
(59, 'Finland'),
(60, 'France'),
(61, 'Gabon'),
(62, 'Gambia'),
(63, 'Georgia'),
(64, 'Germany'),
(65, 'Ghana'),
(66, 'Greece'),
(67, 'Grenada'),
(68, 'Guatemala'),
(69, 'Guinea'),
(70, 'Guinea-Bissau'),
(71, 'Guyana'),
(72, 'Haiti'),
(73, 'Honduras'),
(74, 'Hungary'),
(75, 'Iceland'),
(76, 'India'),
(77, 'Indonesia'),
(78, 'Iran'),
(79, 'Iraq'),
(80, 'Ireland'),
(81, 'Israel'),
(82, 'Italy'),
(83, 'Ivory Coast'),
(84, 'Jamaica'),
(85, 'Japan'),
(86, 'Jordan'),
(87, 'Kazakhstan'),
(88, 'Kenya'),
(89, 'Kiribati'),
(90, 'Korea, North'),
(91, 'Korea, South'),
(195, 'Kosovo'),
(92, 'Kuwait'),
(93, 'Kyrgyzstan'),
(94, 'Laos'),
(95, 'Latvia'),
(96, 'Lebanon'),
(97, 'Lesotho'),
(98, 'Liberia'),
(99, 'Libya'),
(100, 'Liechtenstein'),
(101, 'Lithuania'),
(102, 'Luxembourg'),
(103, 'Madagascar'),
(104, 'Malawi'),
(105, 'Malaysia'),
(106, 'Maldives'),
(107, 'Mali'),
(108, 'Malta'),
(109, 'Marshall Islands'),
(110, 'Mauritania'),
(111, 'Mauritius'),
(112, 'Mexico'),
(113, 'Micronesia'),
(114, 'Moldova'),
(115, 'Monaco'),
(116, 'Mongolia'),
(117, 'Montenegro'),
(118, 'Morocco'),
(119, 'Mozambique'),
(120, 'Myanmar'),
(121, 'Namibia'),
(122, 'Nauru'),
(123, 'Nepal'),
(124, 'Netherlands'),
(125, 'New Zealand'),
(126, 'Nicaragua'),
(127, 'Niger'),
(128, 'Nigeria'),
(129, 'North Macedonia'),
(130, 'Norway'),
(131, 'Oman'),
(132, 'Pakistan'),
(133, 'Palau'),
(134, 'Panama'),
(135, 'Papua New Guinea'),
(136, 'Paraguay'),
(137, 'Peru'),
(138, 'Philippines'),
(139, 'Poland'),
(140, 'Portugal'),
(141, 'Qatar'),
(142, 'Romania'),
(143, 'Russia'),
(144, 'Rwanda'),
(145, 'Saint Kitts and Nevis'),
(146, 'Saint Lucia'),
(147, 'Saint Vincent and the Grenadines'),
(148, 'Samoa'),
(149, 'San Marino'),
(150, 'Sao Tome and Principe'),
(151, 'Saudi Arabia'),
(152, 'Senegal'),
(153, 'Serbia'),
(154, 'Seychelles'),
(155, 'Sierra Leone'),
(156, 'Singapore'),
(157, 'Slovakia'),
(158, 'Slovenia'),
(159, 'Solomon Islands'),
(160, 'Somalia'),
(161, 'South Africa'),
(162, 'South Sudan'),
(163, 'Spain'),
(164, 'Sri Lanka'),
(165, 'Sudan'),
(166, 'Suriname'),
(167, 'Sweden'),
(168, 'Switzerland'),
(169, 'Syria'),
(196, 'Taiwan'),
(170, 'Tajikistan'),
(171, 'Tanzania'),
(172, 'Thailand'),
(173, 'Timor-Leste'),
(174, 'Togo'),
(175, 'Tonga'),
(176, 'Trinidad and Tobago'),
(177, 'Tunisia'),
(178, 'Turkey'),
(179, 'Turkmenistan'),
(180, 'Tuvalu'),
(181, 'Uganda'),
(182, 'Ukraine'),
(183, 'United Arab Emirates'),
(184, 'United Kingdom'),
(185, 'United States'),
(186, 'Uruguay'),
(187, 'Uzbekistan'),
(188, 'Vanuatu'),
(189, 'Vatican City'),
(190, 'Venezuela'),
(191, 'Vietnam'),
(192, 'Yemen'),
(193, 'Zambia'),
(194, 'Zimbabwe');

-- --------------------------------------------------------

--
-- Struktura tabeli dla tabeli `developers`
--

CREATE TABLE `developers` (
  `ID` int(11) NOT NULL,
  `NAME` varchar(55) DEFAULT NULL
) ENGINE=InnoDB DEFAULT CHARSET=utf8mb4 COLLATE=utf8mb4_general_ci;

--
-- Dumping data for table `developers`
--

INSERT INTO `developers` (`ID`, `NAME`) VALUES
(77, '24 Entertainment'),
(79, '343 Industries'),
(5, '4A Games'),
(10, 'Amanita Design'),
(70, 'Amazon Games'),
(58, 'Arrowhead Game Studios'),
(64, 'Aurora Studio'),
(69, 'Avalanche Software'),
(45, 'Behaviour Interactive Inc.'),
(55, 'BetaDwarf'),
(44, 'Bethesda Game Studios'),
(34, 'Blue Mammoth Games'),
(13, 'Bohemia Interactive'),
(71, 'Bungie'),
(60, 'CAPCOM Co., Ltd.'),
(35, 'CD PROJEKT RED'),
(88, 'Codemasters'),
(29, 'Colossal Order Ltd.'),
(47, 'ConcernedApe'),
(48, 'Crazy Rocks Studios'),
(50, 'Daybreak Game Company'),
(82, 'DICE'),
(21, 'Digital Extremes'),
(56, 'DONTNOD Entertainment'),
(85, 'EA Canada & EA Romania'),
(67, 'Eleventh Hour Games'),
(25, 'Endnight Games Ltd'),
(52, 'Evil Mojo Games'),
(7, 'Facepunch Studios'),
(8, 'Firaxis Games'),
(36, 'Freejam'),
(65, 'FromSoftware'),
(80, 'FromSoftware Inc.'),
(43, 'FromSoftware, Inc.'),
(22, 'Gaijin Entertainment'),
(37, 'gamigo US Inc.'),
(2, 'Gearbox Software'),
(23, 'Grinding Gear Games'),
(61, 'Hopoo Games'),
(68, 'Innersloth'),
(66, 'Iron Gate AB'),
(63, 'Kinetic Games'),
(39, 'Klei Entertainment'),
(59, 'KRAFTON, Inc.'),
(72, 'Larian Studios'),
(78, 'Maxis'),
(74, 'Mediatonic'),
(33, 'MY.GAMES'),
(26, 'Nicalis, Inc.'),
(54, 'No Brakes Games'),
(18, 'No More Room in Hell Team'),
(17, 'OVERKILL - a Starbreeze Studio.'),
(87, 'Playground Games'),
(84, 'Pocketpair'),
(28, 'Psyonix LLC'),
(4, 'Quiet River'),
(1, 'Rare Ltd'),
(9, 'Re-Logic'),
(6, 'Red Barrels'),
(62, 'Redbeet Interactive'),
(75, 'Respawn'),
(90, 'Riot Games'),
(76, 'Rockstar Games'),
(31, 'Rockstar North'),
(16, 'Rogue Planet Games'),
(12, 'Saber Interactive'),
(89, 'Sanan Ahmed'),
(19, 'SCS Software'),
(32, 'Senscape'),
(86, 'Sledgehammer Games'),
(38, 'Smartly Dressed Games'),
(83, 'Smilegate RPG'),
(40, 'Studio Wildcard'),
(30, 'TaleWorlds Entertainment'),
(42, 'Team Cherry'),
(24, 'Techland'),
(15, 'The Behemoth'),
(27, 'The Fun Pimps'),
(14, 'The Indie Stone'),
(46, 'Titan Forge Games'),
(20, 'TLM Partners'),
(41, 'Ubisoft Montreal'),
(57, 'VALOFE'),
(11, 'Valve'),
(73, 'Visual Concepts'),
(51, 'VRChat Inc.'),
(49, 'Wallpaper Engine Team'),
(53, 'Wargaming Group Limited'),
(3, 'Zeekerss'),
(81, '鬼谷工作室');

-- --------------------------------------------------------

--
-- Struktura tabeli dla tabeli `discounts`
--

CREATE TABLE `discounts` (
  `ID` int(11) NOT NULL,
  `AMOUNT` int(11) DEFAULT NULL,
  `NAME` varchar(255) DEFAULT NULL,
  `START_TIME` datetime DEFAULT NULL,
  `END_TIME` datetime DEFAULT NULL
) ENGINE=InnoDB DEFAULT CHARSET=utf8mb4 COLLATE=utf8mb4_general_ci;

-- --------------------------------------------------------

--
-- Struktura tabeli dla tabeli `games`
--

CREATE TABLE `games` (
  `ID` int(11) NOT NULL,
  `DEVELOPER_ID` int(11) DEFAULT NULL,
  `PUBLISHER_ID` int(11) DEFAULT NULL,
  `PRICE_ID` int(11) DEFAULT NULL,
  `TITLE` varchar(255) DEFAULT NULL,
  `LOGO_URL` varchar(255) DEFAULT NULL,
  `DESCRIPTION` text DEFAULT NULL,
  `RELEASE_DATE` date NOT NULL DEFAULT current_timestamp()
) ENGINE=InnoDB DEFAULT CHARSET=utf8mb4 COLLATE=utf8mb4_general_ci;

--
-- Dumping data for table `games`
--

INSERT INTO `games` (`ID`, `DEVELOPER_ID`, `PUBLISHER_ID`, `PRICE_ID`, `TITLE`, `LOGO_URL`, `DESCRIPTION`, `RELEASE_DATE`) VALUES
(1, 1, 1, 1, 'Sea of Thieves: 2024 Edition', 'https://shared.akamai.steamstatic.com/store_item_assets/steam/apps/1172620/header.jpg?t=1714490015', 'Sea of Thieves is a smash-hit pirate adventure game, offering the quintessential pirate experience of plundering lost treasures, intense battles, vanquishing sea monsters and more. Dive in with this revised edition of the game, which includes access to digital bonus media.', '2020-06-03'),
(2, 10, 2, 2, 'Samorost 1', 'https://shared.akamai.steamstatic.com/store_item_assets/steam/apps/1580970/header.jpg?t=1669303625', 'Explore the beginnings of the Samorost series in the space gnome’s original bite-sized adventure, formerly released in 2003. Now with remastered sounds, enhanced graphics, and new music by Floex.', '2003-10-01'),
(3, 11, 3, 3, 'Aperture Desk Job', 'https://shared.akamai.steamstatic.com/store_item_assets/steam/apps/1902490/header.jpg?t=1698914307', 'Introducing Aperture Desk Job — a free playable short made for the Steam Deck, set in the universe of the modestly popular Portal games.', '2022-03-01'),
(4, 12, 4, 3, 'MudRunner', 'https://shared.akamai.steamstatic.com/store_item_assets/steam/apps/675010/header.jpg?t=1712313229', 'MudRunner is the ultimate off-road experience putting the players in the driver seat and dares them to take charge of incredible all-terrain vehicles, venturing across extreme Siberian landscapes with only a map and compass as guides!', '2017-10-31'),
(5, 3, 5, 5, 'Lethal Company', 'https://shared.akamai.steamstatic.com/store_item_assets/steam/apps/1966720/header.jpg?t=1700231592', 'A co-op horror about scavenging at abandoned moons to sell scrap to the Company.', '2022-10-14'),
(6, 4, 6, 6, 'qop 2', 'https://shared.akamai.steamstatic.com/store_item_assets/steam/apps/757330/header.jpg?t=1674748089', 'qop 2 is a minimalistic puzzle which goal is to get the cube to finish using 4 directions in space.', '2019-02-28'),
(7, 4, 6, 7, 'Zup! Zero 2', 'https://shared.akamai.steamstatic.com/store_item_assets/steam/apps/658550/header.jpg?t=1674747780', 'Minimal physical puzzle with explosions', '2020-04-30'),
(8, 4, 6, 8, 'Zup! XS', 'https://shared.akamai.steamstatic.com/store_item_assets/steam/apps/673800/header.jpg?t=1674751142', 'Experimental minimal physical puzzle with explosions.', '2020-04-30'),
(9, 4, 6, 3, 'Zup! 5', 'https://shared.akamai.steamstatic.com/store_item_assets/steam/apps/645090/header.jpg?t=1674747380', 'Minimal physical puzzle with explosions', '2020-04-30'),
(10, 4, 6, 9, 'Zup! 7', 'https://shared.akamai.steamstatic.com/store_item_assets/steam/apps/658560/header.jpg?t=1674747519', 'Minimal physical puzzle with explosions', '2020-04-30'),
(11, 4, 6, 3, 'Zup! 8', 'https://shared.akamai.steamstatic.com/store_item_assets/steam/apps/799070/header.jpg?t=1674747595', 'Minimal physical puzzle with explosions', '2020-04-30'),
(12, 5, 7, 10, 'Metro Exodus', 'https://shared.akamai.steamstatic.com/store_item_assets/steam/apps/412020/header.jpg?t=1706778291', 'Flee the shattered ruins of the Moscow Metro and embark on an epic, continent-spanning journey across the post-apocalyptic Russian wilderness. Explore vast, non-linear levels, lose yourself in an immersive, sandbox survival experience, and follow a thrilling story-line that spans an entire year in the greatest Metro adventure yet.', '2019-02-15'),
(13, 5, 7, 11, 'Metro: Last Light Redux', 'https://shared.akamai.steamstatic.com/store_item_assets/steam/apps/287390/header.jpg?t=1709553119', 'It is the year 2034. Beneath the ruins of post-apocalyptic Moscow, in the tunnels of the Metro, the remnants of mankind are besieged by deadly threats from outside – and within. Mutants stalk the catacombs beneath the desolate surface, and hunt amidst the poisoned skies above.', '2014-08-26'),
(14, 5, 7, 2, 'Metro 2033 Redux', 'https://shared.akamai.steamstatic.com/store_item_assets/steam/apps/286690/header.jpg?t=1709553030', 'In 2013 the world was devastated by an apocalyptic event, annihilating almost all mankind and turning the Earth\'s surface into a poisonous wasteland. A handful of survivors took refuge in the depths of the Moscow underground, and human civilization entered a new Dark Age. The year is 2033.', '2014-08-26'),
(15, 6, 8, 14, 'Outlast', 'https://shared.akamai.steamstatic.com/store_item_assets/steam/apps/238320/header.jpg?t=1666817106', 'Hell is an experiment you can\'t survive in Outlast, a first-person survival horror game developed by veterans of some of the biggest game franchises in history. As investigative journalist Miles Upshur, explore Mount Massive Asylum and try to survive long enough to discover its terrible secret... if you dare.', '2013-09-04'),
(16, 11, 3, 3, 'Counter-Strike', 'https://shared.akamai.steamstatic.com/store_item_assets/steam/apps/10/header.jpg?t=1666823513', 'Play the world\'s number 1 online action game. Engage in an incredibly realistic brand of terrorist warfare in this wildly popular team-based game. Ally with teammates to complete strategic missions. Take out enemy sites. Rescue hostages. Your role affects your team\'s success. Your team\'s success affects your role.', '2000-11-08'),
(17, 11, 3, 4, 'Ricochet', 'https://shared.akamai.steamstatic.com/store_item_assets/steam/apps/60/header.jpg?t=1599518374', 'A futuristic action game that challenges your agility as well as your aim, Ricochet features one-on-one and team matches played in a variety of futuristic battle arenas.', '2001-12-08'),
(18, 11, 3, 4, 'Counter-Strike: Condition Zero', 'https://shared.akamai.steamstatic.com/store_item_assets/steam/apps/80/header.jpg?t=1602535977', 'With its extensive Tour of Duty campaign, a near-limitless number of skirmish modes, updates and new content for Counter-Strike\'s award-winning multiplayer game play, plus over 12 bonus single player missions, Counter-Strike: Condition Zero is a tremendous offering of single and multiplayer content.', '2004-03-23'),
(19, 11, 3, 12, 'Counter-Strike: Source', 'https://shared.akamai.steamstatic.com/store_item_assets/steam/apps/240/header.jpg?t=1666823740', 'Counter-Strike: Source blends Counter-Strike\'s award-winning teamplay action with the advanced technology of Source™ technology.', '2004-10-07'),
(20, 11, 3, 6, 'Half-Life 2: Deathmatch', 'https://shared.akamai.steamstatic.com/store_item_assets/steam/apps/320/header.jpg?t=1602536087', 'Fast multiplayer action set in the Half-Life 2 universe! HL2\'s physics adds a new dimension to deathmatch play. Play straight deathmatch or try Combine vs. Resistance teamplay. Toss a toilet at your friend today!', '2004-11-30'),
(21, 11, 3, 8, 'Half-Life 2: Lost Coast', 'https://shared.akamai.steamstatic.com/store_item_assets/steam/apps/340/header.jpg?t=1571757270', 'Originally planned as a section of the Highway 17 chapter of Half-Life 2, Lost Coast is a playable technology showcase that introduces High Dynamic Range lighting to the Source engine.', '2005-11-01'),
(22, 11, 3, 9, 'Portal', 'https://shared.akamai.steamstatic.com/store_item_assets/steam/apps/400/header.jpg?t=1699003695', 'Portal&trade; is a new single player game from Valve. Set in the mysterious Aperture Science Laboratories, Portal has been called one of the most innovative new games on the horizon and will offer gamers hours of unique gameplay.', '2007-10-10'),
(23, 11, 3, 3, 'Team Fortress 2', 'https://shared.akamai.steamstatic.com/store_item_assets/steam/apps/440/header.jpg?t=1695767057', 'Nine distinct classes provide a broad range of tactical abilities and personalities. Constantly updated with new game modes, maps, equipment and, most importantly, hats!', '2007-10-10'),
(24, 11, 3, 2, 'Left 4 Dead 2', 'https://shared.akamai.steamstatic.com/store_item_assets/steam/apps/550/header.jpg?t=1713549936', 'Set in the zombie apocalypse, Left 4 Dead 2 (L4D2) is the highly anticipated sequel to the award-winning Left 4 Dead, the #1 co-op game of 2008. This co-operative action horror FPS takes you and your friends through the cities, swamps and cemeteries of the Deep South, from Savannah to New Orleans across five expansive campaigns.', '2009-11-17'),
(25, 11, 3, 3, 'Dota 2', 'https://shared.akamai.steamstatic.com/store_item_assets/steam/apps/570/header.jpg?t=1714502360', 'Every day, millions of players worldwide enter battle as one of over a hundred Dota heroes. And no matter if it\'s their 10th hour of play or 1,000th, there\'s always something new to discover. With regular updates that ensure a constant evolution of gameplay, features, and heroes, Dota 2 has taken on a life of its own.', '2013-07-09'),
(26, 11, 3, 3, 'Portal 2', 'https://shared.akamai.steamstatic.com/store_item_assets/steam/apps/620/header.jpg?t=1698805825', 'The &quot;Perpetual Testing Initiative&quot; has been expanded to allow you to design co-op puzzles for you and your friends!', '2011-04-18'),
(27, 11, 3, 7, 'Counter-Strike 2', 'https://shared.akamai.steamstatic.com/store_item_assets/steam/apps/730/header.jpg?t=1716504320', 'For over two decades, Counter-Strike has offered an elite competitive experience, one shaped by millions of players from across the globe. And now the next chapter in the CS story is about to begin. This is Counter-Strike 2.', '2012-08-21'),
(28, 7, 3, 8, 'Garry\'s Mod', 'https://shared.akamai.steamstatic.com/store_item_assets/steam/apps/4000/header.jpg?t=1710347075', 'Garry\'s Mod is a physics sandbox. There aren\'t any predefined aims or goals. We give you the tools and leave you to play.', '2006-11-29'),
(29, 8, 9, 7, 'Sid Meier\'s Civilization® V', 'https://shared.akamai.steamstatic.com/store_item_assets/steam/apps/8930/header.jpg?t=1579731804', 'Create, discover, and download new player-created maps, scenarios, interfaces, and more!', '2010-09-21'),
(30, 2, 9, 10, 'Borderlands 2', 'https://shared.akamai.steamstatic.com/store_item_assets/steam/apps/49520/header.jpg?t=1693524237', 'The Ultimate Vault Hunter’s Upgrade lets you get the most out of the Borderlands 2 experience.', '2012-09-18'),
(31, 9, 10, 5, 'Terraria', 'https://shared.akamai.steamstatic.com/store_item_assets/steam/apps/105600/header.jpg?t=1666290860', 'Dig, fight, explore, build! Nothing is impossible in this action-packed adventure game. Four Pack also available!', '2011-05-16'),
(32, 13, 11, 5, 'Arma 3', 'https://shared.akamai.steamstatic.com/store_item_assets/steam/apps/107410/header.jpg?t=1709821285', 'Experience true combat gameplay in a massive military sandbox. Deploying a wide variety of single- and multiplayer content, over 20 vehicles and 40 weapons, and limitless opportunities for content creation, this is the PC’s premier military game. Authentic, diverse, open - Arma 3 sends you to war.', '2013-09-12'),
(33, 14, 12, 3, 'Project Zomboid', 'https://shared.akamai.steamstatic.com/store_item_assets/steam/apps/108600/header.jpg?t=1691508011', 'Project Zomboid is the ultimate in zombie survival. Alone or in MP: you loot, build, craft, fight, farm and fish in a struggle to survive. A hardcore RPG skillset, a vast map, massively customisable sandbox and a cute tutorial raccoon await the unwary. So how will you die? All it takes is a bite..', '2013-11-08'),
(34, 15, 13, 4, 'Castle Crashers®', 'https://shared.akamai.steamstatic.com/store_item_assets/steam/apps/204360/header.jpg?t=1707857982', 'Hack, slash, and smash your way to victory in this award winning 2D arcade adventure from The Behemoth!', '2008-12-01'),
(35, 16, 14, 9, 'PlanetSide 2', 'https://shared.akamai.steamstatic.com/store_item_assets/steam/apps/218230/header.jpg?t=1700252005', 'PlanetSide 2 is an all-out planetary war, where thousands of players battle as one across enormous continents. Utilize infantry, ground and air vehicles, and teamwork to destroy your enemies in this revolutionary first-person shooter on a massive scale.', '2012-03-24'),
(36, 17, 15, 3, 'PAYDAY 2', 'https://shared.akamai.steamstatic.com/store_item_assets/steam/apps/218620/header.jpg?t=1712649983', 'PAYDAY 2 is an action-packed, four-player co-op shooter that once again lets gamers don the masks of the original PAYDAY crew - Dallas, Hoxton, Wolf and Chains - as they descend on Washington DC for an epic crime spree.', '2013-01-11'),
(37, 13, 11, 6, 'DayZ', 'https://shared.akamai.steamstatic.com/store_item_assets/steam/apps/221100/header.jpg?t=1716813080', 'How long can you survive a post-apocalyptic world? A land overrun with an infected &quot;zombie&quot; population, where you compete with other survivors for limited resources. Will you team up with strangers and stay strong together? Or play as a lone wolf to avoid betrayal? This is DayZ – this is your story.', '2018-06-12'),
(38, 18, 16, 8, 'No More Room in Hell', 'https://shared.akamai.steamstatic.com/store_item_assets/steam/apps/224260/header.jpg?t=1696263772', 'The chances of you surviving this all out war of society and the undead are slim to none. Already, there are millions of the walking dead shambling about, searching for food to eat. There\'s no known cure. One bite can possibly end it all for you. However, you aren\'t alone in this nightmare.', '1995-06-15'),
(39, 19, 17, 3, 'Euro Truck Simulator 2', 'https://shared.akamai.steamstatic.com/store_item_assets/steam/apps/227300/header.jpg?t=1716524980', 'Travel across Europe as king of the road, a trucker who delivers important cargo across impressive distances! With dozens of cities to explore, your endurance, skill and speed will all be pushed to their limits.', '1996-08-23'),
(40, 20, 18, 3, 'Heroes & Generals', 'https://shared.akamai.steamstatic.com/store_item_assets/steam/apps/227940/header.jpg?t=1685049235', 'Shoot, blow sh!t up, fly or bark orders in the ultimate Free-to-Play, large scale, multiplayer, shooter experience. Thousands of players in multiple battles fighting one massive war of nations. The first to capture 15 cities takes the glory.', '1997-12-05'),
(41, 21, 19, 3, 'Warframe', 'https://shared.akamai.steamstatic.com/store_item_assets/steam/apps/230410/header.jpg?t=1715792355', 'Awaken as an unstoppable warrior and battle alongside your friends in this story-driven free-to-play online action game', '1998-03-14'),
(42, 22, 20, 7, 'War Thunder', 'https://shared.akamai.steamstatic.com/store_item_assets/steam/apps/236390/header.jpg?t=1713793346', 'War Thunder is the most comprehensive free-to-play, cross-platform, MMO military game dedicated to aviation, armoured vehicles, and naval craft, from the early 20th century to the most advanced modern combat units. Join now and take part in major battles on land, in the air, and at sea.', '1999-11-11'),
(43, 23, 21, 3, 'Path of Exile', 'https://shared.akamai.steamstatic.com/store_item_assets/steam/apps/238960/header.jpg?t=1711061755', 'You are an Exile, struggling to survive on the dark continent of Wraeclast, as you fight to earn power that will allow you to exact your revenge against those who wronged you. Path of Exile is an online Action RPG set in a dark fantasy world. The game is completely free and will never be pay-to-win.', '2000-02-20'),
(44, 24, 22, 9, 'Dying Light', 'https://shared.akamai.steamstatic.com/store_item_assets/steam/apps/239140/header.jpg?t=1716215526', 'First-person action survival game set in a post-apocalyptic open world overrun by flesh-hungry zombies. Roam a city devastated by a mysterious virus epidemic. Scavenge for supplies, craft weapons, and face hordes of the infected.', '2001-07-19'),
(45, 25, 23, 6, 'The Forest', 'https://shared.akamai.steamstatic.com/store_item_assets/steam/apps/242760/header.jpg?t=1699381053', 'As the lone survivor of a passenger jet crash, you find yourself in a mysterious forest battling to stay alive against a society of cannibalistic mutants. Build, explore, survive in this terrifying first person survival horror simulator.', '2002-09-22'),
(46, 26, 24, 5, 'The Binding of Isaac: Rebirth', 'https://shared.akamai.steamstatic.com/store_item_assets/steam/apps/250900/header.jpg?t=1617174663', 'The Binding of Isaac: Rebirth is a randomly generated action RPG shooter with heavy Rogue-like elements. Following Isaac on his journey players will find bizarre treasures that change Isaac’s form giving him super human abilities and enabling him to fight off droves of mysterious creatures, discover secrets and fight his way to safety.', '2003-05-30'),
(47, 27, 25, 5, '7 Days to Die', 'https://shared.akamai.steamstatic.com/store_item_assets/steam/apps/251570/header.jpg?t=1702072288', '7 Days to Die is an open-world game that is a unique combination of first-person shooter, survival horror, tower defense, and role-playing games. Play the definitive zombie survival sandbox RPG that came first. Navezgane awaits!', '2004-01-15'),
(48, 7, 26, 3, 'Rust', 'https://shared.akamai.steamstatic.com/store_item_assets/steam/apps/252490/header.jpg?t=1715591843', 'The only aim in Rust is to survive. Everything wants you to die - the island’s wildlife and other inhabitants, the environment, other survivors. Do whatever it takes to last another night.', '2005-11-21'),
(49, 28, 27, 9, 'Rocket League®', 'https://shared.akamai.steamstatic.com/store_item_assets/steam/apps/252950/header.jpg?t=1709743255', 'Rocket League is a high-powered hybrid of arcade-style soccer and vehicular mayhem with easy-to-understand controls and fluid, physics-driven competition. Rocket League includes casual and competitive Online Matches, a fully-featured offline Season Mode, special “Mutators” that let you change the rules entirely, hockey and...', '2006-10-02'),
(50, 29, 28, 6, 'Cities: Skylines', 'https://shared.akamai.steamstatic.com/store_item_assets/steam/apps/255710/header.jpg?t=1716480226', 'Cities: Skylines is a modern take on the classic city simulation. The game introduces new game play elements to realize the thrill and hardships of creating and maintaining a real city whilst expanding on some well-established tropes of the city building experience.', '2007-09-09'),
(51, 30, 29, 2, 'Mount & Blade II: Bannerlord', 'https://shared.akamai.steamstatic.com/store_item_assets/steam/apps/261550/header.jpg?t=1707212548', 'A strategy/action RPG. Create a character, engage in diplomacy, craft, trade and conquer new lands in a vast medieval sandbox. Raise armies to lead into battle and command and fight alongside your troops in massive real-time battles using a deep but intuitive skill-based combat system.', '2008-12-12'),
(52, 31, 30, 3, 'Grand Theft Auto V', 'https://shared.akamai.steamstatic.com/store_item_assets/steam/apps/271590/header.jpg?t=1716224849', 'Grand Theft Auto V for PC offers players the option to explore the award-winning world of Los Santos and Blaine County in resolutions of up to 4k and beyond, as well as the chance to experience the game running at 60 frames per second.', '2009-04-01'),
(53, 32, 31, 4, 'Serena', 'https://shared.akamai.steamstatic.com/store_item_assets/steam/apps/272060/header.jpg?t=1447360032', 'How long has it been? A man sits in a distant getaway cabin waiting for his wife Serena. Where is she? Things in the cabin evoke memories, and the husband comes to a disturbing realization... This short point-and-click adventure is the result of a massive collaborative effort between dozens of fans and designers of adventure games.', '2010-07-31'),
(54, 8, 9, 6, 'Sid Meier’s Civilization® VI', 'https://shared.akamai.steamstatic.com/store_item_assets/steam/apps/289070/header.jpg?t=1714163182', 'Civilization VI is the newest installment in the award winning Civilization Franchise. Expand your empire, advance your culture and go head-to-head against history’s greatest leaders. Will your civilization stand the test of time?', '2011-06-16'),
(55, 33, 32, 7, 'Warface: Clutch', 'https://shared.akamai.steamstatic.com/store_item_assets/steam/apps/291480/header.jpg?t=1714133775', 'Warface: Clutch is a contemporary MMO first person shooter with millions of fans around the world. It offers intense PvP modes, compelling PvE missions and raids that you can challenge with five diverse classes and a colossal customizable arsenal.', '2012-05-05'),
(56, 34, 33, 5, 'Brawlhalla', 'https://shared.akamai.steamstatic.com/store_item_assets/steam/apps/291550/header.jpg?t=1714571784', 'An epic platform fighter for up to 8 players online or local. Try casual free-for-alls, ranked matches, or invite friends to a private room. And it\'s free! Play cross-platform with millions of players on PlayStation, Xbox, Nintendo Switch, iOS, Android &amp; Steam! Frequent updates. Over fifty Legends.', '2013-03-14'),
(57, 35, 34, 3, 'The Witcher 3: Wild Hunt', 'https://shared.akamai.steamstatic.com/store_item_assets/steam/apps/292030/header.jpg?t=1716793585', 'You are Geralt of Rivia, mercenary monster slayer. Before you stands a war-torn, monster-infested continent you can explore at will. Your current contract? Tracking down Ciri — the Child of Prophecy, a living weapon that can alter the shape of the world.', '2015-05-18'),
(58, 36, 35, 5, 'Robocraft', 'https://shared.akamai.steamstatic.com/store_item_assets/steam/apps/301520/header.jpg?t=1706886871', 'Build insane, fully customisable robot battle vehicles that drive, hover, walk and fly in the free-to-play action game Robocraft. Add weapons from the future and jump in the driving seat as you take your creation into battle against other players online!', '2015-02-28'),
(59, 37, 36, 9, 'Trove', 'https://shared.akamai.steamstatic.com/store_item_assets/steam/apps/304050/header.jpg?t=1711468775', 'Grab your friends, hone your blades, and set off for adventure in Trove, the ultimate action MMO! Battle the forces of Shadow in realms filled with dungeons and items created by your fellow players. Whether hunting treasure or building realms of your own, it’s never been this good to be square!', '2016-03-15'),
(60, 38, 37, 6, 'Unturned', 'https://shared.akamai.steamstatic.com/store_item_assets/steam/apps/304930/header.jpg?t=1715460837', 'You\'re a survivor in the zombie infested ruins of society, and must work with your friends and forge alliances to remain among the living.', '2017-04-20'),
(61, 39, 38, 7, 'Don\'t Starve Together', 'https://shared.akamai.steamstatic.com/store_item_assets/steam/apps/322330/header_alt_assets_44.jpg?t=1714001244', 'Fight, Farm, Build and Explore Together in the standalone multiplayer expansion to the uncompromising wilderness survival game, Don\'t Starve.', '2018-05-25'),
(62, 40, 39, 4, 'ARK: Survival Evolved', 'https://shared.akamai.steamstatic.com/store_item_assets/steam/apps/346110/header.jpg?t=1709879597', 'Stranded on the shores of a mysterious island, you must learn to survive. Use your cunning to kill or tame the primeval creatures roaming the land, and encounter other players to survive, dominate... and escape!', '2019-06-30'),
(63, 41, 33, 8, 'Tom Clancy\'s Rainbow Six® Siege', 'https://shared.akamai.steamstatic.com/store_item_assets/steam/apps/359550/header.jpg?t=1715902855', 'Tom Clancy\'s Rainbow Six® Siege is an elite, tactical team-based shooter where superior planning and execution triumph.', '2020-07-15'),
(64, 42, 40, 3, 'Hollow Knight', 'https://shared.akamai.steamstatic.com/store_item_assets/steam/apps/367520/header.jpg?t=1695270428', 'Forge your own path in Hollow Knight! An epic action adventure through a vast ruined kingdom of insects and heroes. Explore twisting caverns, battle tainted creatures and befriend bizarre bugs, all in a classic, hand-drawn 2D style.', '2021-08-20'),
(65, 43, 41, 4, 'DARK SOULS™ III', 'https://shared.akamai.steamstatic.com/store_item_assets/steam/apps/374320/header.jpg?t=1700587390', 'Dark Souls continues to push the boundaries with the latest, ambitious chapter in the critically-acclaimed and genre-defining series. Prepare yourself and Embrace The Darkness!', '2022-09-25'),
(66, 44, 42, 5, 'Fallout 4', 'https://shared.akamai.steamstatic.com/store_item_assets/steam/apps/377160/header.jpg?t=1712851055', 'Bethesda Game Studios, the award-winning creators of Fallout 3 and The Elder Scrolls V: Skyrim, welcome you to the world of Fallout 4 – their most ambitious game ever, and the next generation of open-world gaming.', '2023-10-10'),
(67, 45, 43, 4, 'Dead by Daylight', 'https://shared.akamai.steamstatic.com/store_item_assets/steam/apps/381210/header.jpg?t=1715982910', 'Dead by Daylight is a multiplayer (4vs1) horror game where one player takes on the role of the savage Killer, and the other four players play as Survivors, trying to escape the Killer and avoid being caught and killed.', '2020-01-01'),
(68, 46, 44, 3, 'SMITE®', 'https://shared.akamai.steamstatic.com/store_item_assets/steam/apps/386360/header.jpg?t=1715687726', 'Join 40+ million players in SMITE, the Battleground of the Gods! Wield Thor’s hammer, turn your foes to stone as Medusa, or flex your divine power as one of 100+ other mythological icons. Become a God and play FREE today!', '2020-02-01'),
(69, 47, 45, 8, 'Stardew Valley', 'https://shared.akamai.steamstatic.com/store_item_assets/steam/apps/413150/header.jpg?t=1711128146', 'You\'ve inherited your grandfather\'s old farm plot in Stardew Valley. Armed with hand-me-down tools and a few coins, you set out to begin your new life. Can you learn to live off the land and turn these overgrown fields into a thriving home?', '2020-03-01'),
(70, 48, 46, 3, 'Street Warriors Online', 'https://shared.akamai.steamstatic.com/store_item_assets/steam/apps/417910/header.jpg?t=1600256776', 'First, realistic PvP brawling game for up to 8 vs 8 players with original, dynamic combat system and fast, round based battles. Create and develop Your character. Earn new skills and items that helps You beat Your opponents. Gather Your friends and fight together in a clan.', '2020-04-01'),
(71, 49, 47, 6, 'Wallpaper Engine', 'https://shared.akamai.steamstatic.com/store_item_assets/steam/apps/431960/header.jpg?t=1715961146', 'Use stunning live wallpapers on your desktop. Animate your own images to create new wallpapers or import videos/websites and share them on the Steam Workshop!', '2020-05-01'),
(72, 50, 14, 5, 'Z1 Battle Royale', 'https://shared.akamai.steamstatic.com/store_item_assets/steam/apps/433850/header.jpg?t=1579626820', 'Z1 Battle Royale is a Free to Play, fast-paced, action arcade, competitive Battle Royale. Staying true to its &quot;King of the Kill&quot; roots, the game has been revamped and restored to the classic feel, look, and gameplay everyone fell in love with. Play solo, duos, or fives and be the last ones standing.', '2020-06-01'),
(73, 51, 48, 3, 'VRChat', 'https://shared.akamai.steamstatic.com/store_item_assets/steam/apps/438100/header.jpg?t=1716410593', 'Join our growing community as you explore, play, and help craft the future of social VR. Create worlds and custom avatars. Welcome to VRChat.', '2020-07-01'),
(74, 52, 44, 3, 'Paladins®', 'https://shared.akamai.steamstatic.com/store_item_assets/steam/apps/444090/header.jpg?t=1713560419', 'Paladins is the ultimate fantasy team-based shooter experience, with over 50 customizable Champions fighting in 5v5 action across a diverse Realm of modes and maps!', '2020-08-01'),
(75, 53, 49, 4, 'World of Tanks Blitz', 'https://shared.akamai.steamstatic.com/store_item_assets/steam/apps/444200/header.jpg?t=1716567718', 'Tanks, not war: jump into a free-to-play MMO action shooter with over 400 tanks. Enjoy stunning graphics and intuitive touch controls. Engage in 7vs7 battles, strategize with your team to conquer diverse maps. Customize tanks, unlock upgrades, and dive into adrenaline-pumping action on mobile and PC', '2020-09-01'),
(76, 54, 50, 5, 'Human Fall Flat', 'https://shared.akamai.steamstatic.com/store_item_assets/steam/apps/477160/header.jpg?t=1710436630', 'Human Fall Flat is a hilarious, light-hearted platformer set in floating dreamscapes that can be played solo or with up to 8 players online. Free new levels keep its vibrant community rewarded.', '2020-10-01'),
(77, 55, 51, 3, 'Minion Masters', 'https://shared.akamai.steamstatic.com/store_item_assets/steam/apps/489520/header_alt_assets_19.jpg?t=1715685186', 'An addictive fast-paced hybrid of Card games &amp; Tower-Defense. Play 1v1 - or bring a friend for 2v2 - and engage in epic online multiplayer battles full of innovative strategy and awesome plays! Collect 200+ cards with unique mechanics, all free!', '2020-11-01'),
(78, 56, 52, 3, 'Life is Strange 2', 'https://shared.akamai.steamstatic.com/store_item_assets/steam/apps/532210/header.jpg?t=1698854177', 'After a tragic incident, brothers Sean and Daniel Diaz run away from home. Fearing the police, and dealing with Daniel\'s new telekinetic power, the boys head to Mexico. Each stop on their journey brings new friends and new challenges.', '2020-12-01'),
(79, 57, 53, 3, 'Black Squad', 'https://shared.akamai.steamstatic.com/store_item_assets/steam/apps/550650/header.jpg?t=1654048842', 'Black Squad is a free-to-play military first-person-shooter. Players can master their skills and show off their strategies with a wide range of game maps, modes, and weapons to choose from. Join thousands of FPS players worldwide in one of the most played games on Steam!', '2021-01-01'),
(80, 53, 49, 3, 'World of Warships', 'https://shared.akamai.steamstatic.com/store_item_assets/steam/apps/552990/header.jpg?t=1716483171', 'Immerse yourself in thrilling naval battles and assemble an armada of over 600 ships from the first half of the 20th century — from stealthy destroyers to gigantic battleships. Change the look of your ship, choose upgrades to suit your play style, and go into battle with other players!', '2021-02-01'),
(81, 58, 54, 3, 'HELLDIVERS™ 2', 'https://shared.akamai.steamstatic.com/store_item_assets/steam/apps/553850/header.jpg?t=1715880416', 'The Galaxy’s Last Line of Offence. Enlist in the Helldivers and join the fight for freedom across a hostile galaxy in a fast, frantic, and ferocious third-person shooter.', '2021-03-01'),
(82, 59, 55, 6, 'PUBG: BATTLEGROUNDS', 'https://shared.akamai.steamstatic.com/store_item_assets/steam/apps/578080/header.jpg?t=1713943796', 'Play PUBG: BATTLEGROUNDS for free. Land on strategic locations, loot weapons and supplies, and survive to become the last team standing across various, diverse Battlegrounds. Squad up and join the Battlegrounds for the original Battle Royale experience that only PUBG: BATTLEGROUNDS can offer.', '2021-04-01'),
(83, 60, 56, 7, 'Monster Hunter: World', 'https://shared.akamai.steamstatic.com/store_item_assets/steam/apps/582010/header.jpg?t=1711328912', 'Welcome to a new world! In Monster Hunter: World, the latest installment in the series, you can enjoy the ultimate hunting experience, using everything at your disposal to hunt monsters in a new world teeming with surprises and excitement.', '2021-05-01'),
(84, 61, 57, 3, 'Risk of Rain 2', 'https://shared.akamai.steamstatic.com/store_item_assets/steam/apps/632360/header.jpg?t=1699992764', 'Escape a chaotic alien planet by fighting through hordes of frenzied monsters – with your friends, or on your own. Combine loot in surprising ways and master each character until you become the havoc you feared upon your first crash landing.', '2021-06-01'),
(85, 62, 58, 4, 'Raft', 'https://shared.akamai.steamstatic.com/store_item_assets/steam/apps/648800/header.jpg?t=1693638925', 'Raft™ throws you and your friends into an epic oceanic adventure! Alone or together, players battle to survive a perilous voyage across a vast sea! Gather debris, scavenge reefs and build your own floating home, but be wary of the man-eating sharks!', '2021-07-01'),
(86, 63, 59, 7, 'Phasmophobia', 'https://shared.akamai.steamstatic.com/store_item_assets/steam/apps/739630/header.jpg?t=1702309974', 'Phasmophobia is a 4 player online co-op psychological horror. Paranormal activity is on the rise and it’s up to you and your team to use all the ghost-hunting equipment at your disposal in order to gather as much evidence as you can.', '2021-08-01'),
(87, 64, 60, 3, 'Ring of Elysium', 'https://shared.akamai.steamstatic.com/store_item_assets/steam/apps/755790/header.jpg?t=1693573300', 'Escape an astonishing disaster in Ring of Elysium, a battle royale shooter developed by Aurora Studio.', '2021-09-01'),
(88, 65, 61, 8, 'Sekiro™: Shadows Die Twice - GOTY Edition', 'https://shared.akamai.steamstatic.com/store_item_assets/steam/apps/814380/header.jpg?t=1678991267', 'Game of the Year - The Game Awards 2019 Best Action Game of 2019 - IGN Carve your own clever path to vengeance in the award winning adventure from developer FromSoftware, creators of Bloodborne and the Dark Souls series. Take Revenge. Restore Your Honor. Kill Ingeniously.', '2021-10-01'),
(89, 66, 62, 9, 'Valheim', 'https://shared.akamai.steamstatic.com/store_item_assets/steam/apps/892970/header_alt_assets_3.jpg?t=1715688279', 'A brutal exploration and survival game for 1-10 players, set in a procedurally-generated purgatory inspired by viking culture. Battle, build, and conquer your way to a saga worthy of Odin’s patronage!', '2021-11-01'),
(90, 67, 63, 3, 'Last Epoch', 'https://shared.akamai.steamstatic.com/store_item_assets/steam/apps/899770/header.jpg?t=1713805173', 'Uncover the Past, Reforge the Future. Ascend into one of 15 mastery classes and explore dangerous dungeons, hunt epic loot, craft legendary weapons, and wield the power of over a hundred transformative skill trees. Last Epoch is being developed by a team of passionate Action RPG enthusiasts.', '1995-06-15'),
(91, 31, 30, 3, 'Grand Theft Auto IV: Complete Edition', 'https://shared.akamai.steamstatic.com/store_item_assets/steam/apps/901583/header.jpg?t=1509997232', 'PLEASE NOTE: Microsoft no longer supports creating Games for Windows-LIVE accounts within Grand Theft Auto IV. You can create an account through account.xbox.com and then log into your account in game. This standalone retail title spans three distinct stories, interwoven to create one of the most unique and engaging single-player...', '1996-08-23'),
(92, 68, 64, 3, 'Among Us', 'https://shared.akamai.steamstatic.com/store_item_assets/steam/apps/945360/header.jpg?t=1698177355', 'An online and local party game of teamwork and betrayal for 4-15 players...in space!', '1997-12-05'),
(93, 69, 65, 7, 'Hogwarts Legacy', 'https://shared.akamai.steamstatic.com/store_item_assets/steam/apps/990080/header.jpg?t=1708720689', 'Hogwarts Legacy is an immersive, open-world action RPG. Now you can take control of the action and be at the center of your own adventure in the wizarding world.', '1998-03-14'),
(94, 11, 3, 6, 'Dota Underlords', 'https://shared.akamai.steamstatic.com/store_item_assets/steam/apps/1046930/header.jpg?t=1649700104', 'Hire a crew and destroy your rivals in this new strategy battler set in the world of Dota. Introducing Season One: Explore White Spire and earn rewards on the Battle Pass. Pick from several different game modes, play on your own or with friends, and take advantage of crossplay on PC and mobile.', '1999-11-11'),
(95, 70, 66, 3, 'New World', 'https://shared.akamai.steamstatic.com/store_item_assets/steam/apps/1063730/header.jpg?t=1712071488', 'Explore a thrilling, open-world MMO filled with danger and opportunity where you\'ll forge a new destiny on the supernatural island of Aeternum.', '2000-02-20'),
(96, 71, 67, 4, 'Destiny 2', 'https://shared.akamai.steamstatic.com/store_item_assets/steam/apps/1085660/header.jpg?t=1715101527', 'Destiny 2 is an action MMO with a single evolving world that you and your friends can join anytime, anywhere, absolutely free.', '2001-07-19'),
(97, 72, 68, 5, 'Baldur\'s Gate 3', 'https://shared.akamai.steamstatic.com/store_item_assets/steam/apps/1086940/header.jpg?t=1713271288', 'Baldur’s Gate 3 is a story-rich, party-based RPG set in the universe of Dungeons &amp; Dragons, where your choices shape a tale of fellowship and betrayal, survival and sacrifice, and the lure of absolute power.', '2002-09-22'),
(98, 73, 9, 3, 'NBA 2K20', 'https://shared.akamai.steamstatic.com/store_item_assets/steam/apps/1089350/header.jpg?t=1663810795', 'NOTE: All multiplayer servers for NBA 2K20 will be shutdown as of 12/31/2021. After that time, all game functions requiring online servers will no longer function.', '2003-05-30'),
(99, 35, 34, 5, 'Cyberpunk 2077', 'https://shared.akamai.steamstatic.com/store_item_assets/steam/apps/1091500/header.jpg?t=1715334241', 'Cyberpunk 2077 is an open-world, action-adventure RPG set in the dark future of Night City — a dangerous megalopolis obsessed with power, glamor, and ceaseless body modification.', '2004-01-15'),
(100, 74, 69, 6, 'Fall Guys', 'https://shared.akamai.steamstatic.com/store_item_assets/steam/apps/1097150/header.jpg?t=1698763175', 'Fall Guys is a free, cross-platform massively multiplayer party royale game. Clumsily compete in absurd obstacle courses with friends or build your very own chaotic course to share with the community.', '2005-11-21'),
(101, 75, 70, 4, 'Apex Legends™', 'https://shared.akamai.steamstatic.com/store_item_assets/steam/apps/1172470/header.jpg?t=1715104113', 'Apex Legends is the award-winning, free-to-play Hero Shooter from Respawn Entertainment. Master an ever-growing roster of legendary characters with powerful abilities, and experience strategic squad play and innovative gameplay in the next evolution of Hero Shooter and Battle Royale.', '2006-10-02'),
(102, 76, 30, 2, 'Red Dead Redemption 2', 'https://shared.akamai.steamstatic.com/store_item_assets/steam/apps/1174180/header.jpg?t=1714055653', 'Winner of over 175 Game of the Year Awards and recipient of over 250 perfect scores, RDR2 is the epic tale of outlaw Arthur Morgan and the infamous Van der Linde gang, on the run across America at the dawn of the modern age. Also includes access to the shared living world of Red Dead Online.', '2007-09-09'),
(103, 77, 71, 3, 'NARAKA: BLADEPOINT', 'https://shared.akamai.steamstatic.com/store_item_assets/steam/apps/1203220/header.jpg?t=1715253758', 'Dive into the legends of the Far East in NARAKA: BLADEPOINT; team up with friends in fast-paced melee fights for a Battle Royale experience unlike any other. Find your playstyle with a varied cast of heroes with unique skills. More than 20 million players have already joined the fray, play free now!', '2008-12-12'),
(104, 78, 70, 2, 'The Sims™ 4', 'https://shared.akamai.steamstatic.com/store_item_assets/steam/apps/1222670/header.jpg?t=1713460079', 'Play with life and discover the possibilities. Unleash your imagination and create a world of Sims that’s wholly unique. Explore and customize every detail from Sims to homes–and much more.', '2009-04-01'),
(105, 79, 1, 3, 'Halo Infinite', 'https://shared.akamai.steamstatic.com/store_item_assets/steam/apps/1240440/header.jpg?t=1715103891', 'From one of gaming\'s most iconic sagas, Halo is bigger than ever. Featuring an expansive open-world campaign and a dynamic free to play multiplayer experience. ', '1995-06-15'),
(106, 80, 72, 5, 'ELDEN RING', 'https://shared.akamai.steamstatic.com/store_item_assets/steam/apps/1245620/header.jpg?t=1716311593', 'THE NEW FANTASY ACTION RPG. Rise, Tarnished, and be guided by grace to brandish the power of the Elden Ring and become an Elden Lord in the Lands Between.', '1996-08-23'),
(107, 25, 73, 3, 'Sons Of The Forest', 'https://shared.akamai.steamstatic.com/store_item_assets/steam/apps/1326470/header.jpg?t=1708624856', 'Sent to find a missing billionaire on a remote island, you find yourself in a cannibal-infested hellscape. Craft, build, and struggle to survive, alone or with friends, in this terrifying new open-world survival horror simulator.', '1997-12-05'),
(108, 81, 74, 7, '鬼谷八荒 Tale of Immortal', 'https://shared.akamai.steamstatic.com/store_item_assets/steam/apps/1468810/header.jpg?t=1712914881', 'Tale of Immortal is an open-world sandbox based on Chinese mythology and cultivation. You will grow to become immortal, conquer the beasts from the Classic of Mountains and Season, make your choices carefully and grasp your own destiny.', '1998-03-14'),
(109, 82, 70, 6, 'Battlefield™ 2042', 'https://shared.akamai.steamstatic.com/store_item_assets/steam/apps/1517290/header.jpg?t=1716478954', 'It’s all or nothing in Season 7: Turning Point. Battlefield™ 2042 is a first-person shooter that marks the return to the iconic all-out warfare of the franchise.', '1999-11-11'),
(110, 83, 66, 3, 'Lost Ark', 'https://shared.akamai.steamstatic.com/store_item_assets/steam/apps/1599340/header.jpg?t=1715875506', 'Embark on an odyssey for the Lost Ark in a vast, vibrant world: explore new lands, seek out lost treasures, and test yourself in thrilling action combat in this action-packed free-to-play RPG.', '2000-02-20'),
(111, 84, 75, 4, 'Palworld', 'https://shared.akamai.steamstatic.com/store_item_assets/steam/apps/1623730/header.jpg?t=1715066651', 'Fight, farm, build and work alongside mysterious creatures called &quot;Pals&quot; in this completely new multiplayer, open world survival and crafting game!', '2001-07-19'),
(112, 85, 70, 6, 'EA SPORTS™ FIFA 23', 'https://shared.akamai.steamstatic.com/store_item_assets/steam/apps/1811260/header.jpg?t=1712678770', 'FIFA 23 brings The World’s Game to the pitch, with HyperMotion2 Technology, men’s and women’s FIFA World Cup™, women’s club teams, cross-play features**, and more.', '2002-09-22'),
(113, 86, 76, 3, 'Call of Duty®', 'https://shared.akamai.steamstatic.com/store_item_assets/steam/apps/1938090/header.jpg?t=1712591572', 'Welcome to Call of Duty® HQ, the home of Call of Duty®: Modern Warfare® III, Call of Duty®: Modern Warfare® II and Warzone™.', '2003-05-30'),
(114, 12, 4, 3, 'SnowRunner', 'https://shared.akamai.steamstatic.com/store_item_assets/steam/apps/1465360/header.jpg?t=1712048507', 'Get ready for the next-generation off-road experience! Drive powerful vehicles and overcome extreme open environments to complete dozens of challenging missions solo or with up to 3 friends!', '2004-01-15'),
(115, 87, 1, 2, 'Forza Horizon 5', 'https://shared.akamai.steamstatic.com/store_item_assets/steam/apps/1551360/header.jpg?t=1716503076', 'Explore the vibrant open world landscapes of Mexico with limitless, fun driving action in the world’s greatest cars. Blast off into Forza Horizon 5: Hot Wheels or Conquer the Sierra Nueva in the ultimate Horizon Rally Adventure experience. Requires Forza Horizon 5 game, expansion sold separately.', '2005-11-21'),
(116, 88, 70, 3, 'EA SPORTS™ WRC', 'https://shared.akamai.steamstatic.com/store_item_assets/steam/apps/1849250/header.jpg?t=1713795521', 'Build the car of your dreams in our biggest rally game ever, EA SPORTS™ WRC, the all-new official videogame of the FIA World Rally Championship, the first developed by the award-winning team behind the DiRT Rally series.', '2006-10-02'),
(117, 85, 70, 3, 'EA SPORTS FC™ 24', 'https://shared.akamai.steamstatic.com/store_item_assets/steam/apps/2195250/header.jpg?t=1713799333', 'EA SPORTS FC™ 24 welcomes you to The World’s Game: the most true-to-football experience ever with HyperMotionV, PlayStyles optimised by Opta, and an enhanced Frostbite™ Engine.', '2007-09-09'),
(118, 89, 77, 3, 'Outlast : Journey of a Gladiator', 'https://shared.akamai.steamstatic.com/store_item_assets/steam/apps/1318840/header.jpg?t=1592580435', 'gladiator strategy rpg game about slavery to freedom.', '2008-12-12'),
(119, 6, 8, 6, 'Outlast 2', 'https://shared.akamai.steamstatic.com/store_item_assets/steam/apps/414700/header.jpg?t=1618944453', 'Outlast 2 introduces you to Sullivan Knoth and his followers, who left our wicked world behind to give birth to Temple Gate, a town, deep in the wilderness and hidden from civilization. Knoth and his flock are preparing for the tribulations of the end of times and you’re right in the thick of it.', '2009-04-01'),
(120, 10, 2, 7, 'Samorost 2', 'https://shared.akamai.steamstatic.com/store_item_assets/steam/apps/40720/header.jpg?t=1669304487', 'Samorost 2 tells a surreal story of a space gnome whose dog just got kidnapped by mischievous aliens. Set out on a short expedition to rescue the pup, deal with curious strangers and relax to the soothing music by Tomáš &quot;Floex&quot; Dvořák.', '2010-07-31'),
(121, 10, 2, 3, 'Samorost 3', 'https://shared.akamai.steamstatic.com/store_item_assets/steam/apps/421120/header.jpg?t=1669304500', 'Samorost 3 is an exploration adventure and puzzle game from the award-winning creators of Machinarium and Botanicula. Travel across space to nine unique worlds teeming with colorful challenges, creatures and surprises to discover, brought to life with beautiful artwork, sound and music.', '2011-06-16'),
(122, 10, 2, 3, 'Machinarium', 'https://shared.akamai.steamstatic.com/store_item_assets/steam/apps/40700/header.jpg?t=1683630220', 'Machinarium is the award-winning independent adventure game developed by the makers of Samorost series, Botanicula and CHUCHEL. Help Josef the robot save his girlfriend Berta kidnapped by the Black Cap Brotherhood gang!', '2012-05-05'),
(123, 4, 6, 4, 'qop', 'https://shared.akamai.steamstatic.com/store_item_assets/steam/apps/654900/header.jpg?t=1674747980', 'qop is a minimalistic puzzle which goal is to get the cube to finish using 4 directions in space.', '2013-03-14'),
(124, 4, 6, 5, 'qop 3', 'https://shared.akamai.steamstatic.com/store_item_assets/steam/apps/864300/header.jpg?t=1674748201', 'qop 3 is a minimalistic puzzle which goal is to get the cube to finish using 4 directions in space.', '2014-01-01'),
(125, 4, 6, 6, 'qop 4', 'https://shared.akamai.steamstatic.com/store_item_assets/steam/apps/966630/header.jpg?t=1674748290', 'qop 4 is a minimalistic puzzle which goal is to get the cube to finish using 4 directions in space.', '2015-02-28'),
(126, 4, 6, 7, 'Zup! Zero', 'https://shared.akamai.steamstatic.com/store_item_assets/steam/apps/610360/header.jpg?t=1674747696', 'Minimal physical puzzle with explosions', '2016-03-15'),
(127, 4, 6, 8, 'Zup! Q', 'https://shared.akamai.steamstatic.com/store_item_assets/steam/apps/2206560/header.jpg?t=1693070755', 'Minimal physical puzzle with explosions', '2017-04-20'),
(128, 4, 6, 3, 'Zup! Z', 'https://shared.akamai.steamstatic.com/store_item_assets/steam/apps/1218900/header.jpg?t=1674745652', 'Minimal physical puzzle with explosions', '2018-05-25'),
(129, 4, 6, 6, 'Zup! F', 'https://shared.akamai.steamstatic.com/store_item_assets/steam/apps/601220/header.jpg?t=1674745872', 'Minimal physical puzzle with explosions', '2019-06-30'),
(130, 4, 6, 4, 'Zup! X', 'https://shared.akamai.steamstatic.com/store_item_assets/steam/apps/508900/header.jpg?t=1674746056', 'Minimal physical puzzle with explosions', '2020-07-15'),
(131, 4, 6, 5, 'Zup! S', 'https://shared.akamai.steamstatic.com/store_item_assets/steam/apps/617670/header.jpg?t=1674745654', 'Minimal physical puzzle with explosions', '2021-08-20'),
(132, 4, 6, 7, 'Zup!', 'https://shared.akamai.steamstatic.com/store_item_assets/steam/apps/533300/header.jpg?t=1674745921', 'Minimal physical puzzle with explosions', '2022-09-25'),
(133, 4, 6, 9, 'Zup! 2', 'https://shared.akamai.steamstatic.com/store_item_assets/steam/apps/562220/header.jpg?t=1674746262', 'Minimal physical puzzle with explosions', '2023-10-10'),
(134, 4, 6, 3, 'Zup! 3', 'https://shared.akamai.steamstatic.com/store_item_assets/steam/apps/575640/header.jpg?t=1674746592', 'Minimal physical puzzle with explosions', '1995-06-15'),
(135, 4, 6, 4, 'Zup! 4', 'https://shared.akamai.steamstatic.com/store_item_assets/steam/apps/591420/header.jpg?t=1674746703', 'Minimal physical puzzle with explosions', '1996-08-23'),
(136, 4, 6, 7, 'Zup! 6', 'https://shared.akamai.steamstatic.com/store_item_assets/steam/apps/566160/header.jpg?t=1674747451', 'Minimal physical puzzle with explosions', '1997-12-05'),
(137, 4, 6, 3, 'Zup! 9', 'https://shared.akamai.steamstatic.com/store_item_assets/steam/apps/1098340/header.jpg?t=1674746126', 'Minimal physical puzzle with explosions', '1998-03-14'),
(138, 90, 78, 5, 'League of Legends', 'images/leagueoflegends.png', 'League of Legends is a team-based strategy game where two teams of five powerful champions face off to destroy the other’s base. Choose from over 140 champions to make epic plays, secure kills, and take down towers as you battle your way to victory.', '1999-11-11'),
(139, 90, 78, 6, 'Valorant', 'images/valorant.png', 'Blend your style and experience on a global, competitive stage. You have 13 rounds to attack and defend your side using sharp gunplay and tactical abilities. And, with one life per-round, you\'ll need to think faster than your opponent if you want to survive. Take on foes across Competitive and Unranked modes as well as Deathmatch and Spike Rush.', '2000-02-20');

-- --------------------------------------------------------

--
-- Struktura tabeli dla tabeli `games_carts`
--

CREATE TABLE `games_carts` (
  `ID` int(11) NOT NULL,
  `CART_ID` int(11) DEFAULT NULL,
  `GAME_ID` int(11) DEFAULT NULL
) ENGINE=InnoDB DEFAULT CHARSET=utf8mb4 COLLATE=utf8mb4_general_ci;

-- --------------------------------------------------------

--
-- Struktura tabeli dla tabeli `games_discounts`
--

CREATE TABLE `games_discounts` (
  `ID` int(11) NOT NULL,
  `GAME_ID` int(11) DEFAULT NULL,
  `DISCOUNT_ID` int(11) DEFAULT NULL
) ENGINE=InnoDB DEFAULT CHARSET=utf8mb4 COLLATE=utf8mb4_general_ci;

-- --------------------------------------------------------

--
-- Struktura tabeli dla tabeli `games_platforms`
--

CREATE TABLE `games_platforms` (
  `ID` int(11) NOT NULL,
  `GAME_ID` int(11) DEFAULT NULL,
  `PLATFORM_ID` int(11) DEFAULT NULL
) ENGINE=InnoDB DEFAULT CHARSET=utf8mb4 COLLATE=utf8mb4_general_ci;

--
-- Dumping data for table `games_platforms`
--

INSERT INTO `games_platforms` (`ID`, `GAME_ID`, `PLATFORM_ID`) VALUES
(1, 1, 1),
(2, 2, 1),
(3, 2, 2),
(4, 3, 1),
(5, 3, 3),
(6, 4, 1),
(7, 5, 1),
(8, 6, 1),
(9, 7, 1),
(10, 8, 1),
(11, 9, 1),
(12, 10, 1),
(13, 11, 1),
(14, 12, 1),
(15, 12, 2),
(16, 12, 3),
(17, 13, 1),
(18, 13, 2),
(19, 13, 3),
(20, 14, 1),
(21, 14, 2),
(22, 14, 3),
(23, 15, 1),
(24, 15, 2),
(25, 15, 3),
(26, 16, 1),
(27, 16, 2),
(28, 16, 3),
(29, 17, 1),
(30, 17, 2),
(31, 17, 3),
(32, 18, 1),
(33, 18, 2),
(34, 18, 3),
(35, 19, 1),
(36, 19, 2),
(37, 19, 3),
(38, 20, 1),
(39, 20, 2),
(40, 20, 3),
(41, 21, 1),
(42, 21, 2),
(43, 21, 3),
(44, 22, 1),
(45, 22, 2),
(46, 22, 3),
(47, 23, 1),
(48, 23, 2),
(49, 23, 3),
(50, 24, 1),
(51, 24, 2),
(52, 24, 3),
(53, 25, 1),
(54, 25, 2),
(55, 25, 3),
(56, 26, 1),
(57, 26, 2),
(58, 26, 3),
(59, 27, 1),
(60, 27, 3),
(61, 28, 1),
(62, 28, 2),
(63, 28, 3),
(64, 29, 1),
(65, 29, 2),
(66, 29, 3),
(67, 30, 1),
(68, 30, 2),
(69, 30, 3),
(70, 31, 1),
(71, 31, 2),
(72, 31, 3),
(73, 32, 1),
(74, 32, 2),
(75, 33, 1),
(76, 33, 2),
(77, 33, 3),
(78, 34, 1),
(79, 34, 2),
(80, 35, 1),
(81, 36, 1),
(82, 36, 3),
(83, 37, 1),
(84, 38, 1),
(85, 38, 3),
(86, 39, 1),
(87, 39, 2),
(88, 39, 3),
(89, 40, 1),
(90, 41, 1),
(91, 42, 1),
(92, 42, 2),
(93, 42, 3),
(94, 43, 1),
(95, 43, 2),
(96, 44, 1),
(97, 44, 2),
(98, 44, 3),
(99, 45, 1),
(100, 46, 1),
(101, 46, 2),
(102, 46, 3),
(103, 47, 1),
(104, 47, 2),
(105, 47, 3),
(106, 48, 1),
(107, 48, 2),
(108, 49, 1),
(109, 50, 1),
(110, 50, 2),
(111, 50, 3),
(112, 51, 1),
(113, 52, 1),
(114, 53, 1),
(115, 53, 2),
(116, 53, 3),
(117, 54, 1),
(118, 54, 2),
(119, 54, 3),
(120, 55, 1),
(121, 56, 1),
(122, 56, 2),
(123, 57, 1),
(124, 58, 1),
(125, 58, 2),
(126, 58, 3),
(127, 59, 1),
(128, 60, 1),
(129, 60, 2),
(130, 60, 3),
(131, 61, 1),
(132, 61, 2),
(133, 61, 3),
(134, 62, 1),
(135, 62, 2),
(136, 63, 1),
(137, 64, 1),
(138, 64, 2),
(139, 64, 3),
(140, 65, 1),
(141, 66, 1),
(142, 67, 1),
(143, 68, 1),
(144, 69, 1),
(145, 69, 2),
(146, 69, 3),
(147, 70, 1),
(148, 71, 1),
(149, 72, 1),
(150, 73, 1),
(151, 74, 1),
(152, 75, 1),
(153, 75, 2),
(154, 76, 1),
(155, 76, 2),
(156, 77, 1),
(157, 77, 2),
(158, 78, 1),
(159, 78, 2),
(160, 78, 3),
(161, 79, 1),
(162, 80, 1),
(163, 81, 1),
(164, 82, 1),
(165, 83, 1),
(166, 84, 1),
(167, 85, 1),
(168, 86, 1),
(169, 87, 1),
(170, 88, 1),
(171, 89, 1),
(172, 89, 3),
(173, 90, 1),
(174, 90, 3),
(175, 91, 1),
(176, 92, 1),
(177, 93, 1),
(178, 94, 1),
(179, 94, 2),
(180, 94, 3),
(181, 95, 1),
(182, 96, 1),
(183, 97, 1),
(184, 97, 2),
(185, 98, 1),
(186, 99, 1),
(187, 100, 1),
(188, 101, 1),
(189, 102, 1),
(190, 103, 1),
(191, 104, 1),
(192, 105, 1),
(193, 106, 1),
(194, 107, 1),
(195, 108, 1),
(196, 109, 1),
(197, 110, 1),
(198, 111, 1),
(199, 112, 1),
(200, 113, 1),
(201, 114, 1),
(202, 114, 2),
(203, 115, 1),
(204, 116, 1),
(205, 117, 1),
(206, 118, 1),
(207, 118, 2),
(208, 119, 1),
(209, 120, 1),
(210, 120, 2),
(211, 121, 1),
(212, 121, 2),
(213, 122, 1),
(214, 122, 2),
(215, 123, 1),
(216, 124, 1),
(217, 125, 1),
(218, 126, 1),
(219, 127, 1),
(220, 128, 1),
(221, 129, 1),
(222, 130, 1),
(223, 131, 1),
(224, 132, 1),
(225, 133, 1),
(226, 134, 1),
(227, 135, 1),
(228, 136, 1),
(229, 137, 1),
(230, 138, 1),
(231, 139, 1);

-- --------------------------------------------------------

--
-- Struktura tabeli dla tabeli `games_tags`
--

CREATE TABLE `games_tags` (
  `ID` int(11) NOT NULL,
  `GAME_ID` int(11) DEFAULT NULL,
  `TAG_ID` int(11) DEFAULT NULL
) ENGINE=InnoDB DEFAULT CHARSET=utf8mb4 COLLATE=utf8mb4_general_ci;

--
-- Dumping data for table `games_tags`
--

INSERT INTO `games_tags` (`ID`, `GAME_ID`, `TAG_ID`) VALUES
(1, 1, 1),
(2, 1, 2),
(3, 2, 2),
(4, 2, 3),
(5, 2, 4),
(6, 3, 1),
(7, 3, 2),
(8, 3, 3),
(9, 3, 5),
(10, 4, 6),
(11, 5, 1),
(12, 5, 2),
(13, 5, 4),
(14, 5, 7),
(15, 6, 3),
(16, 6, 4),
(17, 7, 3),
(18, 7, 4),
(19, 8, 3),
(20, 8, 4),
(21, 9, 3),
(22, 9, 4),
(23, 10, 3),
(24, 10, 4),
(25, 11, 3),
(26, 11, 4),
(27, 12, 1),
(28, 13, 1),
(29, 14, 1),
(30, 15, 1),
(31, 15, 2),
(32, 15, 4),
(33, 16, 1),
(34, 17, 1),
(35, 18, 1),
(36, 19, 1),
(37, 20, 1),
(38, 21, 1),
(39, 22, 1),
(40, 23, 1),
(41, 23, 5),
(42, 24, 1),
(43, 25, 1),
(45, 25, 5),
(44, 25, 8),
(46, 26, 1),
(47, 26, 2),
(48, 27, 1),
(49, 27, 5),
(50, 28, 3),
(51, 28, 4),
(52, 28, 6),
(53, 29, 8),
(54, 30, 1),
(55, 30, 9),
(56, 31, 1),
(57, 31, 2),
(58, 31, 4),
(59, 31, 9),
(60, 32, 1),
(61, 32, 6),
(62, 32, 8),
(63, 33, 4),
(65, 33, 6),
(66, 33, 7),
(64, 33, 9),
(67, 34, 1),
(68, 34, 2),
(69, 34, 3),
(70, 34, 4),
(71, 34, 9),
(72, 35, 1),
(74, 35, 5),
(73, 35, 10),
(75, 36, 1),
(76, 36, 9),
(77, 37, 1),
(78, 37, 2),
(79, 37, 10),
(80, 38, 1),
(81, 38, 4),
(82, 38, 5),
(83, 39, 4),
(84, 39, 6),
(85, 40, 1),
(87, 40, 4),
(86, 40, 5),
(89, 40, 8),
(88, 40, 10),
(90, 41, 1),
(92, 41, 5),
(91, 41, 9),
(93, 42, 1),
(96, 42, 5),
(95, 42, 6),
(94, 42, 10),
(97, 43, 1),
(98, 43, 2),
(99, 43, 4),
(102, 43, 5),
(101, 43, 9),
(100, 43, 10),
(103, 44, 1),
(104, 44, 9),
(105, 45, 1),
(106, 45, 2),
(107, 45, 4),
(108, 45, 6),
(109, 46, 1),
(110, 47, 1),
(111, 47, 2),
(112, 47, 4),
(114, 47, 6),
(116, 47, 7),
(115, 47, 8),
(113, 47, 9),
(117, 48, 1),
(118, 48, 2),
(119, 48, 4),
(121, 48, 9),
(120, 48, 10),
(122, 49, 1),
(123, 49, 4),
(124, 49, 11),
(125, 49, 12),
(126, 50, 6),
(127, 50, 8),
(128, 51, 1),
(129, 51, 4),
(131, 51, 6),
(132, 51, 8),
(130, 51, 9),
(133, 52, 1),
(134, 52, 2),
(135, 53, 2),
(136, 53, 4),
(137, 54, 8),
(138, 55, 1),
(140, 55, 5),
(139, 55, 10),
(141, 56, 1),
(142, 56, 4),
(143, 56, 5),
(144, 57, 9),
(145, 58, 1),
(147, 58, 4),
(146, 58, 5),
(150, 58, 6),
(149, 58, 9),
(148, 58, 10),
(151, 59, 1),
(152, 59, 2),
(153, 59, 3),
(156, 59, 5),
(155, 59, 9),
(154, 59, 10),
(157, 60, 1),
(158, 60, 2),
(159, 60, 3),
(160, 60, 4),
(161, 60, 5),
(162, 61, 1),
(163, 61, 2),
(164, 61, 4),
(166, 61, 6),
(167, 61, 8),
(165, 61, 9),
(168, 62, 1),
(169, 62, 2),
(170, 62, 4),
(172, 62, 9),
(171, 62, 10),
(173, 63, 1),
(174, 64, 1),
(175, 64, 2),
(176, 64, 4),
(177, 65, 1),
(178, 66, 9),
(179, 67, 1),
(180, 68, 1),
(181, 68, 2),
(182, 68, 3),
(186, 68, 5),
(185, 68, 8),
(184, 68, 9),
(183, 68, 10),
(187, 69, 4),
(189, 69, 6),
(188, 69, 9),
(190, 70, 1),
(192, 70, 6),
(191, 70, 10),
(193, 70, 12),
(194, 71, 3),
(195, 71, 4),
(196, 71, 13),
(197, 71, 14),
(198, 71, 15),
(199, 71, 16),
(200, 72, 1),
(201, 72, 2),
(202, 72, 5),
(203, 72, 10),
(204, 73, 2),
(205, 73, 3),
(209, 73, 5),
(207, 73, 6),
(210, 73, 7),
(206, 73, 10),
(208, 73, 12),
(211, 74, 1),
(212, 74, 2),
(215, 74, 5),
(214, 74, 8),
(213, 74, 10),
(216, 75, 1),
(220, 75, 5),
(218, 75, 6),
(219, 75, 8),
(217, 75, 10),
(221, 76, 2),
(222, 76, 3),
(223, 76, 4),
(224, 76, 6),
(225, 77, 1),
(226, 77, 2),
(227, 77, 4),
(230, 77, 5),
(229, 77, 8),
(228, 77, 9),
(231, 78, 2),
(232, 79, 1),
(233, 79, 5),
(234, 80, 1),
(237, 80, 5),
(236, 80, 6),
(235, 80, 10),
(238, 81, 1),
(239, 82, 1),
(240, 82, 2),
(242, 82, 5),
(241, 82, 10),
(243, 83, 1),
(244, 84, 1),
(245, 84, 4),
(246, 85, 2),
(247, 85, 4),
(248, 85, 6),
(249, 86, 1),
(250, 86, 4),
(251, 86, 7),
(252, 87, 1),
(253, 87, 5),
(254, 87, 10),
(255, 88, 1),
(256, 88, 2),
(257, 89, 1),
(258, 89, 2),
(259, 89, 4),
(261, 89, 7),
(260, 89, 9),
(262, 90, 1),
(263, 90, 2),
(264, 90, 4),
(265, 90, 9),
(266, 91, 1),
(267, 91, 2),
(268, 92, 3),
(269, 93, 1),
(270, 93, 2),
(271, 93, 9),
(272, 94, 3),
(273, 94, 5),
(274, 94, 8),
(275, 95, 1),
(276, 95, 2),
(278, 95, 9),
(277, 95, 10),
(279, 96, 1),
(280, 96, 2),
(281, 96, 5),
(282, 97, 2),
(284, 97, 8),
(283, 97, 9),
(285, 98, 6),
(286, 98, 12),
(287, 99, 9),
(288, 100, 1),
(289, 100, 3),
(290, 100, 4),
(291, 100, 10),
(292, 100, 12),
(293, 101, 1),
(294, 101, 2),
(295, 101, 5),
(296, 102, 1),
(297, 102, 2),
(298, 103, 1),
(299, 103, 2),
(300, 103, 10),
(301, 104, 2),
(302, 104, 3),
(304, 104, 5),
(303, 104, 6),
(305, 105, 1),
(306, 105, 5),
(307, 106, 1),
(308, 106, 9),
(309, 107, 1),
(310, 107, 2),
(311, 107, 4),
(312, 107, 6),
(313, 108, 1),
(314, 108, 2),
(315, 108, 4),
(317, 108, 6),
(316, 108, 9),
(318, 109, 1),
(319, 109, 2),
(320, 109, 3),
(321, 110, 1),
(322, 110, 2),
(325, 110, 5),
(324, 110, 9),
(323, 110, 10),
(326, 111, 1),
(327, 111, 2),
(328, 111, 4),
(330, 111, 7),
(329, 111, 9),
(331, 112, 6),
(332, 112, 12),
(333, 113, 1),
(334, 114, 2),
(335, 114, 6),
(336, 115, 1),
(337, 115, 2),
(339, 115, 6),
(338, 115, 11),
(340, 115, 12),
(342, 116, 6),
(341, 116, 11),
(343, 116, 12),
(344, 117, 6),
(345, 117, 12),
(347, 118, 8),
(346, 118, 9),
(348, 119, 1),
(349, 119, 2),
(350, 119, 4),
(351, 120, 2),
(352, 120, 3),
(353, 120, 4),
(354, 121, 2),
(355, 121, 3),
(356, 121, 4),
(357, 122, 2),
(358, 122, 4),
(359, 123, 3),
(360, 123, 4),
(361, 124, 3),
(362, 124, 4),
(363, 125, 3),
(364, 125, 4),
(365, 126, 3),
(366, 126, 4),
(367, 127, 3),
(368, 127, 4),
(369, 128, 3),
(370, 128, 4),
(371, 129, 3),
(372, 129, 4),
(373, 130, 3),
(374, 130, 4),
(375, 131, 3),
(376, 131, 4),
(377, 132, 3),
(378, 132, 4),
(379, 133, 3),
(380, 133, 4),
(381, 134, 3),
(382, 134, 4),
(383, 135, 3),
(384, 135, 4),
(385, 136, 3),
(386, 136, 4),
(387, 137, 3),
(388, 137, 4),
(389, 138, 5),
(390, 138, 17),
(392, 139, 1),
(391, 139, 5);

-- --------------------------------------------------------

--
-- Struktura tabeli dla tabeli `games_users`
--

CREATE TABLE `games_users` (
  `ID` int(11) NOT NULL,
  `USER_ID` int(11) DEFAULT NULL,
  `GAME_ID` int(11) DEFAULT NULL
) ENGINE=InnoDB DEFAULT CHARSET=utf8mb4 COLLATE=utf8mb4_general_ci;

--
-- Dumping data for table `games_users`
--

INSERT INTO `games_users` (`ID`, `USER_ID`, `GAME_ID`) VALUES
(2443, 1, 38),
(875, 1, 58),
(2291, 2, 5),
(2444, 2, 38),
(713, 2, 40),
(620, 2, 41),
(796, 2, 51),
(388, 2, 74),
(283, 2, 93),
(731, 2, 112),
(938, 2, 127),
(2351, 3, 1),
(469, 3, 2),
(2345, 3, 5),
(4, 3, 35),
(2445, 3, 39),
(202, 3, 71),
(411, 3, 98),
(802, 3, 124),
(842, 3, 139),
(2301, 4, 5),
(600, 4, 30),
(2446, 4, 39),
(652, 4, 44),
(891, 4, 65),
(186, 4, 110),
(124, 4, 114),
(668, 5, 10),
(909, 5, 19),
(931, 5, 23),
(420, 5, 28),
(2447, 5, 40),
(491, 5, 77),
(362, 6, 7),
(2448, 6, 40),
(850, 6, 44),
(143, 6, 113),
(953, 6, 116),
(2353, 9, 2),
(813, 9, 5),
(2449, 9, 41),
(119, 9, 67),
(301, 9, 69),
(458, 9, 77),
(947, 9, 102),
(2398, 10, 19),
(2450, 10, 42),
(709, 10, 82),
(519, 10, 131),
(951, 11, 4),
(2309, 11, 5),
(2375, 11, 11),
(2140, 11, 27),
(678, 11, 31),
(445, 11, 33),
(2451, 11, 42),
(376, 11, 58),
(126, 11, 61),
(347, 11, 107),
(706, 11, 109),
(887, 11, 135),
(2354, 12, 2),
(27, 12, 9),
(627, 12, 11),
(737, 12, 17),
(245, 12, 24),
(719, 12, 40),
(2452, 12, 43),
(2092, 12, 52),
(525, 12, 56),
(618, 12, 76),
(979, 12, 98),
(43, 13, 6),
(827, 13, 24),
(523, 13, 42),
(693, 13, 43),
(2088, 13, 52),
(340, 13, 91),
(2376, 14, 11),
(2416, 14, 26),
(2454, 14, 44),
(2081, 14, 52),
(479, 14, 69),
(685, 14, 87),
(2261, 14, 93),
(56, 14, 123),
(121, 14, 126),
(702, 14, 135),
(2352, 15, 1),
(697, 15, 7),
(488, 15, 8),
(400, 15, 9),
(541, 15, 10),
(476, 15, 16),
(741, 15, 25),
(2455, 15, 44),
(470, 15, 49),
(812, 15, 69),
(530, 15, 74),
(2220, 15, 93),
(463, 15, 96),
(766, 15, 129),
(2346, 16, 5),
(383, 16, 17),
(2456, 16, 45),
(833, 16, 49),
(2059, 16, 52),
(302, 16, 55),
(2286, 16, 93),
(320, 17, 8),
(371, 17, 14),
(2158, 17, 27),
(2457, 17, 45),
(806, 17, 54),
(282, 17, 67),
(433, 17, 71),
(456, 17, 74),
(2358, 18, 4),
(180, 18, 5),
(742, 18, 7),
(295, 18, 28),
(609, 18, 36),
(2458, 18, 46),
(431, 18, 61),
(2231, 18, 93),
(687, 18, 116),
(368, 18, 121),
(815, 19, 2),
(2399, 19, 19),
(2120, 19, 27),
(2459, 19, 46),
(84, 19, 86),
(606, 19, 101),
(72, 20, 13),
(603, 20, 17),
(2460, 20, 47),
(179, 20, 57),
(557, 20, 79),
(714, 20, 133),
(644, 20, 137),
(2333, 21, 5),
(2417, 21, 26),
(801, 21, 41),
(2461, 21, 47),
(753, 21, 52),
(85, 21, 63),
(805, 21, 118),
(2355, 22, 3),
(2308, 22, 5),
(2377, 22, 12),
(795, 22, 18),
(407, 22, 21),
(2111, 22, 27),
(2462, 22, 48),
(625, 22, 63),
(704, 22, 67),
(720, 22, 89),
(778, 22, 92),
(572, 22, 107),
(2359, 23, 4),
(957, 23, 30),
(2463, 23, 48),
(436, 23, 87),
(2275, 23, 93),
(269, 23, 109),
(55, 24, 32),
(252, 24, 44),
(2464, 24, 49),
(316, 24, 95),
(2356, 25, 3),
(2310, 25, 5),
(2465, 25, 49),
(2105, 25, 52),
(755, 25, 74),
(138, 25, 81),
(547, 25, 127),
(408, 25, 139),
(264, 26, 17),
(2166, 26, 27),
(12, 26, 31),
(2466, 26, 50),
(448, 26, 60),
(735, 26, 87),
(293, 26, 96),
(2176, 27, 15),
(935, 27, 24),
(2467, 27, 50),
(552, 27, 53),
(923, 27, 80),
(862, 27, 92),
(985, 27, 113),
(199, 27, 121),
(215, 28, 40),
(2468, 28, 51),
(2269, 28, 93),
(807, 28, 98),
(211, 28, 120),
(2326, 29, 5),
(2378, 29, 12),
(2469, 29, 51),
(2083, 29, 52),
(130, 29, 83),
(2245, 29, 93),
(142, 29, 101),
(303, 29, 107),
(465, 29, 109),
(872, 29, 114),
(2357, 30, 3),
(2470, 30, 52),
(182, 30, 90),
(2289, 30, 93),
(787, 30, 103),
(150, 30, 105),
(520, 30, 110),
(2190, 31, 15),
(782, 31, 20),
(489, 31, 22),
(764, 31, 42),
(2471, 31, 52),
(196, 31, 78),
(990, 31, 139),
(2400, 32, 20),
(17, 32, 38),
(2048, 32, 52),
(2472, 32, 53),
(45, 32, 59),
(63, 32, 98),
(560, 32, 135),
(924, 33, 18),
(2418, 33, 26),
(2076, 33, 52),
(2473, 33, 53),
(984, 33, 72),
(461, 33, 74),
(200, 33, 80),
(2257, 33, 93),
(66, 33, 101),
(450, 33, 136),
(2298, 34, 5),
(2208, 34, 15),
(2135, 34, 27),
(64, 34, 46),
(2474, 34, 54),
(2238, 34, 93),
(2379, 35, 12),
(2121, 35, 27),
(810, 35, 28),
(29, 35, 35),
(128, 35, 52),
(2475, 35, 54),
(703, 35, 55),
(373, 35, 105),
(417, 35, 132),
(319, 36, 1),
(2143, 36, 27),
(2476, 36, 55),
(2223, 36, 93),
(175, 36, 102),
(994, 36, 115),
(451, 37, 9),
(2070, 37, 52),
(960, 37, 54),
(2477, 37, 55),
(102, 37, 75),
(654, 37, 80),
(2278, 37, 93),
(80, 37, 96),
(973, 37, 99),
(902, 37, 110),
(96, 37, 129),
(189, 38, 24),
(2128, 38, 27),
(884, 38, 39),
(2478, 38, 56),
(321, 38, 58),
(365, 38, 64),
(2318, 39, 5),
(341, 39, 49),
(2052, 39, 52),
(501, 39, 53),
(2479, 39, 56),
(2265, 39, 93),
(454, 39, 107),
(918, 39, 111),
(653, 39, 116),
(205, 40, 16),
(955, 40, 37),
(2090, 40, 52),
(2480, 40, 57),
(145, 40, 75),
(2380, 41, 13),
(2204, 41, 15),
(2154, 41, 27),
(2481, 41, 57),
(750, 41, 78),
(33, 41, 95),
(77, 41, 120),
(747, 41, 124),
(2360, 42, 5),
(327, 42, 14),
(70, 42, 50),
(2482, 42, 58),
(2236, 42, 93),
(323, 42, 110),
(259, 43, 10),
(2216, 43, 15),
(2401, 43, 20),
(364, 43, 26),
(2116, 43, 27),
(265, 43, 51),
(2483, 43, 58),
(749, 43, 72),
(2254, 43, 93),
(284, 44, 39),
(665, 44, 50),
(2066, 44, 52),
(2484, 44, 59),
(2284, 44, 93),
(2183, 45, 15),
(285, 45, 18),
(31, 45, 24),
(2485, 45, 59),
(146, 45, 71),
(2305, 46, 5),
(397, 46, 17),
(343, 46, 58),
(2486, 46, 60),
(466, 46, 61),
(355, 46, 64),
(108, 46, 75),
(912, 46, 137),
(496, 47, 9),
(585, 47, 18),
(2419, 47, 27),
(333, 47, 34),
(2057, 47, 52),
(2487, 47, 60),
(191, 47, 84),
(394, 47, 108),
(975, 47, 127),
(2329, 48, 5),
(757, 48, 12),
(502, 48, 20),
(2164, 48, 27),
(2488, 48, 61),
(49, 48, 69),
(460, 48, 80),
(2243, 48, 93),
(675, 48, 96),
(494, 48, 113),
(483, 48, 126),
(194, 48, 131),
(2314, 49, 5),
(2172, 49, 15),
(2402, 49, 20),
(724, 49, 43),
(2050, 49, 52),
(2489, 49, 61),
(776, 49, 101),
(386, 49, 133),
(457, 49, 134),
(2094, 50, 52),
(2490, 50, 62),
(2282, 50, 93),
(52, 50, 134),
(2361, 51, 5),
(596, 51, 10),
(2403, 51, 21),
(2138, 51, 27),
(440, 51, 61),
(686, 51, 62),
(698, 51, 79),
(310, 51, 84),
(2241, 51, 93),
(650, 51, 105),
(2187, 52, 15),
(2492, 52, 63),
(220, 52, 82),
(351, 52, 114),
(499, 53, 24),
(2118, 53, 27),
(428, 53, 55),
(2493, 53, 63),
(425, 53, 114),
(74, 53, 137),
(6, 54, 10),
(2150, 54, 27),
(707, 54, 33),
(2087, 54, 52),
(60, 54, 63),
(2494, 54, 64),
(486, 54, 99),
(2343, 55, 5),
(2064, 55, 52),
(998, 55, 55),
(841, 55, 58),
(354, 55, 59),
(2495, 55, 64),
(2249, 55, 93),
(866, 55, 98),
(98, 55, 128),
(784, 55, 137),
(2294, 56, 5),
(2381, 56, 13),
(2133, 56, 27),
(2496, 56, 65),
(67, 56, 103),
(587, 57, 27),
(2074, 57, 52),
(674, 57, 60),
(2497, 57, 65),
(164, 57, 112),
(176, 57, 118),
(2196, 58, 15),
(2498, 58, 66),
(2264, 58, 93),
(647, 58, 113),
(882, 58, 121),
(59, 58, 123),
(15, 58, 125),
(147, 59, 3),
(2347, 59, 5),
(2218, 59, 15),
(559, 59, 45),
(148, 59, 46),
(2499, 59, 66),
(482, 59, 74),
(350, 59, 77),
(367, 59, 107),
(185, 59, 127),
(127, 60, 13),
(2201, 60, 15),
(165, 60, 55),
(2500, 60, 67),
(73, 60, 86),
(508, 60, 104),
(2, 60, 126),
(969, 61, 11),
(2156, 61, 27),
(2056, 61, 52),
(154, 61, 60),
(2501, 61, 67),
(549, 61, 87),
(2273, 61, 93),
(94, 61, 107),
(630, 61, 111),
(2404, 62, 21),
(2420, 62, 27),
(2502, 62, 68),
(919, 62, 78),
(949, 62, 79),
(403, 62, 83),
(2285, 62, 93),
(193, 63, 1),
(471, 63, 2),
(2319, 63, 5),
(206, 63, 11),
(2193, 63, 15),
(221, 63, 51),
(2503, 63, 68),
(2362, 64, 5),
(2405, 64, 21),
(2169, 64, 27),
(944, 64, 47),
(2099, 64, 52),
(2504, 64, 69),
(161, 64, 90),
(762, 64, 104),
(672, 64, 112),
(925, 64, 117),
(172, 64, 138),
(2328, 65, 5),
(13, 65, 10),
(2119, 65, 27),
(723, 65, 39),
(729, 65, 42),
(2505, 65, 69),
(858, 65, 96),
(363, 65, 127),
(2297, 66, 5),
(2212, 66, 15),
(526, 66, 30),
(2107, 66, 52),
(915, 66, 68),
(2506, 66, 70),
(472, 66, 89),
(2252, 66, 93),
(291, 66, 100),
(2348, 67, 5),
(2382, 67, 13),
(2146, 67, 27),
(2507, 67, 70),
(2229, 67, 93),
(308, 67, 129),
(2332, 68, 5),
(131, 68, 36),
(2508, 68, 71),
(209, 68, 77),
(738, 68, 92),
(40, 68, 104),
(379, 68, 109),
(204, 68, 126),
(588, 69, 20),
(828, 69, 33),
(2509, 69, 71),
(409, 69, 105),
(452, 69, 106),
(509, 69, 125),
(2085, 70, 52),
(2510, 70, 72),
(357, 70, 122),
(2130, 71, 27),
(683, 71, 69),
(2511, 71, 72),
(375, 71, 76),
(169, 71, 88),
(2279, 71, 93),
(251, 71, 95),
(712, 72, 62),
(2512, 72, 73),
(14, 72, 79),
(822, 72, 99),
(2317, 73, 5),
(132, 73, 21),
(2160, 73, 27),
(2513, 73, 73),
(988, 73, 86),
(26, 73, 114),
(377, 73, 132),
(2383, 74, 14),
(868, 74, 35),
(435, 74, 70),
(2514, 74, 74),
(798, 74, 99),
(2421, 75, 27),
(262, 75, 36),
(2515, 75, 74),
(271, 75, 84),
(2227, 75, 93),
(289, 75, 125),
(446, 76, 3),
(2181, 76, 15),
(163, 76, 34),
(497, 76, 69),
(2516, 76, 75),
(999, 76, 81),
(238, 76, 91),
(2268, 76, 93),
(278, 76, 118),
(831, 76, 129),
(385, 76, 131),
(139, 76, 133),
(439, 77, 1),
(21, 77, 29),
(173, 77, 51),
(419, 77, 59),
(512, 77, 62),
(2517, 77, 75),
(61, 77, 129),
(2336, 78, 5),
(548, 78, 12),
(893, 78, 21),
(2406, 78, 22),
(2067, 78, 52),
(642, 78, 55),
(2518, 78, 76),
(745, 78, 98),
(793, 78, 99),
(304, 79, 1),
(141, 79, 14),
(2209, 79, 15),
(398, 79, 33),
(856, 79, 46),
(475, 79, 47),
(562, 79, 64),
(2519, 79, 76),
(311, 79, 89),
(2290, 79, 93),
(223, 79, 135),
(342, 80, 20),
(598, 80, 27),
(280, 80, 57),
(2520, 80, 77),
(198, 80, 84),
(640, 80, 88),
(2323, 81, 5),
(980, 81, 43),
(135, 81, 74),
(2521, 81, 77),
(777, 81, 120),
(380, 81, 136),
(2363, 82, 6),
(485, 82, 7),
(2422, 82, 28),
(246, 82, 62),
(667, 82, 70),
(2522, 82, 78),
(2234, 82, 93),
(443, 82, 100),
(391, 82, 106),
(811, 83, 7),
(2163, 83, 27),
(183, 83, 56),
(996, 83, 75),
(2523, 83, 78),
(210, 83, 139),
(604, 84, 5),
(845, 84, 39),
(691, 84, 68),
(2524, 84, 79),
(447, 84, 87),
(2244, 84, 93),
(726, 84, 109),
(442, 85, 5),
(353, 85, 15),
(554, 85, 26),
(2079, 85, 52),
(2525, 85, 79),
(2225, 85, 93),
(948, 85, 125),
(2526, 86, 80),
(22, 86, 105),
(518, 86, 109),
(275, 87, 6),
(936, 87, 14),
(122, 87, 38),
(2097, 87, 52),
(144, 87, 59),
(533, 87, 65),
(2527, 87, 80),
(2272, 87, 93),
(390, 87, 95),
(2384, 88, 14),
(2179, 88, 15),
(2168, 88, 27),
(396, 88, 33),
(2054, 88, 52),
(817, 88, 72),
(2528, 88, 81),
(37, 88, 116),
(2302, 89, 5),
(263, 89, 12),
(105, 89, 22),
(2423, 89, 28),
(993, 89, 39),
(981, 89, 43),
(413, 89, 45),
(851, 89, 48),
(694, 89, 51),
(2529, 89, 81),
(155, 89, 82),
(279, 89, 99),
(952, 90, 6),
(2407, 90, 22),
(2424, 90, 29),
(916, 90, 38),
(836, 90, 50),
(929, 90, 53),
(334, 90, 80),
(746, 90, 82),
(803, 90, 90),
(2321, 91, 5),
(2364, 91, 6),
(253, 91, 12),
(2207, 91, 15),
(216, 91, 40),
(544, 91, 47),
(540, 91, 52),
(2531, 91, 82),
(717, 91, 91),
(926, 91, 93),
(774, 91, 102),
(2341, 92, 5),
(515, 92, 11),
(2124, 92, 27),
(823, 92, 39),
(829, 92, 64),
(2532, 92, 83),
(2259, 92, 93),
(865, 93, 11),
(2385, 93, 14),
(907, 93, 54),
(611, 93, 66),
(162, 93, 82),
(2533, 93, 83),
(226, 93, 90),
(937, 93, 122),
(366, 93, 132),
(582, 93, 136),
(2195, 94, 15),
(2060, 94, 52),
(90, 94, 60),
(2534, 94, 84),
(765, 94, 93),
(166, 94, 96),
(258, 94, 105),
(2425, 95, 29),
(99, 95, 31),
(464, 95, 49),
(10, 95, 60),
(2535, 95, 84),
(2137, 96, 27),
(140, 96, 40),
(910, 96, 82),
(2536, 96, 85),
(775, 96, 97),
(928, 96, 108),
(344, 96, 111),
(574, 96, 118),
(369, 96, 129),
(542, 97, 21),
(785, 97, 34),
(934, 97, 41),
(779, 97, 52),
(888, 97, 58),
(2537, 97, 85),
(622, 97, 92),
(763, 97, 109),
(2292, 98, 5),
(212, 98, 10),
(2175, 98, 15),
(2112, 98, 27),
(586, 98, 36),
(874, 98, 51),
(2538, 98, 86),
(444, 98, 117),
(2365, 99, 7),
(382, 99, 49),
(2102, 99, 52),
(847, 99, 59),
(789, 99, 61),
(758, 99, 68),
(2539, 99, 86),
(633, 99, 90),
(2232, 99, 93),
(76, 99, 101),
(19, 99, 123),
(987, 99, 126),
(325, 99, 127),
(527, 100, 83),
(195, 100, 86),
(2540, 100, 87),
(467, 100, 89),
(2177, 101, 15),
(2408, 101, 22),
(2114, 101, 27),
(773, 101, 34),
(2063, 101, 52),
(247, 101, 69),
(2541, 101, 87),
(942, 101, 95),
(616, 101, 111),
(876, 101, 128),
(95, 102, 4),
(906, 102, 27),
(2104, 102, 52),
(2542, 102, 88),
(537, 102, 94),
(104, 103, 2),
(2300, 103, 5),
(5, 103, 14),
(2093, 103, 52),
(797, 103, 65),
(294, 103, 79),
(2543, 103, 88),
(2251, 103, 93),
(700, 103, 119),
(207, 103, 124),
(613, 104, 25),
(2068, 104, 52),
(670, 104, 56),
(521, 104, 84),
(2544, 104, 89),
(2221, 104, 93),
(3, 104, 99),
(950, 104, 108),
(881, 104, 125),
(115, 104, 136),
(2386, 105, 15),
(2144, 105, 27),
(2047, 105, 52),
(2545, 105, 89),
(239, 106, 8),
(2161, 106, 27),
(905, 106, 61),
(309, 106, 65),
(681, 106, 73),
(564, 106, 82),
(2546, 106, 90),
(534, 106, 92),
(2255, 106, 93),
(113, 106, 124),
(387, 106, 129),
(2330, 107, 5),
(2366, 107, 7),
(2198, 107, 15),
(522, 107, 16),
(2426, 107, 29),
(2547, 107, 90),
(208, 107, 91),
(248, 107, 103),
(655, 108, 45),
(860, 108, 48),
(539, 108, 52),
(2548, 108, 91),
(2270, 108, 93),
(922, 108, 97),
(2186, 109, 15),
(20, 109, 23),
(930, 109, 50),
(2071, 109, 52),
(317, 109, 72),
(885, 109, 75),
(754, 109, 80),
(2549, 109, 91),
(2224, 109, 93),
(689, 110, 18),
(2147, 110, 27),
(734, 110, 37),
(256, 110, 64),
(532, 110, 84),
(2550, 110, 92),
(645, 110, 104),
(384, 110, 106),
(1000, 110, 110),
(214, 110, 115),
(54, 111, 20),
(958, 111, 73),
(903, 111, 91),
(2551, 111, 92),
(352, 111, 99),
(968, 111, 116),
(326, 112, 3),
(2293, 112, 5),
(2171, 112, 15),
(839, 112, 16),
(16, 112, 19),
(412, 112, 21),
(2427, 112, 30),
(843, 112, 36),
(821, 112, 37),
(58, 112, 39),
(2095, 112, 52),
(330, 112, 56),
(661, 112, 60),
(826, 112, 82),
(2552, 112, 93),
(536, 112, 113),
(372, 112, 129),
(2192, 113, 15),
(83, 113, 53),
(838, 113, 63),
(2553, 113, 93),
(825, 113, 116),
(87, 113, 133),
(296, 114, 9),
(2122, 114, 27),
(736, 114, 56),
(558, 114, 73),
(79, 114, 86),
(517, 114, 92),
(2554, 114, 94),
(725, 114, 107),
(2367, 115, 7),
(429, 115, 23),
(605, 115, 31),
(437, 115, 65),
(68, 115, 80),
(579, 115, 86),
(2555, 115, 94),
(305, 115, 131),
(2428, 116, 30),
(229, 116, 40),
(744, 116, 56),
(2258, 116, 93),
(2556, 116, 95),
(181, 116, 134),
(2387, 117, 15),
(2280, 117, 93),
(2557, 117, 95),
(699, 117, 100),
(643, 117, 114),
(100, 118, 7),
(2206, 118, 15),
(794, 118, 27),
(570, 118, 70),
(2558, 118, 96),
(158, 119, 13),
(2213, 119, 15),
(232, 119, 19),
(878, 119, 67),
(82, 119, 73),
(2276, 119, 93),
(2559, 119, 96),
(81, 119, 119),
(890, 120, 2),
(2324, 120, 5),
(2117, 120, 27),
(106, 120, 93),
(580, 120, 97),
(227, 120, 126),
(120, 121, 6),
(2101, 121, 52),
(415, 121, 69),
(898, 121, 85),
(459, 121, 86),
(2266, 121, 93),
(2561, 121, 97),
(623, 121, 125),
(769, 121, 131),
(2368, 122, 8),
(2091, 122, 52),
(116, 122, 68),
(2562, 122, 98),
(941, 122, 125),
(2350, 123, 5),
(406, 123, 11),
(112, 123, 23),
(879, 123, 44),
(153, 123, 46),
(614, 123, 58),
(2563, 123, 98),
(914, 123, 118),
(966, 124, 2),
(2344, 124, 5),
(137, 124, 9),
(473, 124, 75),
(899, 124, 81),
(2564, 124, 99),
(555, 124, 120),
(11, 124, 121),
(2152, 125, 27),
(676, 125, 38),
(266, 125, 43),
(75, 125, 67),
(306, 125, 69),
(233, 125, 72),
(2256, 125, 93),
(2565, 125, 99),
(730, 125, 102),
(177, 125, 133),
(2349, 126, 5),
(602, 126, 8),
(38, 126, 11),
(2200, 126, 15),
(799, 126, 51),
(849, 126, 61),
(830, 126, 67),
(677, 126, 89),
(2566, 126, 100),
(318, 127, 60),
(478, 127, 77),
(2567, 127, 100),
(462, 127, 127),
(2051, 128, 52),
(624, 128, 54),
(2568, 128, 101),
(2342, 129, 5),
(2131, 129, 27),
(610, 129, 32),
(2061, 129, 52),
(535, 129, 91),
(2569, 129, 101),
(2334, 130, 5),
(2369, 130, 8),
(337, 130, 51),
(2098, 130, 52),
(761, 130, 91),
(2570, 130, 102),
(897, 130, 125),
(809, 131, 28),
(2571, 131, 102),
(201, 131, 124),
(2312, 132, 5),
(178, 132, 15),
(2149, 132, 27),
(577, 132, 64),
(474, 132, 75),
(732, 132, 84),
(2250, 132, 93),
(88, 132, 94),
(2572, 132, 103),
(395, 133, 75),
(2573, 133, 103),
(848, 133, 121),
(504, 134, 9),
(2388, 134, 15),
(695, 134, 27),
(571, 134, 80),
(669, 134, 90),
(2574, 134, 103),
(635, 134, 123),
(857, 134, 124),
(594, 134, 139),
(2174, 135, 15),
(2429, 135, 31),
(23, 135, 34),
(662, 135, 63),
(920, 135, 86),
(2575, 135, 104),
(911, 135, 112),
(2335, 136, 5),
(51, 136, 18),
(553, 136, 77),
(156, 136, 81),
(2577, 136, 105),
(2185, 137, 15),
(2170, 137, 27),
(416, 137, 44),
(2235, 137, 93),
(1, 137, 96),
(2578, 137, 105),
(971, 138, 32),
(917, 138, 40),
(608, 138, 45),
(2073, 138, 52),
(299, 138, 64),
(886, 138, 75),
(2274, 138, 93),
(2579, 138, 106),
(2304, 139, 5),
(2113, 139, 27),
(2430, 139, 31),
(529, 139, 38),
(595, 139, 45),
(2580, 139, 106),
(913, 139, 126),
(626, 139, 128),
(2307, 140, 5),
(2410, 140, 23),
(277, 140, 24),
(254, 140, 25),
(399, 140, 26),
(2136, 140, 27),
(832, 140, 31),
(835, 140, 82),
(2247, 140, 93),
(2581, 140, 107),
(414, 140, 108),
(617, 140, 132),
(976, 141, 2),
(2202, 141, 15),
(329, 141, 29),
(852, 141, 67),
(788, 141, 73),
(480, 141, 74),
(125, 141, 75),
(427, 141, 86),
(671, 141, 91),
(114, 141, 106),
(2582, 141, 107),
(2338, 142, 5),
(721, 142, 10),
(780, 142, 13),
(2159, 142, 27),
(287, 142, 36),
(432, 142, 43),
(190, 142, 69),
(455, 142, 107),
(168, 142, 115),
(358, 143, 22),
(2142, 143, 27),
(739, 143, 41),
(2084, 143, 52),
(44, 143, 88),
(943, 143, 96),
(877, 143, 106),
(2584, 143, 108),
(2188, 144, 15),
(680, 144, 17),
(2126, 144, 27),
(152, 144, 60),
(225, 144, 65),
(2226, 144, 93),
(2585, 144, 108),
(593, 144, 122),
(2331, 145, 5),
(46, 145, 8),
(2370, 145, 9),
(2389, 145, 16),
(728, 145, 28),
(2431, 145, 32),
(402, 145, 33),
(2096, 145, 52),
(575, 145, 68),
(816, 145, 77),
(313, 145, 87),
(2586, 145, 109),
(484, 145, 137),
(2180, 146, 15),
(2078, 146, 52),
(35, 146, 87),
(2587, 146, 109),
(659, 146, 112),
(967, 146, 131),
(2214, 147, 15),
(2069, 147, 52),
(946, 147, 73),
(2262, 147, 93),
(2588, 147, 110),
(568, 147, 139),
(800, 148, 5),
(770, 148, 78),
(2589, 148, 110),
(2296, 149, 5),
(2432, 149, 32),
(846, 149, 36),
(2591, 149, 111),
(421, 149, 125),
(808, 149, 130),
(2311, 150, 5),
(2211, 150, 15),
(970, 150, 27),
(663, 150, 37),
(664, 150, 86),
(2592, 150, 112),
(218, 150, 114),
(933, 150, 125),
(2162, 151, 27),
(961, 151, 29),
(481, 151, 41),
(47, 151, 53),
(404, 151, 75),
(222, 151, 77),
(359, 151, 89),
(136, 151, 111),
(2593, 151, 112),
(599, 151, 130),
(160, 152, 6),
(2371, 152, 9),
(2390, 152, 16),
(505, 152, 74),
(260, 152, 81),
(870, 152, 108),
(2594, 152, 113),
(900, 152, 134),
(315, 153, 44),
(39, 153, 58),
(634, 153, 60),
(696, 153, 96),
(962, 153, 104),
(2595, 153, 113),
(2315, 154, 5),
(977, 154, 32),
(2106, 154, 52),
(468, 154, 67),
(401, 154, 84),
(538, 154, 114),
(701, 154, 118),
(93, 154, 132),
(710, 155, 5),
(236, 155, 6),
(2433, 155, 33),
(424, 155, 95),
(324, 155, 99),
(648, 155, 115),
(939, 156, 4),
(192, 156, 31),
(241, 156, 67),
(2598, 156, 115),
(410, 156, 128),
(2339, 157, 5),
(2178, 157, 15),
(129, 157, 37),
(551, 157, 59),
(583, 157, 114),
(2599, 157, 116),
(234, 157, 119),
(869, 158, 38),
(818, 158, 42),
(2049, 158, 52),
(516, 158, 54),
(18, 158, 83),
(2228, 158, 93),
(89, 158, 101),
(2600, 158, 116),
(219, 158, 127),
(556, 158, 128),
(2325, 159, 5),
(360, 159, 19),
(546, 159, 27),
(249, 159, 40),
(834, 159, 87),
(2287, 159, 93),
(2601, 159, 117),
(7, 159, 124),
(651, 160, 11),
(2167, 160, 27),
(28, 160, 44),
(50, 160, 53),
(423, 160, 60),
(908, 160, 71),
(197, 160, 87),
(2240, 160, 93),
(814, 160, 97),
(2602, 160, 117),
(528, 160, 134),
(91, 161, 26),
(964, 161, 48),
(646, 161, 102),
(2603, 161, 117),
(1001, 161, 135),
(2127, 162, 27),
(607, 162, 69),
(584, 162, 75),
(92, 162, 104),
(2604, 162, 118),
(331, 162, 126),
(895, 162, 135),
(638, 162, 138),
(666, 163, 6),
(576, 163, 27),
(636, 163, 52),
(2605, 163, 118),
(2327, 164, 5),
(2197, 164, 15),
(286, 164, 24),
(101, 164, 27),
(545, 164, 114),
(2606, 164, 119),
(790, 164, 123),
(418, 164, 125),
(2337, 165, 5),
(2372, 165, 10),
(2217, 165, 15),
(2411, 165, 24),
(434, 165, 25),
(2434, 165, 33),
(997, 165, 36),
(660, 165, 52),
(715, 165, 109),
(2607, 165, 119),
(589, 166, 2),
(819, 166, 3),
(722, 166, 118),
(2608, 166, 120),
(2189, 167, 15),
(2391, 167, 16),
(2283, 167, 93),
(837, 167, 115),
(243, 167, 118),
(2609, 167, 120),
(235, 167, 122),
(550, 167, 123),
(322, 167, 130),
(438, 168, 30),
(983, 168, 88),
(2610, 168, 121),
(2316, 169, 5),
(853, 169, 32),
(771, 169, 51),
(86, 169, 52),
(531, 169, 60),
(48, 169, 70),
(374, 169, 88),
(748, 169, 116),
(57, 169, 119),
(2611, 169, 121),
(871, 170, 5),
(2203, 170, 15),
(2115, 170, 27),
(786, 170, 28),
(8, 170, 51),
(405, 170, 54),
(157, 170, 59),
(901, 170, 63),
(639, 170, 99),
(783, 170, 100),
(716, 170, 122),
(2109, 171, 52),
(312, 171, 78),
(53, 171, 99),
(2613, 171, 122),
(314, 171, 124),
(228, 171, 127),
(2306, 172, 5),
(2199, 172, 15),
(2392, 172, 17),
(36, 172, 26),
(511, 172, 42),
(2237, 172, 93),
(453, 172, 98),
(300, 172, 121),
(2616, 172, 123),
(298, 173, 14),
(940, 173, 15),
(335, 173, 49),
(2075, 173, 52),
(187, 173, 59),
(332, 173, 67),
(591, 173, 101),
(2617, 173, 123),
(692, 173, 134),
(2295, 174, 5),
(2219, 174, 15),
(2412, 174, 24),
(2165, 174, 27),
(792, 174, 41),
(495, 174, 46),
(231, 174, 51),
(767, 174, 63),
(133, 174, 64),
(123, 174, 72),
(566, 174, 77),
(718, 174, 93),
(270, 174, 98),
(581, 174, 108),
(2618, 174, 124),
(422, 175, 3),
(2393, 175, 17),
(2435, 175, 34),
(2055, 175, 52),
(880, 175, 84),
(2281, 175, 93),
(543, 175, 114),
(217, 175, 119),
(2619, 175, 124),
(2313, 176, 5),
(134, 176, 8),
(117, 176, 24),
(992, 176, 26),
(2155, 176, 27),
(772, 176, 48),
(894, 176, 83),
(513, 176, 93),
(597, 176, 102),
(261, 176, 121),
(2614, 176, 125),
(959, 177, 7),
(290, 177, 9),
(2100, 177, 52),
(578, 177, 60),
(628, 177, 72),
(859, 177, 89),
(2615, 177, 125),
(965, 177, 129),
(2373, 178, 10),
(307, 178, 12),
(2145, 178, 27),
(338, 178, 42),
(601, 178, 45),
(230, 178, 83),
(2620, 178, 126),
(273, 179, 5),
(151, 179, 28),
(32, 179, 38),
(339, 179, 55),
(490, 179, 74),
(561, 179, 90),
(2621, 179, 126),
(2340, 180, 5),
(2374, 180, 10),
(682, 180, 18),
(2436, 180, 34),
(612, 180, 43),
(2077, 180, 52),
(989, 180, 60),
(42, 180, 114),
(2622, 180, 127),
(2139, 181, 27),
(768, 181, 50),
(945, 181, 63),
(991, 181, 80),
(111, 181, 84),
(883, 181, 89),
(751, 181, 91),
(2271, 181, 93),
(904, 181, 94),
(170, 181, 96),
(2623, 181, 127),
(2624, 181, 128),
(2394, 182, 18),
(2413, 182, 24),
(292, 182, 47),
(97, 182, 83),
(2222, 182, 93),
(477, 182, 110),
(565, 182, 120),
(2625, 182, 128),
(159, 182, 132),
(2322, 183, 5),
(2173, 183, 15),
(2132, 183, 27),
(510, 183, 52),
(78, 183, 58),
(974, 183, 63),
(956, 183, 78),
(658, 183, 101),
(2626, 183, 129),
(41, 183, 134),
(631, 183, 138),
(632, 184, 1),
(791, 184, 9),
(2184, 184, 15),
(820, 184, 20),
(507, 184, 52),
(348, 184, 61),
(250, 184, 92),
(2239, 184, 93),
(34, 184, 116),
(2627, 184, 129),
(203, 184, 133),
(615, 184, 134),
(426, 185, 9),
(224, 185, 27),
(268, 185, 45),
(896, 185, 50),
(569, 185, 81),
(2277, 185, 93),
(361, 185, 105),
(2628, 185, 130),
(514, 185, 138),
(2191, 186, 15),
(756, 186, 45),
(188, 186, 68),
(69, 186, 75),
(867, 186, 109),
(2629, 186, 130),
(824, 187, 5),
(2123, 187, 27),
(2062, 187, 52),
(708, 187, 53),
(378, 187, 92),
(2288, 187, 93),
(103, 187, 98),
(2630, 187, 131),
(274, 187, 139),
(2303, 188, 5),
(492, 188, 17),
(167, 188, 60),
(927, 188, 124),
(240, 188, 129),
(346, 188, 130),
(2631, 188, 132),
(995, 189, 44),
(2103, 189, 52),
(281, 189, 93),
(727, 189, 109),
(493, 189, 118),
(2632, 189, 132),
(711, 190, 1),
(65, 190, 7),
(986, 190, 29),
(2437, 190, 35),
(349, 190, 40),
(619, 190, 86),
(2267, 190, 93),
(237, 190, 123),
(2633, 190, 133),
(2299, 191, 5),
(2414, 191, 25),
(107, 191, 52),
(873, 191, 69),
(656, 191, 103),
(2634, 191, 134),
(2182, 192, 15),
(2053, 192, 52),
(679, 192, 62),
(963, 192, 124),
(2635, 192, 134),
(863, 193, 28),
(932, 193, 53),
(921, 193, 55),
(855, 193, 64),
(760, 193, 93),
(267, 193, 101),
(2636, 193, 135),
(759, 194, 9),
(24, 194, 13),
(2151, 194, 27),
(2082, 194, 52),
(657, 194, 89),
(184, 194, 90),
(743, 194, 119),
(2637, 194, 135),
(592, 195, 24),
(2438, 195, 35),
(2230, 195, 93),
(242, 195, 109),
(892, 195, 117),
(2638, 195, 136),
(328, 196, 7),
(71, 196, 24),
(345, 196, 39),
(629, 196, 47),
(563, 196, 53),
(430, 196, 69),
(649, 196, 101),
(449, 196, 115),
(864, 196, 125),
(844, 196, 135),
(2639, 196, 136),
(740, 197, 59),
(9, 197, 80),
(752, 197, 97),
(2640, 197, 137),
(2108, 198, 52),
(688, 198, 56),
(487, 198, 58),
(118, 198, 115),
(2641, 198, 137),
(2395, 199, 18),
(690, 199, 23),
(2153, 199, 27),
(25, 199, 40),
(62, 199, 84),
(297, 199, 117),
(2642, 199, 138),
(982, 200, 12),
(2194, 200, 15),
(2415, 200, 25),
(441, 200, 44),
(2086, 200, 52),
(889, 200, 88),
(590, 200, 92),
(673, 200, 123),
(2643, 200, 138),
(381, 201, 6),
(840, 201, 37),
(804, 201, 48),
(2080, 201, 52),
(110, 201, 63),
(506, 201, 76),
(573, 201, 102),
(2644, 201, 139),
(2210, 202, 15),
(2134, 202, 27),
(641, 202, 33),
(2439, 202, 36),
(336, 202, 43),
(392, 202, 48),
(2576, 202, 104),
(244, 202, 124),
(2645, 202, 139),
(2396, 203, 18),
(149, 203, 23),
(2157, 203, 27),
(2440, 203, 36),
(2058, 203, 52),
(500, 203, 57),
(2233, 203, 93),
(2646, 203, 114),
(2205, 204, 15),
(2397, 204, 18),
(733, 204, 24),
(174, 204, 56),
(2590, 204, 111),
(2647, 204, 131),
(393, 205, 6),
(861, 205, 14),
(2125, 205, 27),
(2089, 205, 52),
(288, 205, 53),
(272, 205, 63),
(389, 205, 78),
(257, 205, 133),
(30, 205, 134),
(255, 206, 27),
(2441, 206, 37),
(637, 206, 47),
(276, 206, 80),
(781, 206, 85),
(2246, 206, 93),
(567, 206, 104),
(978, 206, 115),
(524, 206, 126),
(621, 207, 35),
(2442, 207, 37),
(684, 207, 38),
(356, 207, 84),
(2260, 207, 93),
(171, 207, 100),
(705, 207, 116),
(503, 207, 138),
(854, 208, 19),
(109, 208, 26),
(2129, 208, 27),
(213, 208, 72),
(370, 208, 98),
(972, 208, 117),
(498, 208, 124),
(954, 208, 131);

-- --------------------------------------------------------

--
-- Struktura tabeli dla tabeli `orders`
--

CREATE TABLE `orders` (
  `ID` int(11) NOT NULL,
  `CART_ID` int(11) DEFAULT NULL,
  `BUYER_ID` int(11) DEFAULT NULL,
  `RECEIVER_ID` int(11) DEFAULT NULL,
  `BILLING_ID` int(11) DEFAULT NULL,
  `DATE` datetime DEFAULT NULL
) ENGINE=InnoDB DEFAULT CHARSET=utf8mb4 COLLATE=utf8mb4_general_ci;

-- --------------------------------------------------------

--
-- Struktura tabeli dla tabeli `passwords`
--

CREATE TABLE `passwords` (
  `ID` int(11) NOT NULL,
  `USER_ID` int(11) DEFAULT NULL,
  `PASSWORD` varchar(255) DEFAULT NULL
) ENGINE=InnoDB DEFAULT CHARSET=utf8mb4 COLLATE=utf8mb4_general_ci;

--
-- Dumping data for table `passwords`
--

INSERT INTO `passwords` (`ID`, `USER_ID`, `PASSWORD`) VALUES
(1, 1, '$2y$10$hY1fPXEuc78qD8Q/5Hchu.jlXQGze.oclq.6t5NxVu9fF.4pg4qr.'),
(2, 2, '$2y$10$55CLcHkOqWcIUKgPT5RnVuHmfqnYlU2LFtkx6DxIJSnGeAY0WEKka'),
(3, 3, '$2y$10$vRh.RYfT1Lk5GVX4Qjod5uxyf1CMg3ln.qfwh5iC9El4gRiDpF8la'),
(4, 4, '$2y$10$U7VQrmFknu0kKYMvmqxK4enEK2Vb7vh5Ty1gOwHlhzp8IFGij0xKu'),
(5, 5, '$2y$10$3q6UGYiz/nd3SAhEGrWrl.7Sw7nIJ0ZwYpZx09tax38Z9dBQv4LxO'),
(6, 6, '$2y$10$W2hKId1ySeJQdTNqZEkoEe79WOktOWFN4Rt4s/OiHhVuhl/QuMdZK'),
(8, 9, '$2y$10$qPoCwNxzZ6rgCk6yF221zeD3ye0Dm/uzZzZ3b5/wqPaMWJUY78Qse'),
(9, 10, '$2y$10$Sy9Ejvn3hHAuwyAihra1Je212kjSdm/t5LQaPPLG7Cq3I42Y5ySDG'),
(10, 11, '$2y$10$o.xl5.0U1wrdpd9fd5LQ/uGU1.VsiBb8DpPdoRr8NlOgYsj8qRFw2'),
(11, 12, '$2y$10$mpGIgKe7kc4h27msGlkCOe6C4f1kcn5ZlGeAT.0pN5BO.gT.o5/Fy'),
(12, 13, '$2y$10$BFyhDGTIXs5oMbnf2sWb9O8N9hAB5/9s3s1uuNNeJVN73wr5ztc4u'),
(13, 14, '$2y$10$w/QM9geek2ag9w4b7YkXLuE16/m9JX0bieUy3EHt3b1gQ/HloNMta'),
(14, 15, '$2y$10$wd8Hczyds6wlnZC3yECV/O9o/4iJ/08daxIjttBXhAQ/HntCJ/A3O'),
(15, 16, '$2y$10$NRchIki.UWo853Dy6rpI9eZWBSVi8pF/06AqNLrPZCqy0Ky2qEXHq'),
(16, 17, '$2y$10$L5ZUCPGFbSRfor1my02PauQ/xUDsM/uAqPMrCB585SoshaJ7EZkAC'),
(17, 18, '$2y$10$Wjh8zb6Xz0KJMA.XdRGoV.s0A8ehmvRPTm3vz7ejpAfqb8/eNVoSy'),
(18, 19, '$2y$10$T6Ew86OMP6qW52P8RDlezOjSWHzcDiG1oeFqafywUAshDkLmhayNm'),
(19, 20, '$2y$10$G8vuBYq84ElJFCXju.WoH.iTZkHVEiGoh0CUEx0DSeJn7BoyB1O.6'),
(20, 21, '$2y$10$gSUOtpiInNBoivkhBiNHXePkvl4cOM9Nd1ka5ZA9Fmj36cmfnp.LK'),
(21, 22, '$2y$10$JH7PleON6cXoPI/vhwsq3Ox3OZ0qP6pZoKxA9XwC08VLN3fqckPnK'),
(22, 23, '$2y$10$Ebq01hcmD3dCjBQdubK5.O/GxWny/ZApStN353I7i9HypdQk9TaIe'),
(23, 24, '$2y$10$3.7f3eExDyPBHo/PQSoqlOYYWrb.rSv8RQjxld3VC9iWRr2s.wcOO'),
(24, 25, '$2y$10$E3JfhMEzvf.PG3xbpnKJku4QnvWXVbEbaV977WR820K4vQkQLrU.m'),
(25, 26, '$2y$10$zAiB0COcAdRJQGJU2vcec.rg71ViXsDGnAsPEEw0ohKRNj0X4wHFq'),
(26, 27, '$2y$10$WlncCdurzquPyLTy2hxPy.TCuUpTghbNhYeXQ0gMAmG0dxuHS9sd6'),
(27, 28, '$2y$10$xfXPrO7K84ZSZXxVAH8RJ.SE2I10XYPBQR0Id9wuZ13WkefQb8nUG'),
(28, 29, '$2y$10$5qtww8z5zHB87o3loGlCJ./e7YZQCbcCYqSRl40bn3Wnifggr/jY2'),
(29, 30, '$2y$10$AW3G0IoTA4.uQ29U8AJ7a.zh4OpZROrkQI0v93HcpwOak/x7mXocW'),
(30, 31, '$2y$10$wV5IsG3xIOhWj0E7CXUzNuRsGVem8c4f/Pex1k4XWHOebg5VDhYYm'),
(31, 32, '$2y$10$x5vDk1gGBelJ4miRARzXzuegYOgUDumM5ysmbE30kMnf87SQZNoO2'),
(32, 33, '$2y$10$TR0rbDpIyXEl1Nkr0o6YXOYN3XcgBzLpJRdxtik1JwfaP6tW11n/C'),
(33, 34, '$2y$10$h28mkoB6KezqqY/DdGp0G.fUSwMgIm8hAUpvmjc1yxhrBEHjcCk1C'),
(34, 35, '$2y$10$2EcOsNJty3fHD3m.czCfdufEkpwypUg9ME2DKNWf9ql.bjJVCMMJC'),
(35, 36, '$2y$10$M1Ty.cRcIXxw2nQlJxn2jeUqn3VSBw4jKHVPPLUD4WkmmTErbkq/m'),
(36, 37, '$2y$10$AMuz2sN19UuQsV.kgtNvvuGx/FVfaPy4wAQxt6NaHf5nVjX1uLW3m'),
(37, 38, '$2y$10$rDBf9uyX82/ZcOXy0YUOrOMfe.0EoYGAlVGfN6/usr8w7K9Ek4ypa'),
(38, 39, '$2y$10$3EK/V2sdCZB2srvkn8b.Mubai.jr4pqSDU1T3U3.KK1nzhNl2uesa'),
(39, 40, '$2y$10$jJXhAJvPO7oLXW1CTP0WpOrOR9bUV3u599463CyXZTFMN840xJ0ci'),
(40, 41, '$2y$10$jK.N3VFXLAuVfWkV/gZPSOuqx49l7sjFc0J3mdv3wrRJjdx/1llCe'),
(41, 42, '$2y$10$y0tJDXWUaRAVzhCfHKcTXeweSn1dDvVE.Jax6hE.VWuxmPcGFkhju'),
(42, 43, '$2y$10$qGmaGFE1TXh2vIu2Rs3yy.V1Q/pyD18X0j6gI.FCLTOG1P8TLALNG'),
(43, 44, '$2y$10$r6ywve5RToLrd6bEg9YJfuAG4/TuIrBDZjGbGDzw8WAzF2K2SGJ/u'),
(44, 45, '$2y$10$WqT409qwiiTfqnqU5ZfqMuNr2xN1cMsjvUos43wkqOcWOsG.zvK5y'),
(45, 46, '$2y$10$R96zlJI6SSVh8ZmyfsgY4OHs9kxGmPCHtFfZu2AH0FW3ipoDF/pf6'),
(46, 47, '$2y$10$CdWXbie3wsC.XrK4uA79beZ0CfE0g6W9JpPA/V01jdocW4XZmCv82'),
(47, 48, '$2y$10$nBArYNrn3VngPkX0a6T3D.6dFKwzVGVkSgiu8fLM6XNTCvOUd45IK'),
(48, 49, '$2y$10$2UwooPLqzAEz2iSloxaJBO8M5VirXvWjVcZHHhHXmw0rArcYuXtt.'),
(49, 50, '$2y$10$E0T7v0mGrQOWgFjy2.h/W.WZUBnorrLt8ll/FHp/ApAz8mbgsBjfu'),
(50, 51, '$2y$10$WKAyRWUIFcbPa8.DXtGIiO6x.YCa7MPo/oieaKrIChtc7IRey9kQ.'),
(51, 52, '$2y$10$QiBIzJ0tA.8qb8pXS4t6CeAyd5KpT3UYZwdkBFDLQ6KzB/xuqtQDu'),
(52, 53, '$2y$10$OBZv8ne2w9fYFu2vuW1CoehgKRI.4uKuJ5LR5Fyt0Gc2NdxJPAFnu'),
(53, 54, '$2y$10$w6g.ZXxXsbdoObxYwniiR.fryoFqLZhWFidDKe1mV6qG/qCz4R2y6'),
(54, 55, '$2y$10$MZWLFguN1Zfg/.Yv7O8SYOF1/WC4B0be2l4V6zKu/8/vtXinbSYVi'),
(55, 56, '$2y$10$GwwQloZXq7H5OF1KecRCDeFsU9jGlCz8cIXfkkvWkCae/juVCkhHa'),
(56, 57, '$2y$10$yulBEC.cqXlcDKZeqDnoJ.pWFyl7GAfIMOjiKNCTmSNDnb5us6yGq'),
(57, 58, '$2y$10$pfzHfptX3txWFg5xOrcDU.51MEzChvthxbcvGk946Z4ctaEgTF3DW'),
(58, 59, '$2y$10$Av2TrSJuHFboWZGFM.KTnubAYf3Lsqe3npvm5peQWgT6DnxWTGkw6'),
(59, 60, '$2y$10$z4GEqxi13xHd4Xnv2yALmOSOAQhuoOB.GJfkLqkr7OPQa1OzwnW9C'),
(60, 61, '$2y$10$gcHBrpvvqbXvZIaItbDbcOi5zMWtJ8Gvteqen6HKcEZB/tPAJX9M.'),
(61, 62, '$2y$10$ns6taGT5E8usc2d.rO6.jeas/scfpDw5cSgVtiSvturlvTDybvS3G'),
(62, 63, '$2y$10$o0ot7P2Z3K1q3p7XuaKFoeW7dHRwsurwNxViBvdblvVaS6.UqBbPS'),
(63, 64, '$2y$10$NYsLLy24AQGuJxD88V3aDOHGtKrzUhdAqCIeJbUU/ys9tnTwS./xi'),
(64, 65, '$2y$10$tHRQkyOkyJrd75NXvyKRZeMXi7TniyKVYGld5Ap.5gH0n080L8o0q'),
(65, 66, '$2y$10$1Yh9zfX/6mj.Ap1RmgahWOz5Us4QGH7/t6omPsR/1atL7ly8NOkGi'),
(66, 67, '$2y$10$DzDnGGqD67wfhvsD3NGPpOm9dCG4dS/Y/WOzHmjAwQJdDJD1yHvMa'),
(67, 68, '$2y$10$rppMpXdf3pubTFC6kwXlYu8XXzM3orT02Wh1I.6APoz4hGHhpD5bK'),
(68, 69, '$2y$10$t7KsZnIslwPU4davJqhvxOafecPRalvK9dtzDe3xUJqQr..DTfF1y'),
(69, 70, '$2y$10$RBBaVM.USW6bxv1ptSl9.uP/.xX9m09Zbhqiyl1uDtmQ1m6UMdm2K'),
(70, 71, '$2y$10$17lVIVzEJvnLeR9qZ/NLWu2H8DXbpeELvIUwIPW8RCUvzN8.P7p.q'),
(71, 72, '$2y$10$Yy2sDFcZz50pc5MDU8Auoey4Nlw/vwpCHKDANMle.CLBExZqF3ABW'),
(72, 73, '$2y$10$NH7fvq7QIWUosSeTbvbgpeCXIStxgf0GrD2xo1971LYJty7U8gCpq'),
(73, 74, '$2y$10$5cgXs7mpsuDv0SQacye/JO6JW6dlwrac3cC6OZrSxU.K9HeKYOgnq'),
(74, 75, '$2y$10$LwDLuLxFy2eYxQFrYrthSeR/5yJ6ey37SKsYnIbLd4CZw1fAdqLpW'),
(75, 76, '$2y$10$wm4phX6vEyfOzlWFjBYMbORf2yA5gAqlQt393GkSWLmlM7tY2lrGi'),
(76, 77, '$2y$10$UZ0AlgdbOXGqSqqYsFD/JOATo9YXTM1GIJGz.4Zpe7VNXxijGYVyC'),
(77, 78, '$2y$10$jvpxPtLtbesBx5KwzVw0Iukn1vJfV8HtiwmO9nfZTHpUB8mfbfN4m'),
(78, 79, '$2y$10$w755pMAcYlhIxFm6qm7Sku2irODp2pXxwW1T5HqwfVLWkoiaqWsee'),
(79, 80, '$2y$10$WooFhkRcSfUD6nZi4ozfgu0eIEnPjBCpeFudxC9V306LSTxghwJsm'),
(80, 81, '$2y$10$AT1Zsbu6DN8l8NEwCv3ffO.1aiYco0V2Qeos1L79ZzbvFwxtCJ9FS'),
(81, 82, '$2y$10$CRLxwNxWnTdTNgN2yFcdZeGWCftL0/zyNS7kKRhVIQOfOz3ycH7ne'),
(82, 83, '$2y$10$dCi1br6DO3JBB1UWffE78ew8bZDL3kZuUGaswZ3ebe9htVfrPmp4C'),
(83, 84, '$2y$10$jtinKonlii2ifbFr8UPX/OvfFzxbusy4YshJC7iahIfipQC3RRyYW'),
(84, 85, '$2y$10$Vd1C0.p.4OXKnQJdXLdCK.ERsk2o0Nrt/aV7podxsSEjdrzhY5ARK'),
(85, 86, '$2y$10$vJJwt/HQc9f7ACQKSS8GPeNJ4OFKaJMO32Q6srU3Xgr67FpzKRVZC'),
(86, 87, '$2y$10$/4q7hzhmhY0MkSwMOlT58uM5n/aiCzbhqyQuglN7NRWu.sHU/SQy6'),
(87, 88, '$2y$10$E11LHC7EkVmPtstqfMahNurv1atV01h1un2IQ9xoePGc8s3jdZSRC'),
(88, 89, '$2y$10$4LM/WilL8clzgUhDRs88T.tHZIVd5NztORUzK/Zl.ALowxp5FbVii'),
(89, 90, '$2y$10$85hoLpHChPLhyoc0ss8R9enuN8fwCnJOQFyKDa0WNMkCU9zLhTCPC'),
(90, 91, '$2y$10$ZoFj6fL6CoHvgG1VoZgyyOoZExO48HhUvngvj2OMQ4PivqBE9Smj.'),
(91, 92, '$2y$10$9X4aaqg9TAPGRw3RFnSaEOdNko2TGXFm61q8Klf2J9HspvT2KhLau'),
(92, 93, '$2y$10$HrxebkRNoQL.BSWnAB/jQuibPl.3tp0AgQsok455Csv9pKborLb2K'),
(93, 94, '$2y$10$OFdhl1CddV1y1LLTDk7l2ujSxKY9UoCkEKR4dpwQlkOJJOYCjgb76'),
(94, 95, '$2y$10$SQjranin0arIeca3D3wepuqWGGADf9KILHtNttRGQIaGK5mw.pGmy'),
(95, 96, '$2y$10$7hyY14zkCrOPQ.FfIRrCyerYHP9.SghqhYcWAz2Pd.WGZybEfcBFO'),
(96, 97, '$2y$10$UZkoXmJZYlWBYxckFpMYgOz1Q95XY1NFaJea/OTlNkmnRVkr1L/Fu'),
(97, 98, '$2y$10$qomFYmA94YlOKRzf7i/hY.bdfg0bURRrmNo8yovkae9FGXDj.ccn6'),
(98, 99, '$2y$10$E.CA53BzLjUyQvST0b2Ph.PxVwKaSDgkqwBe4I.VaZj2R5p00B7Fi'),
(99, 100, '$2y$10$dvyWzrVTqZeAYWgIgIN0g.9XqcEAfiWo6pAM2V8.KzoR.Qosz..gK'),
(100, 101, '$2y$10$I0a8YCjPdFPViDi5A0iocugvXiS/qj3Md5b1s42D1/qOgb2v0ejuW'),
(101, 102, '$2y$10$0XeSV2/dQDUnyLNd3Hx5/ePYJHDaqQd/kwwiScdTobgnBb3V8x2Gy'),
(102, 103, '$2y$10$NtNkPZjg9fEwad2qe1fvaeDrSxmGSUr93BElF2WbF/rcIfaPURe/6'),
(103, 104, '$2y$10$HIhOhoJXp2fgo8gyGVtEiencu10EnOneX7GUgdbc07pyHyGABTR7a'),
(104, 105, '$2y$10$Q3US7FSxaRrb5pLEc18psukHRxF6rvhiOx2LCHizVEUYSzwL4B096'),
(105, 106, '$2y$10$/HI.S1UvcP.zYjTEb8C1B.lWqJDfu5NMXen5lxmqJctgy1TfI6RRy'),
(106, 107, '$2y$10$YGW8XdEodjaKXAgplR8wU.ZNjwe6Xe4JEMdH12dWpOliBZuteSMZC'),
(107, 108, '$2y$10$fwcAjJNpXnDWeBHZxZkqruM7Uy9TMAgpynjA/kEqibgJ/g2zhjEZa'),
(108, 109, '$2y$10$yRwuXh9aQCY6wsIfff2MLu2iU9zV3F4MsHUkntPV1BpvvdS1YBYtS'),
(109, 110, '$2y$10$t4L0pBgysPRLJNMsfcgpXO5ykNip.pE6JHUvLb.7C7s10WibHe.Za'),
(110, 111, '$2y$10$ahq8eFzpA7NlxtF9rdy.RO/qvUEJzKyySiT7tUemW1o7v8fdTK6Gy'),
(111, 112, '$2y$10$Nc5ro0saiAkWCJcYI3Lk3.jzzP/0AU/N6PC3O3/WXX46WZKKfvBy2'),
(112, 113, '$2y$10$nmWrzrt/1dXaOkq4Bw7s7.dzVODOatRXiMP3/jje3vtjrU2qJH0HG'),
(113, 114, '$2y$10$HjdK.5Q9kNj5tWhxjokac.awXPCtW55zpmy8wuwiLqjEVOS7r.20G'),
(114, 115, '$2y$10$OLIineD1dUoMfYzaYCh5Su61cpXDLDarRRg2ADsInTx0kcmqt77Fq'),
(115, 116, '$2y$10$kBLiMQTXDGwOraO35L2tUe1LLoWyk0X9HW44F.tS/HaFe570/HFD2'),
(116, 117, '$2y$10$UYWuKKOrkRDCdlytwQ8LZealYfhNc.5ki/P4o8JFAm1.zAI5isZey'),
(117, 118, '$2y$10$tiDAEoJXXoSTQqGFcIUOouaRQ8b7hsxDnJ/37xLi2zW7T/OxnOL4K'),
(118, 119, '$2y$10$QKihY110lkBriaBw8jE8ie5UGOxMDsRA/QjiBJtFaqA7UNZULAcsW'),
(119, 120, '$2y$10$zlNYKusQ1vOtZkPYyuKbluh0qih1PjT19v.iOERV8vpQ5yW0fUnrC'),
(120, 121, '$2y$10$sUMf2upyC2v7AVLmEumVT.lTu1IHB2cFl.I.VcQg/8lWQ.bZiijIW'),
(121, 122, '$2y$10$ZNB1QPL9R9wAmAPNxvBMB.aIE67.yJdv72q/hSpvag5iPwzr9FPpW'),
(122, 123, '$2y$10$GjvTHtPFh38KUiv01bRRFeUnyaxqxv96TOfIlwf0d2Hf8Th34yRUm'),
(123, 124, '$2y$10$YAHNoaipvypq.YDr6NZ.WeSYCIYUdmaK959kywEST1wER89Vdncja'),
(124, 125, '$2y$10$Xyj/CORkmfdrW/B.gEHMWeUZBMYW6JiXHB/bwcKIUVJ9fMzubEzji'),
(125, 126, '$2y$10$EtdTOMdn41A3aDPrBFxNPOcjvmfpw4yZ59eAEWHsqvmGiOVf4jRIq'),
(126, 127, '$2y$10$IfxolvYbCLp6N6ldZFl5T.llvvG7Z45VTg8WQl.SQGVcNNyIKhuTC'),
(127, 128, '$2y$10$Z5ubO1XJaUyo11LNdcOnTORbAaK.uYCZUeUhrjvVGjEi7v4JQE3Ia'),
(128, 129, '$2y$10$puNWAcubnaJxQiHqbks/pOxjF1ziE.xUXRZDlDPq5PNfcjlnWrt6m'),
(129, 130, '$2y$10$lTLq4qmhDDCG0qswF5ssMeXYJP1.RK2u3Lby03nQ1hHWoMpj.XeWC'),
(130, 131, '$2y$10$h3ZuGmdUfuPbC0ZRAJ7VF.NnyvcFt0..uOOW6W2EaEvR5MO300Pf2'),
(131, 132, '$2y$10$nd7sLiDqvedcoZTV7mHaJegwRk4N/0SKFRNAzzmaQRWx9U/enXCzy'),
(132, 133, '$2y$10$lNv22UxT/nx0VwFOMPxUw.OVmoHyMalDGzr28Nkcpt8aeMlPCie1S'),
(133, 134, '$2y$10$DUudPcmtkK.aY7X0TgqB.eSk5x41z6gDV4ne0j3N.Wj47gZLxEeYe'),
(134, 135, '$2y$10$YEXyJgSC0meLUVIxq8ybuen7PGOTOxcc72gbQ1flu8DibSidilHRa'),
(135, 136, '$2y$10$1ZMyoOS8E/k0zooEyVOfeOV2ao/5AEkYsXw5p/efEDWaIXLc7mOS2'),
(136, 137, '$2y$10$P8EEcYwC2GnG1OvHNzuwQOA709C42TGTQDfykvjiCwl1MVDOeQuCG'),
(137, 138, '$2y$10$z7cRoQRTqwWn.8uGpd1BxeLY6wRScuibbgsBGqR/hKRxFJJRWXaJC'),
(138, 139, '$2y$10$sO2rnCEm6BueOwTpDufSNe8e2lHuxwjJ6bv/oECEjH9afkpaWjWG2'),
(139, 140, '$2y$10$GEAYRjUj8UIH7wTWTGH7aOUDF6dlu05o6gqYwMKfdMILsJsKakrWW'),
(140, 141, '$2y$10$05xKuwG6Pj2nvSJ9ojpdBe36TOWJRAVHn8uOLfeTLuvRVfwG9acm6'),
(141, 142, '$2y$10$fNavcy/t6QBaheBSHWoJPuJcRByj.C.Motc4qGrFvIkAz1..EfoKa'),
(142, 143, '$2y$10$N53S6gBSi1JbcGYaY460DOUkLd2iI34ktBu.i3bsTzuV7iOvZOEK.'),
(143, 144, '$2y$10$cwHe0ZN67LDzjsZRQRlQ/OJiTij4pMcW.oh8oIVnFVNAHWrBt.4Ry'),
(144, 145, '$2y$10$uN0bKZwc1oLjSdQdTq7OHOU6feu5XWoR/CjfBsrqfRfnoRoKiE5fe'),
(145, 146, '$2y$10$kx535/kzeHvTGeDJm4hpk.Dq9GQbivfAvQyJB1Ao/X.CW6v7EcywG'),
(146, 147, '$2y$10$Sd.qW7VsgoxupkWfTSG0GuX43Mt0OvgsS9eXRiimP52kQHLK0TF2C'),
(147, 148, '$2y$10$Tv70mlSJGeU60uQN58Dxge1yksJ9XfGFXY0LS5KHEGcm/eJ7KTDdq'),
(148, 149, '$2y$10$a/5AU23kghquJmYpCJJ1jOxTDrAwN5HlfVeFfkRi.uyM6CYuIsdTy'),
(149, 150, '$2y$10$GDLwx6.IC.zX5FS7BtDBfePfXkdO9jK0nDtsqKXGV2gjU3/eoaViK'),
(150, 151, '$2y$10$Lu1eoPg5ERcZNw8UV2Gzle6C525.UGFzeJKd0mgMneKauIFdwIcoW'),
(151, 152, '$2y$10$TLU9Oja1dQN6hjPzL4XnX.9bOAOC/b23KfgoLYu23gMIGXXUj9a3m'),
(152, 153, '$2y$10$yp4TLMGmHXiGUFVoODRZaOwUXmeS6oj6Bag26d8gR0Sgj7qx89EKu'),
(153, 154, '$2y$10$NJ6..bTtHGpFhunYAFnNBukU3xLkN4RzvGhESrhm8x/frUcihmhwe'),
(154, 155, '$2y$10$H1TNH2gJVfD.qF3rjVl6BukNhHSo7mJM5hA1I9ubK7S0x/o5ViA3S'),
(155, 156, '$2y$10$NOgFUDnxZHZwxMyLvVO80OJOjjXTxDvLW0MJM6s3adUb9UjM3rU1G'),
(156, 157, '$2y$10$Escl9DNPAR2LZ0igsVvQzeDlA9dvQgUfwrx.rkIvXOk3p2r4Lxbmy'),
(157, 158, '$2y$10$wesXqIYpC8K.YM.ziBiuqeLIFHbJ8XYP599sUI5afHDBuQdgcdbii'),
(158, 159, '$2y$10$UHOYkxCeOiwOF2Up713Ov.9bHC/tJHKRNn/hAlYL8H2HtI5JLUP6S'),
(159, 160, '$2y$10$YD6NCSljntBM5ef60Ar1IuDixoUCa9dB.tVYbGLO9RwEtTf5L0hem'),
(160, 161, '$2y$10$k3DokxWiOKvNIrp3EJGnLOPL7BghVGt2i50fUxf5XoVYZ5w7x3wem'),
(161, 162, '$2y$10$5j.DKFJm0uGgEalasx90R.ywwLAraTISUbw6CZa8pGLbgwdE7eKeK'),
(162, 163, '$2y$10$mPJgs8a9fFiY9B.oLhpLFeGaWzEr.zjHhSvER39c4lOPSkOVh9T/O'),
(163, 164, '$2y$10$HgSD1HPeexet7jUhtZ8rruEUkkfQ68YKci7oLEzUkrnFJxynb3PBO'),
(164, 165, '$2y$10$ViQ8skgH2iKmTXm0ubHXBeNYT7FZ3WkwVG7umH.AY8X4J7fTZesb6'),
(165, 166, '$2y$10$UPY58jXYUE0KQtYeICsQ3ur2FEdwOPTUBFwI5wZCAXBvwjJAsvILe'),
(166, 167, '$2y$10$Y/IGGJ3jwLSmnYHaRphkVuxVr1.1ygWjTga2PpBNFd23yFliLaO8i'),
(167, 168, '$2y$10$JxdMglvLnn9XGfAono3TcupfpYmGRkk9Ne63K041L7AbPGlTPli3a'),
(168, 169, '$2y$10$GO5Wme7/XNDMZrW92YU9uOeVG2TBA54PrXg4myY/TIYRcF2zGzASq'),
(169, 170, '$2y$10$Fe2rYq8CXCsX9i50b.EDTO8xH/FTdPticZQwZtR1DktjRK1SrxSvq'),
(170, 171, '$2y$10$6g8W5G/2MwqIi5t3E.YPbOwKSsVUliC5.HqZIRlHXtXtm7qoBHlZ2'),
(171, 172, '$2y$10$PWPixtVTCVM6Lyqzw.t33O5/6Fm6Z8Jnrtlv9CQs3VLXHnHsxJTri'),
(172, 173, '$2y$10$JHQfyY9zyLkuCVfhxwffYOisvrvDbbLV0CJBz5s08ck1BBGUxI5r2'),
(173, 174, '$2y$10$ZjK8Nmq.C0ul4P8TfZ2TseSAv2xAp0lJ/JjSPdY0FExwBJd3OwNr6'),
(174, 175, '$2y$10$F7aW203Kvs7zWRaD5cejtOG49TNIyHqoKR3FKiD/Z1Y1DQWqBlawS'),
(175, 176, '$2y$10$XBQZX0BFBL9KpPunhgE.fORQH6OVLk6Bk90KgrNuiwf3DnRvWOq06'),
(176, 177, '$2y$10$csrdM3MPyRrOIc0r2Af2guUyvV4uhq4I8vdZcx4YZK.t8kJ1Du4p.'),
(177, 178, '$2y$10$W2spP6unrQKoiB3hrZdv/u/XKeflgnXJGPoNrb4K315Bixzu2fVqe'),
(178, 179, '$2y$10$dn/kZ/NSVE7kFVjIzkTlbO77yV0HTxGOFJUXPuargtNKJvMLk1A5q'),
(179, 180, '$2y$10$KmdVD5FFMN9AFf4XGGG4HOT4cCeyNm2R2lgZUYKNARDm5699B7puq'),
(180, 181, '$2y$10$L.vSr0bLGS8BAAehwdR0EONKRAO1zsweIshLoKep.s5Bxl.pboMvu'),
(181, 182, '$2y$10$IJ5skLO4PR585jiZmRZBHehlUIn3Z3iamOLWHb2q0S6rd7Xg0Y0ji'),
(182, 183, '$2y$10$6iLTqViwRfzMi7HrcpGsiOckOVMffuEuwQ8jf8I1cPOHrWxANlRka'),
(183, 184, '$2y$10$l4XX2GzVMQux36dmTM5RA.xF/1CoY20MeWA54wAERgdtFor8uNFOm'),
(184, 185, '$2y$10$untfDHbs00uTzdCC8EvlZ.ZkcL1tBWiOhPzKrQr.sxru5GFFtLtSm'),
(185, 186, '$2y$10$TEBnb7yOUk099ysKOvdvMOQse76nwn82zZcX0DRVYNYkgnHVmp9eu'),
(186, 187, '$2y$10$kHaLDYQsN1n5rjMXfPeH9OUIBztTXxwpfuPcZe0JwbnSh5.oA2S2u'),
(187, 188, '$2y$10$.QZddbBn/wpO.mU3tZ8XPuHJSzgAMTkL3oyfky3tkmWsznDEaj82e'),
(188, 189, '$2y$10$Wa5RdVKprqSplud8mmTnFum/MeQWffngma4GNyWQ5h4BUSOIsXURa'),
(189, 190, '$2y$10$siM0399GRm1tfrNCNoJSUuxAxMwlInysbJ9fDvChRKBSN2c/BH4L.'),
(190, 191, '$2y$10$G.pyMS6I1fIsDSh1jx4x8.7JpDvy8fZ/Cz8XMqHwxButYw2.ygH86'),
(191, 192, '$2y$10$QTRj0KXQKrdNdc6QDl4uPOIubobDZjqdI8DfEXsvf2obsOB8m9S5y'),
(192, 193, '$2y$10$ZfQgxBaoY.YuFO.3qw4LrObvlfDM/koMmJtDjvb86cbhzTJ9Now9i'),
(193, 194, '$2y$10$0r.It/TWLGCg/ZQ0aiRRVeF2I3bzAgarRW2vwL14VYmJTMCFX3r8.'),
(194, 195, '$2y$10$9X9TY1LceB9ox2ApJTf5hei3Y5/2QEGtoTb.vBwuu/O3v5H632eJS'),
(195, 196, '$2y$10$o4cuaq2n40nlsWQLqEvpjuIq.KufY6BLGQNxiwwfmw44oueE0Y9yO'),
(196, 197, '$2y$10$UJED7He/Gp8x8WVoGBKY.u2GZAbLDlM6Wfndr3XsJp4OPzYg881ma'),
(197, 198, '$2y$10$eu755n2z0diV353MGjKsAeBviYjMDifBUWQQnpgASM8HB.BxT2pmO'),
(198, 199, '$2y$10$xQ/VKBHAdJx530fsQ2YaM.PsOzkAIbgyisqibQksv7ULZDHzzEmnC'),
(199, 200, '$2y$10$xtuGFPQARR8Q/TTBWUlEKupOjll2YoxAKdXB.GfiggAqNdZ4FqG8u'),
(200, 201, '$2y$10$WR.CQhHGiSW54VPytIRJp.TI0jjwcJmeHh4V0suXFvz5bW01aUFGe'),
(201, 202, '$2y$10$iJ4yrd69T3GFDDtHgXXje.aUcn8L2kun18URqH6WdS54HDC6T0qtC'),
(202, 203, '$2y$10$nGREZ81s/.KvK/B.5FxcVOVLOw8EdUxoaVsRFryDwFM75XnN3eVMS'),
(203, 204, '$2y$10$HUsCwCuU..BeBjhd.H2Vq.Rhpbw33gZxOr4XPudhM3DgGW5wgjMBe'),
(204, 205, '$2y$10$q40QSJtH42hCzDh03zuSEey1cymf8RJrflj7zOakLcINDGdX3/40e'),
(205, 206, '$2y$10$U.UJLZVaFRN/0W6HHgCotuPI3oac2VovkGC6.nB2Lee9PDwNqCpBK'),
(206, 207, '$2y$10$ZD/X9UtKeQU1/.UzZTpgvuCmLHIqm/E/8zha6uxcZl9jIL0NdZHBi'),
(207, 208, '$2y$10$4EAQAjQIRHOsluaNsZ0hhuf9TZuWtMgJvWzRW2OTtdvmvtJ9xOm7.'),
(257, 267, '$2y$10$aA1zRfQab20ghYvG6k8pyuCBZlvIAm9xtN/Y10FT1wab40NvQn3n2'),
(258, 281, '$2y$10$JJkBug1z41V5KkiM/QVQDu14Wnl6dy3LNdbBWqJSSm/MrI48nTvXe');

-- --------------------------------------------------------

--
-- Struktura tabeli dla tabeli `payments`
--

CREATE TABLE `payments` (
  `ID` int(11) NOT NULL,
  `METHOD_ID` int(11) DEFAULT NULL,
  `ORDER_ID` int(11) DEFAULT NULL,
  `REFERENCE_CODE` varchar(255) DEFAULT NULL,
  `COMPLETED` tinyint(1) DEFAULT NULL
) ENGINE=InnoDB DEFAULT CHARSET=utf8mb4 COLLATE=utf8mb4_general_ci;

-- --------------------------------------------------------

--
-- Struktura tabeli dla tabeli `payment_methods`
--

CREATE TABLE `payment_methods` (
  `ID` int(11) NOT NULL,
  `NAME` varchar(255) DEFAULT NULL
) ENGINE=InnoDB DEFAULT CHARSET=utf8mb4 COLLATE=utf8mb4_general_ci;

--
-- Dumping data for table `payment_methods`
--

INSERT INTO `payment_methods` (`ID`, `NAME`) VALUES
(3, 'bank_transfer'),
(1, 'blik'),
(4, 'card'),
(2, 'express_bank_transfer'),
(5, 'giftcard'),
(6, 'paysafecard');

-- --------------------------------------------------------

--
-- Struktura tabeli dla tabeli `platforms`
--

CREATE TABLE `platforms` (
  `ID` int(11) NOT NULL,
  `NAME` varchar(55) DEFAULT NULL
) ENGINE=InnoDB DEFAULT CHARSET=utf8mb4 COLLATE=utf8mb4_general_ci;

--
-- Dumping data for table `platforms`
--

INSERT INTO `platforms` (`ID`, `NAME`) VALUES
(3, 'linux'),
(2, 'macos'),
(1, 'windows');

-- --------------------------------------------------------

--
-- Struktura tabeli dla tabeli `prices`
--

CREATE TABLE `prices` (
  `ID` int(11) NOT NULL,
  `PRICE` int(11) DEFAULT NULL
) ENGINE=InnoDB DEFAULT CHARSET=utf8mb4 COLLATE=utf8mb4_general_ci;

--
-- Dumping data for table `prices`
--

INSERT INTO `prices` (`ID`, `PRICE`) VALUES
(3, 0),
(14, 2),
(15, 4),
(2, 5),
(6, 8),
(7, 10),
(11, 15),
(9, 20),
(1, 25),
(4, 30),
(12, 35),
(10, 40),
(8, 45),
(13, 50),
(5, 60);

-- --------------------------------------------------------

--
-- Struktura tabeli dla tabeli `publishers`
--

CREATE TABLE `publishers` (
  `ID` int(11) NOT NULL,
  `NAME` varchar(55) DEFAULT NULL
) ENGINE=InnoDB DEFAULT CHARSET=utf8mb4 COLLATE=utf8mb4_general_ci;

--
-- Dumping data for table `publishers`
--

INSERT INTO `publishers` (`ID`, `NAME`) VALUES
(69, ''),
(9, '2K'),
(76, 'Activision'),
(61, 'Activision (Excluding Japan and Asia)'),
(2, 'Amanita Design'),
(66, 'Amazon Games'),
(58, 'Axolot Games'),
(43, 'Behaviour Interactive Inc.'),
(51, 'BetaDwarf'),
(42, 'Bethesda Softworks'),
(11, 'Bohemia Interactive'),
(67, 'Bungie '),
(56, 'CAPCOM Co., Ltd.'),
(34, 'CD PROJEKT RED'),
(62, 'Coffee Stain Publishing'),
(45, 'ConcernedApe'),
(46, 'Crazy Rocks Studios'),
(50, 'Curve Games'),
(14, 'Daybreak Game Company'),
(7, 'Deep Silver'),
(19, 'Digital Extremes'),
(70, 'Electronic Arts'),
(63, 'Eleventh Hour Games'),
(23, 'Endnight Games Ltd'),
(26, 'Facepunch Studios'),
(4, 'Focus Entertainment'),
(35, 'Freejam'),
(72, 'FromSoftware Inc.'),
(41, 'FromSoftware, Inc.'),
(20, 'Gaijin Network Ltd'),
(36, 'gamigo US Inc.'),
(57, 'Gearbox Publishing'),
(21, 'Grinding Gear Games'),
(44, 'Hi-Rez Studios'),
(64, 'Innersloth'),
(59, 'Kinetic Games'),
(38, 'Klei Entertainment'),
(55, 'KRAFTON, Inc.'),
(68, 'Larian Studios'),
(16, 'Lever Games'),
(32, 'MY.GAMES'),
(71, 'NetEase Games Global'),
(73, 'Newnight '),
(24, 'Nicalis, Inc.'),
(28, 'Paradox Interactive'),
(54, 'PlayStation PC LLC'),
(75, 'Pocketpair'),
(27, 'Psyonix LLC'),
(6, 'Quiet River'),
(10, 'Re-Logic'),
(8, 'Red Barrels'),
(78, 'Riot Games'),
(30, 'Rockstar Games'),
(77, 'Sanan Ahmed'),
(17, 'SCS Software'),
(31, 'Senscape'),
(37, 'Smartly Dressed Games'),
(52, 'Square Enix'),
(15, 'Starbreeze Publishing AB'),
(39, 'Studio Wildcard'),
(29, 'TaleWorlds Entertainment'),
(60, 'TCH Scarlet Limited'),
(40, 'Team Cherry'),
(22, 'Techland'),
(13, 'The Behemoth'),
(25, 'The Fun Pimps Entertainment LLC'),
(12, 'The Indie Stone'),
(18, 'TLM Partners'),
(33, 'Ubisoft'),
(53, 'VALOFE'),
(3, 'Valve'),
(48, 'VRChat Inc.'),
(47, 'Wallpaper Engine Team'),
(49, 'Wargaming Group Limited'),
(65, 'Warner Bros. Games'),
(1, 'Xbox Game Studios'),
(5, 'Zeekerss'),
(74, '鬼谷工作室');

-- --------------------------------------------------------

--
-- Struktura tabeli dla tabeli `reviews`
--

CREATE TABLE `reviews` (
  `ID` int(11) NOT NULL,
  `GAME_ID` int(11) DEFAULT NULL,
  `USER_ID` int(11) DEFAULT NULL,
  `POSITIVE_NEGATIVE` bit(1) DEFAULT NULL,
  `REVIEW_DATE` timestamp NOT NULL DEFAULT current_timestamp() ON UPDATE current_timestamp(),
  `REVIEW` text DEFAULT NULL
) ENGINE=InnoDB DEFAULT CHARSET=utf8mb4 COLLATE=utf8mb4_general_ci;

--
-- Dumping data for table `reviews`
--

INSERT INTO `reviews` (`ID`, `GAME_ID`, `USER_ID`, `POSITIVE_NEGATIVE`, `REVIEW_DATE`, `REVIEW`) VALUES
(2, 52, 105, b'1', '2020-03-14 14:21:43', 'The game offers an immersive experience with stunning visuals and a captivating storyline. Highly recommended for RPG lovers.'),
(3, 52, 32, b'0', '2016-07-28 09:33:02', 'I found the game repetitive after the first few hours. The combat system feels clunky and the story doesn’t evolve as much as I hoped.'),
(4, 52, 158, b'1', '2022-01-05 21:14:51', 'Absolutely love the character development and open-world exploration. It kept me hooked for hours!'),
(5, 52, 49, b'0', '2017-09-17 16:45:11', 'Unfortunately, the game suffers from frequent bugs and glitches. It crashes often, which ruins the experience.'),
(6, 52, 128, b'1', '2018-02-22 07:12:35', 'One of the best games I’ve played this year. The graphics are top-notch and the gameplay is smooth.'),
(7, 52, 39, b'0', '2014-12-11 18:55:22', 'Not worth the price. The gameplay mechanics feel outdated and the missions are too repetitive.'),
(8, 52, 192, b'1', '2021-06-30 12:17:03', 'Fantastic world-building and attention to detail. A must-play for fans of open-world RPGs.'),
(9, 52, 88, b'0', '2019-04-19 14:30:50', 'The controls are frustrating, and the storyline is boring. I expected more from this title.'),
(10, 52, 175, b'1', '2023-05-12 09:01:29', 'Great pacing, challenging puzzles, and interesting side quests. The developers did a fantastic job.'),
(11, 52, 61, b'0', '2018-09-03 08:12:47', 'The game had potential, but it falls short with uninspired level design and forgettable characters.'),
(12, 52, 47, b'1', '2015-11-27 08:47:22', 'Incredible gameplay and a gripping story. Definitely a game to remember!'),
(13, 52, 203, b'1', '2020-10-15 11:26:38', 'The best RPG I’ve played in years. Deep customization options and engaging narrative.'),
(14, 52, 16, b'0', '2022-03-22 11:34:11', 'I struggled to stay interested in the story. The world feels empty and the quests are repetitive.'),
(15, 52, 94, b'1', '2019-01-09 19:24:16', 'A highly enjoyable game with a lot of content. I enjoyed the combat system and the various abilities.'),
(16, 52, 129, b'0', '2017-05-18 05:41:25', 'The AI is terrible, and the game’s difficulty curve is all over the place. Not impressed.'),
(17, 52, 187, b'1', '2016-08-23 14:28:50', 'I loved every second of this game! The lore is deep and the world is massive.'),
(18, 52, 101, b'0', '2020-12-08 17:56:32', 'The visuals are great, but that’s about it. The story didn’t engage me at all.'),
(19, 52, 55, b'1', '2024-01-17 06:22:34', 'A masterpiece of game design with a captivating plot. I couldn’t put it down.'),
(20, 52, 183, b'1', '2015-04-29 19:41:58', 'Great game with a lot of replayability. The different choices you make really impact the story.'),
(21, 52, 44, b'0', '2016-11-05 12:45:09', 'The game feels incomplete. A lot of content seems rushed or cut entirely.'),
(22, 52, 78, b'1', '2019-07-07 15:14:21', 'A solid RPG experience with a unique twist on combat mechanics. Highly recommend.'),
(23, 52, 104, b'0', '2017-12-03 07:33:14', 'Too many bugs at launch. I had to quit because of constant crashing.'),
(25, 52, 147, b'0', '2023-04-04 13:10:43', 'The game is overhyped. It’s average at best and lacks innovation.'),
(26, 52, 37, b'1', '2014-06-16 12:28:39', 'The story and characters are what make this game shine. A very emotional journey.'),
(27, 52, 109, b'0', '2020-05-13 10:07:18', 'I expected more from the graphics and the gameplay felt dated. Not worth the hype.'),
(28, 52, 191, b'1', '2018-03-10 15:47:01', 'A very polished experience. The combat is challenging and rewarding.'),
(29, 52, 138, b'0', '2022-09-29 17:30:44', 'The game had a lot of potential, but falls flat with boring missions and repetitive dialogue.'),
(30, 52, 57, b'1', '2015-02-12 13:05:06', 'Amazing soundtrack, engaging world, and addictive gameplay.'),
(31, 52, 173, b'1', '2021-02-25 16:33:48', 'A fantastic mix of story and gameplay. The world feels alive, and there’s always something to do.'),
(32, 52, 33, b'0', '2018-10-14 11:39:22', 'The story had potential but was poorly executed. The game just feels unfinished.'),
(33, 52, 180, b'1', '2019-12-22 19:17:10', 'One of the best role-playing games I’ve played in a long time. The attention to detail is incredible.'),
(34, 52, 146, b'0', '2017-01-04 08:05:39', 'It’s hard to enjoy the game with so many technical issues. Needs a lot of fixes.'),
(35, 52, 85, b'1', '2023-07-14 17:02:53', 'The game’s world is full of rich lore and exciting quests. A true gem in the genre.'),
(36, 52, 201, b'0', '2015-06-30 13:43:12', 'Boring gameplay loop and lackluster narrative. I couldn’t finish it.'),
(37, 52, 14, b'1', '2019-03-25 06:18:33', 'A great blend of exploration and combat. It keeps you coming back for more.'),
(38, 52, 194, b'0', '2014-08-10 07:22:56', 'The controls are very unintuitive and make the game frustrating to play.'),
(39, 52, 29, b'1', '2020-08-17 16:55:37', 'Fantastic story with branching paths and decisions that matter. Loved it!'),
(40, 52, 143, b'0', '2016-02-02 10:43:58', 'The game feels like it was rushed. There’s a lot of content missing.'),
(41, 52, 70, b'1', '2022-05-01 11:06:11', 'I was surprised by how deep the game is. It offers so much content and great gameplay.'),
(42, 52, 200, b'0', '2021-09-13 12:37:52', 'I couldn’t get into it. The story is bland and the world feels lifeless.'),
(43, 52, 54, b'1', '2017-03-20 07:16:25', 'The game is a masterpiece. From start to finish, it was a joy to play.'),
(44, 52, 13, b'0', '2014-05-08 18:11:06', 'The pacing is slow, and the missions are all the same. I lost interest quickly.'),
(45, 52, 205, b'1', '2023-08-26 14:18:41', 'Every aspect of this game shines, from the combat to the narrative. A must-play for RPG fans.'),
(46, 52, 40, b'0', '2015-10-09 19:25:30', 'I found the game to be too linear. There’s not much room for exploration.'),
(47, 52, 122, b'1', '2022-07-05 07:27:13', 'This game offers a deep and rewarding experience. The world-building is fantastic.'),
(48, 52, 12, b'1', '2014-01-15 13:35:22', 'Great game, I loved the storyline!'),
(50, 52, 103, b'1', '2016-07-01 17:12:03', 'Fantastic gameplay mechanics!'),
(51, 52, 50, b'0', '2017-09-05 06:45:16', 'The controls were terrible.'),
(53, 52, 112, b'0', '2019-04-17 14:00:36', 'I couldn’t get into the story at all.'),
(54, 52, 145, b'1', '2020-06-23 07:22:43', 'Best game I’ve played in years!'),
(55, 52, 87, b'1', '2021-08-02 09:05:12', 'Amazing graphics and sound design.'),
(56, 52, 130, b'0', '2022-03-15 13:56:29', NULL),
(57, 52, 64, b'0', '2023-05-18 15:34:51', 'Too many bugs, needs more polish.'),
(58, 52, 177, b'1', '2024-09-10 07:15:47', NULL),
(60, 52, 121, b'1', '2015-12-14 19:45:00', 'Very enjoyable experience overall.'),
(61, 52, 99, b'1', '2016-02-09 12:26:42', NULL),
(62, 52, 189, b'0', '2017-05-27 07:55:18', 'I was expecting more from this game.'),
(63, 52, 102, b'1', '2018-07-11 17:34:29', 'Good balance between challenge and fun.'),
(64, 52, 25, b'0', '2019-10-09 06:13:36', 'Way too repetitive for my taste.'),
(65, 52, 154, b'1', '2020-01-16 09:54:22', NULL),
(67, 52, 66, b'1', '2022-09-05 12:35:11', 'I had a blast playing this!'),
(68, 52, 198, b'0', '2023-11-11 19:41:59', NULL),
(69, 52, 171, b'1', '2014-06-12 14:11:45', 'One of the best games in the genre.'),
(70, 27, 150, b'0', '2014-02-18 11:24:55', NULL),
(71, 27, 22, b'1', '2015-06-11 12:10:32', NULL),
(72, 27, 98, b'1', '2016-09-22 15:34:21', 'This game is incredibly fun and addictive.'),
(73, 27, 139, b'0', '2017-03-03 07:55:42', NULL),
(74, 27, 101, b'0', '2018-12-18 09:22:01', NULL),
(75, 27, 170, b'1', '2019-05-20 17:13:14', 'A masterpiece in terms of storytelling.'),
(76, 27, 43, b'0', '2020-07-13 19:55:33', NULL),
(77, 27, 120, b'1', '2021-08-26 14:47:59', NULL),
(78, 27, 53, b'0', '2022-11-15 08:21:44', NULL),
(79, 27, 65, b'1', '2023-10-02 09:34:45', 'The gameplay is smooth and intuitive.'),
(80, 27, 19, b'1', '2014-03-12 08:23:11', NULL),
(81, 27, 35, b'0', '2015-08-09 14:30:22', NULL),
(82, 27, 114, b'1', '2016-12-01 19:42:35', NULL),
(83, 27, 187, b'0', '2017-04-17 12:53:47', 'The game mechanics are frustrating.'),
(84, 27, 92, b'1', '2018-06-15 16:35:11', 'Absolutely loved it from start to finish!'),
(85, 27, 205, b'0', '2019-11-10 07:22:31', NULL),
(86, 27, 144, b'1', '2020-01-28 11:45:02', NULL),
(87, 27, 162, b'0', '2021-03-05 10:33:14', 'Didn’t live up to the hype.'),
(88, 27, 38, b'0', '2022-04-22 19:15:55', NULL),
(89, 27, 208, b'1', '2023-02-14 14:40:08', NULL),
(90, 27, 71, b'1', '2014-05-25 08:30:12', 'Great game, would recommend to everyone.'),
(91, 27, 129, b'0', '2015-07-13 10:22:45', NULL),
(92, 27, 183, b'1', '2016-09-01 16:11:56', NULL),
(93, 27, 56, b'0', '2017-10-11 05:40:20', NULL),
(94, 27, 202, b'1', '2018-11-21 19:25:33', NULL),
(95, 27, 34, b'0', '2019-06-04 11:20:22', 'Too short for the price.'),
(96, 27, 140, b'0', '2020-07-27 07:53:44', NULL),
(97, 27, 96, b'1', '2021-09-18 09:40:37', NULL),
(98, 27, 51, b'0', '2022-12-30 17:10:19', NULL),
(99, 27, 181, b'1', '2023-05-19 14:25:46', 'Really enjoyed the multiplayer mode.'),
(100, 27, 11, b'0', '2014-02-22 12:22:35', NULL),
(101, 27, 57, b'1', '2015-09-14 14:48:21', NULL),
(102, 27, 143, b'0', '2016-05-03 17:20:55', 'The game is filled with bugs.'),
(104, 27, 36, b'1', '2018-10-02 12:56:40', NULL),
(105, 27, 105, b'0', '2019-12-20 08:35:12', 'Not what I expected.'),
(106, 27, 178, b'1', '2020-04-25 16:00:05', NULL),
(107, 27, 67, b'0', '2021-06-06 05:44:39', NULL),
(108, 27, 110, b'1', '2022-07-29 07:50:21', 'A really immersive experience!'),
(109, 27, 163, b'0', '2023-03-10 11:25:47', NULL),
(110, 27, 132, b'1', '2014-08-30 15:50:12', NULL),
(111, 27, 54, b'1', '2015-12-05 08:45:00', NULL),
(112, 27, 194, b'0', '2016-11-28 21:33:40', 'Too difficult to be enjoyable.'),
(113, 27, 125, b'1', '2017-03-15 13:29:50', NULL),
(114, 27, 199, b'0', '2018-05-07 06:30:05', NULL),
(115, 27, 41, b'1', '2019-07-19 08:40:36', NULL),
(116, 27, 176, b'1', '2020-09-12 16:05:23', 'The best soundtrack I’ve ever heard.'),
(117, 27, 61, b'0', '2021-12-17 10:33:44', NULL),
(118, 27, 203, b'1', '2022-02-26 07:50:19', NULL),
(119, 27, 17, b'0', '2023-08-04 12:15:56', 'Not as good as I had hoped.'),
(120, 27, 142, b'1', '2014-04-07 10:40:56', NULL),
(121, 27, 73, b'0', '2015-05-12 16:35:13', NULL),
(123, 27, 106, b'0', '2017-09-14 12:45:44', NULL),
(124, 27, 151, b'1', '2018-12-03 18:12:02', NULL),
(125, 27, 83, b'1', '2019-11-28 12:33:55', NULL),
(126, 27, 48, b'0', '2020-01-09 09:20:17', 'Too repetitive and dull.'),
(127, 27, 174, b'1', '2021-02-27 15:22:11', NULL),
(128, 27, 26, b'0', '2022-03-14 08:48:07', NULL),
(129, 27, 160, b'1', '2023-04-29 15:40:50', NULL),
(130, 27, 88, b'0', '2020-06-11 19:15:19', 'Not enough content for the price.'),
(131, 27, 64, b'1', '2021-08-24 08:55:00', NULL),
(132, 27, 137, b'0', '2022-09-16 16:30:29', NULL),
(133, 15, 112, b'1', '2014-02-10 11:30:21', NULL),
(134, 15, 49, b'0', '2015-04-15 16:20:34', NULL),
(135, 15, 183, b'1', '2016-06-20 12:32:11', 'Great game, worth every minute!'),
(136, 15, 135, b'0', '2017-08-03 08:55:40', NULL),
(137, 15, 98, b'0', '2018-09-14 14:25:00', 'The gameplay is tedious.'),
(138, 15, 27, b'1', '2019-12-10 19:35:48', NULL),
(139, 15, 101, b'1', '2020-03-17 08:45:12', 'A brilliant experience, highly recommended!'),
(140, 15, 157, b'0', '2021-05-22 05:53:22', NULL),
(141, 15, 88, b'1', '2022-07-12 13:25:59', NULL),
(142, 15, 146, b'1', '2023-09-01 17:12:15', 'One of the best games I’ve ever played.'),
(143, 15, 76, b'0', '2014-11-27 11:50:33', NULL),
(144, 15, 192, b'1', '2015-10-21 07:34:22', NULL),
(145, 15, 45, b'0', '2016-11-18 21:45:03', NULL),
(146, 15, 184, b'0', '2017-12-19 15:20:19', 'The controls were too clunky.'),
(147, 15, 137, b'1', '2018-01-14 07:13:05', NULL),
(148, 15, 109, b'0', '2019-03-25 13:36:48', NULL),
(149, 15, 52, b'1', '2020-06-08 16:45:32', 'Amazing game with a great story.'),
(150, 15, 144, b'0', '2021-09-13 09:34:25', NULL),
(151, 15, 167, b'1', '2022-11-05 16:27:53', NULL),
(152, 15, 31, b'0', '2023-01-07 14:53:46', NULL),
(153, 15, 186, b'1', '2014-05-14 07:26:31', NULL),
(154, 15, 113, b'0', '2015-07-24 14:23:50', NULL),
(155, 15, 63, b'1', '2016-09-05 19:50:18', NULL),
(156, 15, 200, b'0', '2017-12-22 07:45:10', 'The graphics are outdated.'),
(157, 15, 94, b'1', '2018-02-27 12:10:05', NULL),
(158, 15, 58, b'0', '2019-06-29 15:33:22', NULL),
(159, 15, 164, b'1', '2020-08-19 09:41:09', NULL),
(160, 15, 107, b'0', '2021-10-03 16:56:12', 'I found it really boring.'),
(161, 15, 172, b'1', '2022-12-26 19:05:23', NULL),
(162, 15, 126, b'1', '2023-05-01 05:55:45', NULL),
(163, 15, 60, b'0', '2014-03-07 07:45:22', 'It was too difficult for casual players.'),
(164, 15, 141, b'1', '2015-06-11 11:12:34', NULL),
(165, 15, 170, b'0', '2016-08-15 10:18:59', NULL),
(166, 15, 41, b'1', '2017-11-10 09:34:17', 'Best game in the series!'),
(167, 15, 204, b'0', '2018-04-23 07:11:30', NULL),
(168, 15, 118, b'1', '2019-07-08 17:30:47', NULL),
(169, 15, 91, b'0', '2020-09-27 09:40:55', NULL),
(170, 15, 34, b'1', '2021-12-30 12:52:12', 'Fantastic visuals and gameplay.'),
(171, 15, 79, b'0', '2022-02-10 15:45:34', NULL),
(172, 15, 202, b'1', '2023-04-11 10:20:19', NULL),
(173, 15, 150, b'0', '2014-08-28 07:54:01', NULL),
(174, 15, 66, b'1', '2015-10-17 16:33:27', NULL),
(175, 15, 119, b'0', '2016-12-23 13:40:22', 'The storyline didn’t make sense.'),
(176, 15, 147, b'1', '2017-03-19 15:23:44', NULL),
(177, 15, 85, b'1', '2018-05-11 09:25:59', NULL),
(178, 15, 43, b'0', '2019-11-08 21:15:43', 'Too many bugs at launch.'),
(179, 15, 165, b'1', '2020-07-20 17:13:55', NULL),
(180, 15, 59, b'0', '2021-09-14 06:12:31', NULL),
(181, 15, 174, b'1', '2022-10-04 12:28:19', 'An unforgettable experience.'),
(182, 93, 15, b'1', '2014-03-05 10:23:21', NULL),
(183, 93, 104, b'0', '2015-07-19 14:15:10', NULL),
(184, 93, 182, b'1', '2016-09-20 16:45:12', 'An incredible game from start to finish!'),
(185, 93, 36, b'0', '2017-11-04 07:35:19', NULL),
(186, 93, 109, b'1', '2018-01-12 08:23:44', NULL),
(187, 93, 85, b'0', '2019-04-18 13:42:00', 'It wasn’t as fun as I expected.'),
(188, 93, 144, b'1', '2020-06-08 10:15:33', 'Great experience overall.'),
(189, 93, 75, b'0', '2021-08-14 07:33:22', NULL),
(190, 93, 158, b'1', '2022-10-21 15:29:45', NULL),
(191, 93, 67, b'0', '2023-02-03 09:20:56', NULL),
(192, 93, 195, b'1', '2014-05-23 17:23:30', NULL),
(193, 93, 18, b'0', '2015-08-29 12:40:22', NULL),
(194, 93, 99, b'1', '2016-10-07 14:12:10', NULL),
(195, 93, 203, b'0', '2017-12-19 08:23:55', 'This game is just not fun.'),
(196, 93, 82, b'1', '2018-02-05 17:30:05', 'I had a blast playing it!'),
(197, 93, 137, b'0', '2019-05-22 08:40:59', NULL),
(198, 93, 42, b'1', '2020-09-12 18:15:41', NULL),
(199, 93, 172, b'0', '2021-11-18 13:25:35', 'The mechanics felt outdated.'),
(200, 93, 34, b'1', '2022-03-29 14:45:50', NULL),
(201, 93, 184, b'0', '2023-06-10 11:12:21', NULL),
(202, 93, 160, b'1', '2014-04-25 06:30:12', 'One of the best in its genre!'),
(203, 93, 51, b'0', '2015-06-21 08:55:37', NULL),
(204, 93, 193, b'1', '2016-08-12 17:33:44', NULL),
(205, 93, 48, b'0', '2017-10-30 21:41:09', NULL),
(206, 93, 84, b'1', '2018-12-18 10:05:28', NULL),
(207, 93, 29, b'0', '2019-03-14 15:29:07', NULL),
(208, 93, 206, b'1', '2020-05-07 06:12:19', 'Really well designed game.'),
(209, 93, 140, b'0', '2021-09-09 19:33:45', NULL),
(210, 93, 91, b'1', '2022-07-21 12:20:11', NULL),
(211, 93, 55, b'0', '2023-11-01 08:15:53', 'I couldn’t get into the story.'),
(212, 93, 132, b'1', '2014-02-18 16:34:19', NULL),
(213, 93, 103, b'0', '2015-04-03 11:55:22', NULL),
(214, 93, 66, b'1', '2016-07-06 06:33:44', 'I thoroughly enjoyed it.'),
(215, 93, 176, b'0', '2017-11-27 17:21:55', NULL),
(216, 93, 43, b'1', '2018-09-17 19:50:32', NULL),
(217, 93, 106, b'0', '2019-06-30 09:10:05', 'The game is riddled with bugs.'),
(218, 93, 125, b'1', '2020-02-12 06:55:40', NULL),
(219, 93, 33, b'0', '2021-05-19 10:30:23', NULL),
(220, 93, 116, b'1', '2022-08-03 16:12:55', NULL),
(221, 93, 92, b'0', '2023-10-15 13:22:00', 'Not as engaging as I hoped.'),
(222, 93, 207, b'1', '2014-07-13 18:55:10', NULL),
(223, 93, 14, b'0', '2015-09-25 08:05:55', NULL),
(224, 93, 147, b'1', '2016-11-30 12:45:08', 'Fantastic game, highly recommend it.'),
(225, 93, 174, b'0', '2017-02-14 13:33:39', NULL),
(226, 93, 58, b'1', '2018-04-29 14:20:17', NULL),
(227, 93, 39, b'0', '2019-07-10 17:35:26', NULL),
(229, 93, 121, b'0', '2021-12-24 12:53:19', NULL),
(230, 93, 190, b'1', '2022-06-15 15:10:50', NULL),
(231, 93, 76, b'0', '2023-05-21 07:22:34', NULL),
(232, 93, 28, b'1', '2014-03-27 09:55:17', NULL),
(233, 93, 108, b'0', '2015-10-18 10:45:30', NULL),
(234, 93, 181, b'1', '2016-12-21 17:12:33', 'An amazing game with beautiful art.'),
(235, 93, 87, b'0', '2017-05-09 13:30:44', NULL),
(236, 93, 61, b'1', '2018-11-19 06:55:22', NULL),
(237, 93, 138, b'0', '2019-01-28 08:31:44', NULL),
(238, 93, 23, b'1', '2020-03-08 20:11:35', NULL),
(239, 93, 119, b'0', '2021-07-26 14:54:20', NULL),
(240, 93, 185, b'1', '2022-12-19 18:33:51', 'The story is absolutely captivating.'),
(241, 93, 37, b'0', '2023-08-27 15:10:47', NULL),
(242, 93, 71, b'1', '2014-06-30 10:44:52', NULL),
(243, 93, 117, b'0', '2015-08-14 07:43:23', NULL),
(244, 93, 175, b'1', '2016-10-27 17:22:37', NULL),
(245, 93, 50, b'0', '2017-12-05 07:12:48', 'Too many glitches, ruined the experience.'),
(246, 93, 167, b'1', '2018-09-24 15:35:10', NULL),
(247, 93, 44, b'0', '2019-04-16 11:33:58', NULL),
(248, 93, 62, b'1', '2020-11-11 18:14:33', NULL),
(249, 93, 16, b'0', '2021-09-07 20:55:16', NULL),
(250, 93, 159, b'1', '2022-02-21 07:50:29', 'An unforgettable experience!'),
(251, 93, 187, b'0', '2023-03-29 09:43:08', NULL),
(252, 93, 30, b'1', '2014-04-14 12:50:47', NULL),
(253, 93, 79, b'0', '2015-07-11 08:22:16', NULL),
(254, 5, 2, b'1', '2014-03-01 08:22:34', NULL),
(255, 5, 98, b'0', '2015-05-15 12:30:22', NULL),
(256, 5, 112, b'1', '2016-07-20 10:11:03', 'Amazing game! I loved every minute of it.'),
(257, 5, 56, b'0', '2017-08-12 08:44:19', NULL),
(258, 5, 174, b'1', '2018-10-05 19:15:55', NULL),
(259, 5, 149, b'0', '2019-11-11 14:30:36', 'Too many bugs at launch.'),
(260, 5, 66, b'1', '2020-02-14 18:12:10', NULL),
(261, 5, 34, b'1', '2021-03-30 11:45:45', NULL),
(262, 5, 191, b'0', '2022-04-25 14:20:59', 'I found it really boring.'),
(263, 5, 103, b'0', '2023-07-08 06:30:11', NULL),
(264, 5, 4, b'1', '2014-05-09 07:11:47', NULL),
(265, 5, 89, b'0', '2015-06-17 18:42:18', NULL),
(266, 5, 188, b'1', '2016-09-22 10:05:20', NULL),
(267, 5, 139, b'0', '2017-10-13 13:50:01', NULL),
(268, 5, 46, b'1', '2018-11-19 08:55:12', 'Beautiful graphics and great story!'),
(269, 5, 172, b'0', '2019-12-10 13:15:23', NULL),
(270, 5, 140, b'1', '2020-01-31 16:00:45', 'Highly recommended to everyone!'),
(271, 5, 22, b'0', '2021-03-02 12:12:11', NULL),
(272, 5, 11, b'1', '2022-04-18 07:25:31', NULL),
(273, 5, 25, b'0', '2023-05-07 17:30:59', NULL),
(274, 5, 150, b'1', '2014-06-23 16:00:15', NULL),
(275, 5, 132, b'0', '2015-07-29 10:35:22', NULL),
(276, 5, 176, b'1', '2016-08-30 08:13:48', 'A real masterpiece in gaming.'),
(277, 5, 49, b'0', '2017-09-18 12:28:55', NULL),
(278, 5, 154, b'1', '2018-10-25 20:45:11', NULL),
(279, 5, 169, b'0', '2019-11-12 08:50:34', 'Not worth the hype.'),
(280, 5, 73, b'1', '2020-02-08 14:55:43', NULL),
(281, 5, 39, b'0', '2021-03-21 17:10:12', NULL),
(282, 5, 63, b'1', '2022-04-17 09:12:45', 'Fantastic gameplay mechanics!'),
(283, 5, 84, b'0', '2023-06-22 10:32:18', NULL),
(284, 5, 91, b'1', '2014-08-11 08:45:12', NULL),
(285, 5, 183, b'0', '2015-09-10 06:40:30', NULL),
(286, 5, 81, b'1', '2016-10-04 12:30:52', NULL),
(287, 5, 120, b'0', '2017-12-15 19:11:55', 'Couldn’t get into the story.'),
(288, 5, 159, b'1', '2018-01-28 10:55:14', NULL),
(289, 5, 29, b'0', '2019-02-14 08:44:00', NULL),
(290, 5, 164, b'1', '2020-03-29 15:14:12', 'Epic storyline and characters.'),
(291, 5, 65, b'0', '2021-06-01 08:12:34', NULL),
(292, 5, 48, b'1', '2022-08-02 16:23:59', 'I had an amazing time playing!'),
(293, 5, 107, b'0', '2023-09-11 13:12:50', NULL),
(294, 5, 145, b'1', '2014-04-30 10:55:40', 'What a thrilling experience!'),
(295, 5, 68, b'0', '2015-05-18 14:40:12', NULL),
(297, 5, 21, b'0', '2017-09-27 06:55:14', 'The game mechanics need improvement.'),
(298, 5, 130, b'1', '2018-11-10 13:12:28', NULL),
(299, 5, 136, b'0', '2019-12-05 08:03:48', NULL),
(300, 5, 8, b'1', '2020-01-21 19:15:10', 'Truly a game for the ages!'),
(301, 5, 78, b'0', '2021-03-18 13:48:55', NULL),
(302, 5, 165, b'1', '2022-04-26 16:23:44', NULL),
(305, 5, 142, b'0', '2015-09-23 10:54:32', NULL),
(306, 5, 157, b'1', '2016-10-31 18:15:47', 'A great mix of fun and challenge.'),
(307, 5, 180, b'0', '2017-11-16 07:40:11', 'The ending was disappointing.'),
(308, 5, 92, b'1', '2018-12-12 15:14:56', NULL),
(309, 5, 129, b'0', '2019-01-04 10:12:50', NULL),
(310, 5, 55, b'1', '2020-02-11 08:15:34', NULL),
(311, 5, 124, b'0', '2021-03-13 14:22:11', 'I had higher expectations.'),
(312, 5, 3, b'1', '2022-05-09 08:45:15', NULL),
(314, 5, 16, b'1', '2014-07-24 16:12:19', 'One of the most enjoyable experiences ever!'),
(315, 5, 59, b'0', '2015-08-15 18:43:55', NULL),
(316, 5, 67, b'1', '2016-10-30 13:50:18', NULL),
(317, 5, 126, b'0', '2017-12-18 09:23:42', 'Too many issues with gameplay.'),
(319, 5, 123, b'0', '2019-03-30 14:37:22', NULL),
(320, 1, 3, b'1', '2022-01-01 11:00:00', 'An amazing start to a great series!'),
(321, 1, 15, b'0', '2022-02-15 13:30:22', NULL),
(322, 2, 9, b'1', '2023-03-10 08:11:47', 'Loved every moment!'),
(323, 2, 12, b'1', '2023-04-18 10:12:12', NULL),
(324, 3, 22, b'0', '2023-05-25 14:45:33', NULL),
(325, 3, 25, b'1', '2023-06-30 12:30:00', 'Really fun gameplay!'),
(326, 3, 30, b'1', '2023-07-21 07:15:12', NULL),
(327, 4, 18, b'0', '2023-08-05 08:45:50', 'I expected more.'),
(328, 4, 23, b'1', '2023-09-15 09:22:01', NULL),
(329, 5, 42, b'1', '2023-10-11 06:12:44', 'One of the best games ever!'),
(330, 5, 51, b'0', '2023-10-12 15:30:00', NULL),
(331, 5, 64, b'1', '2023-10-13 10:22:00', NULL),
(332, 6, 82, b'1', '2023-10-14 11:11:00', 'Incredible story and mechanics!'),
(333, 6, 91, b'1', '2023-10-15 12:50:10', NULL),
(334, 7, 99, b'0', '2023-10-16 08:55:12', 'Not what I expected.'),
(335, 7, 107, b'1', '2023-10-17 13:22:00', NULL),
(336, 7, 115, b'0', '2023-10-18 06:30:12', NULL),
(337, 8, 122, b'1', '2023-10-19 12:12:00', 'A fantastic journey!'),
(338, 8, 130, b'0', '2023-10-20 07:50:00', NULL),
(339, 9, 145, b'1', '2023-10-21 10:34:12', NULL),
(340, 9, 152, b'0', '2023-10-22 09:23:44', 'It could be much better.'),
(341, 10, 165, b'1', '2023-10-23 06:11:33', 'Absolutely loved it!'),
(342, 10, 178, b'1', '2023-10-24 11:15:45', NULL),
(343, 10, 180, b'0', '2023-10-25 14:50:10', 'Disappointing in many aspects.'),
(344, 11, 11, b'1', '2023-01-01 08:00:00', 'Fantastic experience!'),
(345, 11, 14, b'0', '2023-02-01 10:30:00', NULL),
(346, 12, 22, b'1', '2023-03-01 09:11:00', NULL),
(347, 12, 29, b'1', '2023-03-05 14:30:00', 'Loved the gameplay!'),
(348, 12, 35, b'0', '2023-03-10 15:45:00', NULL),
(349, 13, 41, b'1', '2023-04-01 08:22:00', 'A true masterpiece.'),
(350, 13, 56, b'0', '2023-04-05 10:30:00', NULL),
(351, 13, 67, b'1', '2023-04-10 12:15:00', NULL),
(352, 14, 74, b'1', '2023-05-01 10:12:00', NULL),
(353, 14, 88, b'0', '2023-05-15 16:50:00', 'Not impressed.'),
(354, 14, 93, b'0', '2023-05-20 14:30:00', NULL),
(355, 15, 105, b'1', '2023-06-01 08:00:00', NULL),
(356, 15, 117, b'0', '2023-06-05 12:30:00', 'Could be better.'),
(357, 15, 134, b'0', '2023-06-10 14:12:00', NULL),
(358, 16, 145, b'1', '2023-07-01 07:50:00', 'An unforgettable journey!'),
(359, 16, 152, b'1', '2023-07-05 09:40:00', NULL),
(360, 16, 167, b'0', '2023-07-10 13:25:00', NULL),
(361, 17, 172, b'1', '2023-08-01 08:12:00', 'I had a great time.'),
(362, 17, 175, b'0', '2023-08-15 12:10:00', NULL),
(363, 18, 182, b'1', '2023-09-01 07:12:00', 'Amazing graphics!'),
(364, 18, 199, b'0', '2023-09-10 14:45:00', NULL),
(365, 18, 203, b'1', '2023-09-12 12:30:00', 'Fun gameplay!'),
(366, 18, 204, b'0', '2023-09-20 13:12:00', NULL),
(367, 19, 10, b'1', '2023-10-01 06:30:00', NULL),
(368, 19, 19, b'0', '2023-10-02 09:20:00', NULL),
(369, 20, 32, b'1', '2023-10-03 07:55:00', 'A great sequel!'),
(370, 20, 43, b'0', '2023-10-04 12:30:00', 'Disappointing compared to the first.'),
(371, 20, 49, b'1', '2023-10-05 09:50:00', NULL),
(372, 21, 51, b'0', '2023-10-06 07:10:00', NULL),
(373, 21, 62, b'1', '2023-10-07 12:50:00', 'Incredible storyline!'),
(374, 21, 64, b'1', '2023-10-08 11:00:00', NULL),
(375, 22, 78, b'1', '2023-10-09 08:12:00', NULL),
(376, 22, 90, b'0', '2023-10-10 10:22:00', 'Too many bugs at launch.'),
(377, 22, 101, b'1', '2023-10-11 12:55:00', NULL),
(378, 23, 123, b'1', '2023-10-12 07:05:00', 'Epic game!'),
(379, 23, 140, b'0', '2023-10-13 11:30:00', NULL),
(380, 24, 165, b'1', '2023-10-14 08:20:00', NULL),
(381, 24, 174, b'0', '2023-10-15 10:30:00', 'Not worth my time.'),
(382, 24, 182, b'0', '2023-10-16 12:50:00', NULL),
(383, 25, 191, b'1', '2023-10-17 09:22:00', 'A solid entry!'),
(384, 25, 200, b'0', '2023-10-18 13:15:00', NULL),
(385, 26, 14, b'1', '2023-10-19 07:30:00', NULL),
(386, 26, 21, b'0', '2023-10-20 09:10:00', NULL),
(387, 26, 33, b'1', '2023-10-21 13:45:00', NULL),
(388, 27, 47, b'0', '2023-10-22 12:55:00', NULL),
(389, 27, 62, b'1', '2023-10-23 08:00:00', 'Loved the characters!'),
(390, 27, 75, b'0', '2023-10-24 10:10:00', NULL),
(391, 28, 82, b'1', '2023-10-25 11:15:00', 'A fun game to play!'),
(392, 28, 89, b'0', '2023-10-26 14:40:00', NULL),
(393, 29, 90, b'1', '2023-10-27 06:12:00', 'An unforgettable adventure!'),
(394, 29, 95, b'0', '2023-10-28 10:22:00', NULL),
(395, 29, 107, b'0', '2023-10-29 13:32:00', 'Did not meet expectations.'),
(396, 30, 112, b'1', '2023-10-30 09:50:00', NULL),
(397, 30, 116, b'0', '2023-10-31 15:35:00', NULL),
(398, 31, 135, b'1', '2023-11-01 13:20:00', 'A great addition to the series!'),
(399, 31, 139, b'0', '2023-11-02 11:10:00', NULL),
(400, 32, 145, b'1', '2023-11-03 10:15:00', NULL),
(401, 32, 149, b'0', '2023-11-04 09:00:00', 'Very lackluster.'),
(402, 33, 155, b'1', '2023-11-05 12:30:00', 'Brilliant execution!'),
(403, 33, 165, b'0', '2023-11-06 11:45:00', NULL),
(404, 34, 175, b'1', '2023-11-07 08:10:00', NULL),
(405, 34, 180, b'0', '2023-11-08 13:20:00', 'Would not recommend.'),
(406, 35, 190, b'1', '2023-11-09 10:50:00', 'A true classic!'),
(407, 35, 195, b'0', '2023-11-10 15:55:00', NULL),
(408, 36, 202, b'1', '2023-11-11 09:30:00', 'Exciting from start to finish!'),
(409, 36, 203, b'0', '2023-11-12 11:10:00', NULL),
(410, 37, 206, b'1', '2023-11-13 08:45:00', 'Best game I played this year!'),
(411, 37, 207, b'0', '2023-11-14 10:15:00', NULL),
(412, 38, 1, b'1', '2023-11-15 12:25:00', 'What a fantastic journey!'),
(413, 38, 2, b'0', '2023-11-16 14:35:00', NULL),
(414, 39, 3, b'1', '2023-11-17 08:50:00', 'A lot of fun!'),
(415, 39, 4, b'0', '2023-11-18 10:45:00', NULL),
(416, 40, 5, b'1', '2023-11-19 11:00:00', NULL),
(417, 40, 6, b'0', '2023-11-20 13:25:00', 'Really let down.'),
(418, 41, 7, b'1', '2023-11-21 09:30:00', 'Excellent mechanics!'),
(419, 41, 9, b'0', '2023-11-22 15:00:00', NULL),
(420, 42, 10, b'1', '2023-11-23 08:40:00', 'I loved it!'),
(421, 42, 11, b'0', '2023-11-24 11:15:00', NULL),
(422, 43, 12, b'1', '2023-11-25 13:30:00', NULL),
(423, 43, 13, b'0', '2023-11-26 14:00:00', 'Too repetitive.'),
(424, 44, 14, b'1', '2023-11-27 09:45:00', 'A must-play!'),
(425, 44, 15, b'0', '2023-11-28 12:15:00', NULL),
(426, 45, 16, b'1', '2023-11-29 10:00:00', NULL),
(427, 45, 17, b'0', '2023-11-30 11:00:00', 'Very buggy.'),
(428, 46, 18, b'1', '2023-12-01 08:15:00', 'Brilliant story!'),
(429, 46, 19, b'0', '2023-12-02 10:30:00', NULL),
(430, 47, 20, b'1', '2023-12-03 09:50:00', 'I enjoyed it!'),
(431, 47, 21, b'0', '2023-12-04 13:05:00', NULL),
(432, 48, 22, b'1', '2023-12-05 11:20:00', 'Excellent gameplay!'),
(433, 48, 23, b'0', '2023-12-06 15:00:00', NULL),
(434, 49, 24, b'1', '2023-12-07 08:05:00', NULL),
(435, 49, 25, b'0', '2023-12-08 14:35:00', 'Could be more polished.'),
(436, 50, 26, b'1', '2023-12-09 09:45:00', 'Loved it!'),
(437, 50, 27, b'0', '2023-12-10 11:30:00', NULL),
(438, 51, 28, b'1', '2023-12-11 13:10:00', 'An awesome game!'),
(439, 51, 29, b'0', '2023-12-12 14:55:00', NULL),
(440, 52, 30, b'1', '2023-12-13 10:00:00', NULL),
(441, 52, 31, b'0', '2023-12-14 12:20:00', NULL),
(442, 53, 32, b'1', '2023-12-15 08:30:00', 'Very immersive!'),
(443, 53, 33, b'0', '2023-12-16 11:45:00', NULL),
(444, 54, 34, b'1', '2023-12-17 10:15:00', NULL),
(445, 54, 35, b'0', '2023-12-18 12:00:00', 'Boring storyline.'),
(446, 55, 36, b'1', '2023-12-19 08:55:00', 'Fantastic visuals!'),
(447, 55, 37, b'0', '2023-12-20 11:05:00', NULL),
(448, 56, 38, b'1', '2023-12-21 09:50:00', NULL),
(449, 56, 39, b'0', '2023-12-22 10:40:00', 'Disappointing game.'),
(450, 57, 40, b'1', '2023-12-23 08:10:00', 'A thrilling adventure!'),
(451, 57, 41, b'0', '2023-12-24 12:35:00', NULL),
(452, 58, 42, b'1', '2023-12-25 09:00:00', NULL),
(453, 58, 43, b'0', '2023-12-26 10:10:00', 'Very shallow.'),
(454, 59, 44, b'1', '2023-12-27 08:45:00', 'A fantastic ride!'),
(455, 59, 45, b'0', '2023-12-28 09:30:00', NULL),
(456, 60, 46, b'1', '2023-12-29 11:15:00', NULL),
(457, 60, 47, b'0', '2023-12-30 13:00:00', 'Not worth the money.'),
(458, 61, 48, b'1', '2023-12-31 12:30:00', 'Incredible atmosphere!'),
(459, 61, 49, b'0', '2024-01-01 09:45:00', NULL),
(460, 62, 50, b'1', '2024-01-02 08:20:00', NULL),
(461, 62, 51, b'0', '2024-01-03 11:10:00', 'Too many glitches.'),
(462, 63, 52, b'1', '2024-01-04 09:30:00', 'Fantastic gameplay!'),
(463, 63, 53, b'0', '2024-01-05 13:00:00', NULL),
(464, 64, 54, b'1', '2024-01-06 10:20:00', NULL),
(465, 64, 55, b'0', '2024-01-07 11:50:00', 'Could use more features.'),
(466, 65, 56, b'1', '2024-01-08 09:10:00', 'A memorable experience!'),
(467, 65, 57, b'0', '2024-01-09 10:40:00', NULL),
(468, 66, 58, b'1', '2024-01-10 12:30:00', NULL),
(469, 66, 59, b'0', '2024-01-11 14:00:00', 'Very lacking.'),
(470, 67, 60, b'1', '2024-01-12 08:00:00', 'Great graphics!'),
(471, 67, 61, b'0', '2024-01-13 10:20:00', NULL),
(472, 68, 62, b'1', '2024-01-14 09:25:00', NULL),
(473, 68, 63, b'0', '2024-01-15 13:10:00', 'Boring gameplay.'),
(474, 69, 64, b'1', '2024-01-16 10:30:00', 'A fantastic journey!'),
(475, 69, 65, b'0', '2024-01-17 11:50:00', NULL),
(476, 70, 66, b'1', '2024-01-18 09:00:00', 'Very engaging!'),
(477, 70, 67, b'0', '2024-01-19 13:40:00', NULL),
(478, 71, 68, b'1', '2024-01-20 11:15:00', NULL),
(479, 71, 69, b'0', '2024-01-21 10:05:00', 'Very disappointing.'),
(480, 72, 70, b'1', '2024-01-22 09:30:00', 'Amazing experience!'),
(481, 72, 71, b'0', '2024-01-23 11:40:00', NULL),
(482, 73, 72, b'1', '2024-01-24 10:50:00', 'One of the best!'),
(483, 73, 73, b'0', '2024-01-25 09:15:00', NULL),
(484, 74, 74, b'1', '2024-01-26 08:35:00', NULL),
(485, 74, 75, b'0', '2024-01-27 10:10:00', 'Too long.'),
(486, 75, 76, b'1', '2024-01-28 09:45:00', NULL),
(487, 75, 77, b'0', '2024-01-29 11:00:00', 'Not worth playing.'),
(488, 76, 78, b'1', '2024-01-30 10:20:00', NULL),
(489, 76, 79, b'0', '2024-01-31 12:55:00', 'Very underwhelming.'),
(490, 77, 80, b'1', '2024-02-01 11:00:00', 'Simply amazing!'),
(491, 77, 81, b'0', '2024-02-02 13:15:00', NULL),
(492, 78, 82, b'1', '2024-02-03 08:25:00', 'Loved every moment!'),
(493, 78, 83, b'0', '2024-02-04 10:40:00', NULL),
(494, 79, 84, b'1', '2024-02-05 09:15:00', 'A brilliant experience!'),
(495, 79, 85, b'0', '2024-02-06 12:10:00', 'Lacks depth.'),
(496, 80, 86, b'1', '2024-02-07 10:30:00', NULL),
(497, 80, 87, b'0', '2024-02-08 13:00:00', 'Could be improved.'),
(498, 81, 88, b'1', '2024-02-09 09:00:00', 'Fantastic game!'),
(499, 81, 89, b'0', '2024-02-10 11:45:00', NULL),
(500, 82, 90, b'1', '2024-02-11 12:15:00', NULL),
(501, 82, 91, b'0', '2024-02-12 14:00:00', 'Very repetitive.'),
(502, 83, 92, b'1', '2024-02-13 09:30:00', 'Loved the art style!'),
(503, 83, 93, b'0', '2024-02-14 10:15:00', NULL),
(504, 84, 94, b'1', '2024-02-15 08:20:00', NULL),
(505, 84, 95, b'0', '2024-02-16 11:30:00', 'Could be longer.'),
(506, 85, 96, b'1', '2024-02-17 10:00:00', NULL),
(507, 85, 97, b'0', '2024-02-18 13:05:00', 'Did not meet expectations.'),
(508, 86, 98, b'1', '2024-02-19 09:15:00', 'Incredible experience!'),
(509, 86, 99, b'0', '2024-02-20 12:30:00', NULL),
(510, 87, 100, b'1', '2024-02-21 08:50:00', 'A real gem!'),
(511, 87, 101, b'0', '2024-02-22 13:40:00', NULL),
(512, 88, 102, b'1', '2024-02-23 10:30:00', NULL),
(513, 88, 103, b'0', '2024-02-24 11:50:00', 'Bland storyline.'),
(514, 89, 104, b'1', '2024-02-25 09:00:00', NULL),
(515, 89, 105, b'0', '2024-02-26 13:30:00', 'Too predictable.'),
(516, 90, 106, b'1', '2024-02-27 08:30:00', 'Really enjoyable!'),
(517, 90, 107, b'0', '2024-02-28 12:50:00', NULL),
(518, 91, 108, b'1', '2024-02-29 09:45:00', 'Highly recommend!'),
(519, 91, 109, b'0', '2024-03-01 13:00:00', NULL),
(520, 92, 110, b'1', '2024-03-02 11:00:00', 'Amazing mechanics!'),
(521, 92, 111, b'0', '2024-03-03 12:30:00', NULL),
(522, 93, 112, b'1', '2024-03-04 08:15:00', 'Fantastic multiplayer!'),
(523, 93, 113, b'0', '2024-03-05 10:10:00', NULL),
(524, 94, 114, b'1', '2024-03-06 09:50:00', NULL),
(525, 94, 115, b'0', '2024-03-07 13:15:00', 'Needs more depth.'),
(526, 95, 116, b'1', '2024-03-08 10:30:00', 'A masterpiece!'),
(527, 95, 117, b'0', '2024-03-09 11:20:00', NULL),
(528, 96, 118, b'1', '2024-03-10 09:15:00', NULL),
(529, 96, 119, b'0', '2024-03-11 10:50:00', 'Very disappointing.'),
(530, 97, 120, b'1', '2024-03-12 08:40:00', 'Great pacing!'),
(531, 97, 121, b'0', '2024-03-13 11:10:00', NULL),
(532, 98, 122, b'1', '2024-03-14 09:55:00', 'Very engaging!'),
(533, 98, 123, b'0', '2024-03-15 13:20:00', NULL),
(534, 99, 124, b'1', '2024-03-16 09:00:00', 'Best game ever!'),
(535, 99, 125, b'0', '2024-03-17 10:30:00', NULL),
(536, 100, 126, b'1', '2024-03-18 11:15:00', 'An instant classic!'),
(537, 100, 127, b'0', '2024-03-19 12:45:00', 'Overrated.'),
(538, 101, 128, b'1', '2024-03-20 08:00:00', 'Great fun!'),
(539, 101, 129, b'0', '2024-03-21 11:00:00', 'Not what I expected.'),
(540, 102, 130, b'1', '2024-03-22 09:30:00', NULL),
(541, 102, 131, b'0', '2024-03-23 10:45:00', 'Could be better.'),
(542, 103, 132, b'1', '2024-03-24 12:15:00', 'An amazing experience!'),
(543, 103, 133, b'1', '2024-03-25 08:50:00', 'Loved the characters!'),
(544, 103, 134, b'0', '2024-03-26 13:20:00', 'Too short.'),
(545, 104, 135, b'1', '2024-03-27 09:00:00', NULL),
(546, 104, 202, b'1', '2024-03-28 10:30:00', 'Beautiful graphics!'),
(547, 105, 136, b'1', '2024-03-28 10:30:00', 'Beautiful graphics!'),
(548, 105, 137, b'0', '2024-03-29 11:00:00', NULL),
(549, 106, 138, b'1', '2024-03-30 09:30:00', 'So much fun!'),
(550, 106, 139, b'0', '2024-03-31 09:45:00', 'A bit repetitive.'),
(551, 107, 140, b'1', '2024-04-01 07:15:00', NULL),
(552, 107, 141, b'1', '2024-04-02 12:00:00', 'Excellent gameplay!'),
(553, 107, 142, b'0', '2024-04-03 08:50:00', NULL),
(554, 108, 143, b'1', '2024-04-04 10:30:00', NULL),
(555, 108, 144, b'0', '2024-04-05 11:20:00', 'Not very engaging.'),
(556, 109, 145, b'1', '2024-04-06 07:45:00', 'Fantastic storyline!'),
(557, 109, 146, b'0', '2024-04-07 09:15:00', NULL),
(558, 110, 147, b'1', '2024-04-08 08:15:00', 'Great experience!'),
(559, 110, 148, b'0', '2024-04-09 10:00:00', NULL),
(560, 111, 204, b'1', '2024-04-10 09:30:00', NULL),
(561, 111, 149, b'1', '2024-04-10 09:30:00', NULL),
(562, 112, 150, b'1', '2024-04-11 08:00:00', 'A unique take on the genre!'),
(563, 112, 151, b'0', '2024-04-12 12:20:00', NULL),
(564, 113, 152, b'1', '2024-04-13 10:15:00', 'Well worth the money!'),
(565, 113, 153, b'0', '2024-04-14 09:00:00', NULL),
(566, 114, 154, b'1', '2024-04-15 08:30:00', NULL),
(567, 115, 155, b'1', '2024-04-16 09:50:00', NULL),
(568, 115, 156, b'0', '2024-04-17 11:40:00', 'Not engaging.'),
(569, 116, 157, b'1', '2024-04-18 08:15:00', 'Amazing mechanics!'),
(570, 116, 158, b'0', '2024-04-19 10:10:00', NULL),
(571, 117, 159, b'1', '2024-04-20 07:40:00', 'A real delight!'),
(572, 117, 160, b'1', '2024-04-21 12:30:00', 'Highly recommended!'),
(573, 117, 161, b'0', '2024-04-22 09:00:00', NULL),
(574, 118, 162, b'1', '2024-04-23 08:00:00', NULL),
(575, 118, 163, b'0', '2024-04-24 10:30:00', 'Could use more content.'),
(576, 119, 164, b'1', '2024-04-25 08:45:00', 'A fantastic game!'),
(577, 119, 165, b'0', '2024-04-26 12:00:00', NULL),
(578, 120, 166, b'1', '2024-04-27 09:10:00', 'One of the best!'),
(579, 120, 167, b'0', '2024-04-28 11:15:00', 'Needs improvements.'),
(580, 121, 168, b'1', '2024-04-29 10:20:00', 'Loved the characters!'),
(581, 121, 169, b'0', '2024-04-30 07:55:00', NULL),
(582, 122, 170, b'1', '2024-05-01 08:00:00', 'Amazing atmosphere!'),
(583, 122, 171, b'0', '2024-05-02 12:45:00', NULL),
(584, 125, 176, b'1', '2024-05-07 07:45:00', NULL),
(585, 125, 177, b'0', '2024-05-08 09:00:00', 'Could be better.'),
(978, 123, 172, b'1', '2024-05-03 09:15:00', 'Incredible story!'),
(979, 123, 173, b'0', '2024-05-04 10:35:00', NULL),
(980, 124, 174, b'1', '2024-05-05 08:50:00', 'Super fun!'),
(981, 124, 175, b'0', '2024-05-06 11:30:00', NULL),
(984, 126, 178, b'1', '2024-05-09 08:15:00', 'Excellent graphics!'),
(985, 126, 179, b'0', '2024-05-10 10:50:00', NULL),
(986, 127, 180, b'1', '2024-05-11 09:00:00', NULL),
(987, 127, 181, b'1', '2024-05-11 09:00:00', NULL),
(988, 128, 181, b'1', '2024-05-12 07:30:00', 'A great journey!'),
(989, 128, 182, b'0', '2024-05-13 12:10:00', NULL),
(990, 129, 183, b'1', '2024-05-14 08:45:00', 'Highly engaging!'),
(991, 129, 184, b'0', '2024-05-15 11:00:00', 'Not my type.'),
(992, 130, 185, b'1', '2024-05-16 10:10:00', 'An instant classic!'),
(993, 130, 186, b'0', '2024-05-17 12:35:00', NULL),
(994, 131, 187, b'1', '2024-05-18 07:50:00', NULL),
(995, 132, 188, b'1', '2024-05-19 09:20:00', NULL),
(996, 132, 189, b'0', '2024-05-20 12:15:00', 'Could have been better.'),
(997, 133, 190, b'1', '2024-05-21 08:30:00', NULL),
(998, 134, 191, b'1', '2024-05-22 09:00:00', 'Incredible gameplay!'),
(999, 134, 192, b'0', '2024-05-23 12:20:00', NULL),
(1000, 135, 193, b'1', '2024-05-24 08:15:00', 'Very immersive!'),
(1001, 135, 194, b'0', '2024-05-25 10:40:00', NULL),
(1002, 136, 195, b'1', '2024-05-26 08:50:00', NULL),
(1003, 136, 196, b'0', '2024-05-27 09:00:00', 'Not enough content.'),
(1004, 137, 197, b'1', '2024-05-28 09:15:00', 'Absolutely loved it!'),
(1005, 137, 198, b'0', '2024-05-29 10:20:00', NULL),
(1006, 138, 199, b'1', '2024-05-30 07:30:00', 'Very exciting!'),
(1007, 138, 200, b'0', '2024-05-31 11:15:00', NULL),
(1008, 139, 201, b'1', '2024-06-01 08:45:00', 'Fantastic story!'),
(1009, 139, 202, b'0', '2024-06-02 09:50:00', NULL),
(1010, 114, 203, b'1', '2024-06-03 08:00:00', 'Really enjoyable experience!'),
(1011, 131, 204, b'0', '2024-06-04 10:00:00', 'Did not meet my expectations.'),
(1012, 133, 205, b'1', '2024-06-05 09:30:00', 'A must-play for fans of the genre!');

-- --------------------------------------------------------

--
-- Struktura tabeli dla tabeli `sessions`
--

CREATE TABLE `sessions` (
  `ID` int(11) NOT NULL,
  `USER_ID` int(11) NOT NULL,
  `CREATED_AT` timestamp NOT NULL DEFAULT current_timestamp(),
  `EXPIRES_AT` datetime DEFAULT NULL,
  `DELETED_AT` timestamp NULL DEFAULT NULL,
  `SESSION_TOKEN` char(64) NOT NULL,
  `IP_ADDRESS` varchar(39) NOT NULL
) ENGINE=InnoDB DEFAULT CHARSET=utf8mb4 COLLATE=utf8mb4_general_ci;

--
-- Dumping data for table `sessions`
--

INSERT INTO `sessions` (`ID`, `USER_ID`, `CREATED_AT`, `EXPIRES_AT`, `DELETED_AT`, `SESSION_TOKEN`, `IP_ADDRESS`) VALUES
(1, 267, '2024-11-19 00:00:38', '2024-11-26 01:00:38', NULL, '982cbe964a910655cf3cb87374af0bc81ee7da2abc657ff54876cc01c5e63b10', '::1'),
(2, 267, '2024-11-19 17:53:05', '2024-11-26 18:53:05', '2024-11-19 17:55:17', 'a65a997945f19997e31cc4d7d882a660db3722352c8582d245d4820b40505c06', '::1'),
(3, 267, '2024-11-19 18:04:39', '2024-11-26 19:04:39', '2024-11-19 18:04:44', '4f8653e7a56875bf6662bd11e213a47a894101438458c9a663f81a06f45b49ef', '::1'),
(4, 267, '2024-11-19 18:05:38', '2024-11-26 19:05:38', '2024-11-19 18:05:40', 'fa4fc765f618f76bc1e1f2c9fe34a30cf9e38a139968654499085da7f209a579', '::1');

--
-- Wyzwalacze `sessions`
--
DELIMITER $$
CREATE TRIGGER `SET_COOKIE_EXPIRES_AT` BEFORE INSERT ON `sessions` FOR EACH ROW BEGIN
    SET NEW.EXPIRES_AT = NEW.CREATED_AT + INTERVAL 7 DAY;
END
$$
DELIMITER ;

-- --------------------------------------------------------

--
-- Struktura tabeli dla tabeli `streets`
--

CREATE TABLE `streets` (
  `ID` int(11) NOT NULL,
  `STREET` varchar(255) DEFAULT NULL
) ENGINE=InnoDB DEFAULT CHARSET=utf8mb4 COLLATE=utf8mb4_general_ci;

--
-- Dumping data for table `streets`
--

INSERT INTO `streets` (`ID`, `STREET`) VALUES
(1420, '102 Avenue'),
(1425, '107 Avenue'),
(1497, '10th Avenue'),
(1506, '10th Street South'),
(1498, '11th Avenue'),
(1405, '16th Avenue'),
(1343, '1st Avenue'),
(1474, '22nd Street West'),
(1227, '24th Street'),
(1502, '3rd Avenue South'),
(1344, '4th Avenue'),
(1508, '4th Avenue South'),
(1183, '5th Avenue'),
(1503, '6th Street South'),
(1231, '7th Avenue'),
(1505, '7th Avenue South'),
(1479, '8th Street East'),
(2361, 'A. Artiukov Street'),
(2359, 'A. Batyrova Street'),
(2093, 'A.J.C. Bose Road'),
(1112, 'A1 Highway'),
(2213, 'AB Road'),
(2349, 'Abai Avenue'),
(2367, 'Abay Street'),
(1519, 'Abbott Street'),
(2286, 'Abdul Sattar Edhi Avenue'),
(731, 'Abelemkpe Road'),
(2327, 'Abovyan Street'),
(837, 'Abu Sin Street'),
(838, 'Abu Ushar Street'),
(791, 'Acacia Avenue'),
(2144, 'Adajan'),
(1207, 'Adams Street'),
(715, 'Adderley Street'),
(699, 'Adeniran Ogunsanya Street'),
(694, 'Adeola Odeku Street'),
(2942, 'Admiralty Embankment'),
(751, 'Adwa Street'),
(2316, 'Agmashenebeli Avenue'),
(695, 'Ahmadu Bello Way'),
(2346, 'Aimanov Street'),
(1984, 'Aimin Road'),
(341, 'Aiolou Street'),
(1146, 'Airport Road'),
(3005, 'Aivazovskogo Street'),
(2134, 'Ajmer Road'),
(340, 'Akadimias Street'),
(310, 'Akersgata'),
(857, 'Akhendahamba Avenue'),
(2321, 'Akhmeteli Street'),
(2229, 'Akihabara Electric Town'),
(4120, 'Aksamitna'),
(836, 'Al-Amarat Street'),
(831, 'Al-Gamhoria Street'),
(834, 'Al-Mashtal Street'),
(830, 'Al-Nile Avenue'),
(833, 'Al-Qasr Avenue'),
(832, 'Al-Souk Street'),
(2356, 'Ala-Too Square'),
(376, 'Alabin Street'),
(2162, 'Alambagh'),
(1241, 'Alamo Plaza'),
(2087, 'Alandur'),
(1492, 'Albert Street'),
(1219, 'Aldine Bender Road'),
(4213, 'Aleja Grunwaldzka'),
(4217, 'Aleja Hallera'),
(4528, 'Aleja IX Wieków Kielc'),
(226, 'Aleja Jana Pawła II'),
(4522, 'Aleja Konstytucji 3 Maja'),
(3743, 'Aleja Kościuszki'),
(3983, 'Aleja Krasińskiego'),
(4525, 'Aleja Kraśnicka'),
(3656, 'Aleja Księcia Józefa'),
(4526, 'Aleja Księdza Jerzego Popiełuszki'),
(3744, 'Aleja Mickiewicza'),
(3721, 'Aleja Pawła Włodkowica'),
(4313, 'Aleja Piłsudskiego'),
(3984, 'Aleja Róż'),
(3724, 'Aleja Róży'),
(3303, 'Aleja Solidarności'),
(4104, 'Aleja Solidności'),
(4103, 'Aleja Wojska Polskiego'),
(3306, 'Aleja Wolności'),
(4527, 'Aleja Wyzwolenia'),
(3745, 'Aleja Włókniarzy'),
(4214, 'Aleja Zwycięstwa'),
(4423, 'Aleja Żytnia'),
(4224, 'Aleja Złotników'),
(7, 'Aleje Jerozolimskie'),
(320, 'Aleksanterinkatu'),
(233, 'Alexanderplatz'),
(700, 'Allen Avenue'),
(1268, 'Alma Avenue'),
(312, 'Amagertorv'),
(2347, 'Amanzholov Street'),
(2364, 'Amir Temur Avenue'),
(3013, 'Amurskaya Street'),
(2595, 'Anapji Pond'),
(2071, 'Andheri Link Road'),
(2682, 'Andong City Hall'),
(2674, 'Andong Confucian Academy'),
(2680, 'Andong Culture and Arts Center'),
(2673, 'Andong Hahoe Folk Village'),
(2675, 'Andong Mask Dance Festival'),
(2679, 'Andong National University'),
(2676, 'Andong Soju Museum'),
(2678, 'Andong Stone Wall'),
(2681, 'Andong Traditional Market'),
(206, 'Andrássy Avenue'),
(359, 'Andrássy út'),
(828, 'Angwa Street'),
(2686, 'Anmok Beach'),
(2081, 'Anna Salai'),
(413, 'Antakalnio gatvė'),
(2479, 'Aoba-dori Avenue'),
(2485, 'Aobayama Park'),
(2225, 'Aoyama Street'),
(2344, 'Aqmolinskaya Street'),
(2415, 'Arashiyama Bamboo Grove'),
(2923, 'Arbat Street'),
(1235, 'Arch Street'),
(2456, 'Arima Onsen'),
(1228, 'Arizona Avenue'),
(1296, 'Arlington Expressway'),
(3726, 'Armii Krajowej'),
(2230, 'Asakusa Street'),
(2060, 'Ashoka Road'),
(2119, 'Ashram Road'),
(342, 'Athinas Street'),
(2141, 'Athwa Lines'),
(1288, 'Atlantic Boulevard'),
(2464, 'Atsuta Shrine'),
(282, 'Augustinergasse'),
(563, 'Äulestrasse'),
(2114, 'Aundh'),
(400, 'Ausekļa iela'),
(566, 'Austrasse'),
(381, 'Austurstræti'),
(1796, 'Avenida 1 de Mayo'),
(3230, 'Avenida 10'),
(1750, 'Avenida 11 Sur'),
(1808, 'Avenida 16 de Septiembre'),
(992, 'Avenida 18 de Julio'),
(1791, 'Avenida 2 de Noviembre'),
(1807, 'Avenida 20 de Noviembre'),
(879, 'Avenida 25 de Setembro'),
(754, 'Avenida 4 de Fevereiro'),
(976, 'Avenida 6 de Diciembre'),
(3224, 'Avenida 85'),
(913, 'Avenida 9 de Julio'),
(988, 'Avenida Acceso Sur'),
(1822, 'Avenida Acueducto'),
(3156, 'Avenida Afonso Pena'),
(3183, 'Avenida Agamenon Magalhães'),
(1777, 'Avenida Agua Caliente'),
(3271, 'Avenida Amadeo Barbosa'),
(972, 'Avenida Amazonas'),
(935, 'Avenida Apoquindo'),
(1009, 'Avenida Arce'),
(955, 'Avenida Arequipa'),
(990, 'Avenida Artigas'),
(3119, 'Avenida Atlântica'),
(3219, 'Avenida Augusto Franco'),
(3177, 'Avenida Autaz Mirim'),
(3159, 'Avenida Barão Homem de Melo'),
(3220, 'Avenida Barreto de Menezes'),
(3164, 'Avenida Batel'),
(3147, 'Avenida Beira Mar'),
(919, 'Avenida Belgrano'),
(959, 'Avenida Benavides'),
(3273, 'Avenida Benjamin Constant'),
(3181, 'Avenida Boa Viagem'),
(963, 'Avenida Bolívar'),
(1744, 'Avenida Bonampak'),
(3194, 'Avenida Borges de Medeiros'),
(961, 'Avenida Brasil'),
(925, 'Avenida Brigadeiro Faria Lima'),
(1007, 'Avenida Buenos Aires'),
(3228, 'Avenida C-4'),
(917, 'Avenida Cabildo'),
(1001, 'Avenida Camacho'),
(1831, 'Avenida Camarón Sábalo'),
(946, 'Avenida Caracas'),
(3211, 'Avenida Carlos Cunha'),
(3267, 'Avenida Ceará'),
(1714, 'Avenida Chapultepec'),
(1005, 'Avenida Cívica'),
(1742, 'Avenida Cobá'),
(3188, 'Avenida Conselheiro Aguiar'),
(1731, 'Avenida Constitución'),
(3252, 'Avenida Costa e Silva'),
(3162, 'Avenida Cristiano Machado'),
(1840, 'Avenida Cuauhtémoc'),
(3143, 'Avenida da França'),
(158, 'Avenida da Liberdade'),
(264, 'Avenida da República'),
(3204, 'Avenida das Alagoas'),
(3134, 'Avenida das Nações'),
(1797, 'Avenida de la Libertad'),
(1814, 'Avenida de la Paz'),
(1803, 'Avenida de los Héroes'),
(1718, 'Avenida de los Insurgentes'),
(3238, 'Avenida de Maceió'),
(758, 'Avenida de Portugal'),
(1830, 'Avenida del Mar'),
(3206, 'Avenida Deodoro da Fonseca'),
(248, 'Avenida Diagonal'),
(3180, 'Avenida Djalma Batista'),
(929, 'Avenida do Brasil'),
(3167, 'Avenida do Cabeleireiro'),
(3132, 'Avenida do Contorno'),
(3186, 'Avenida Dom Hélder Câmara'),
(3149, 'Avenida Dom Luis'),
(3207, 'Avenida dos Holandeses'),
(3152, 'Avenida dos Jangadeiros'),
(3117, 'Avenida Doutor Arnaldo'),
(3232, 'Avenida Dr. Antônio Gomes'),
(878, 'Avenida Eduardo Mondlane'),
(3172, 'Avenida Eduardo Ribeiro'),
(944, 'Avenida El Dorado'),
(974, 'Avenida Eloy Alfaro'),
(3201, 'Avenida Engenheiro Roberto Freire'),
(984, 'Avenida España'),
(3265, 'Avenida Expedito Garcia'),
(3236, 'Avenida Fernandes Lima'),
(965, 'Avenida Francisco de Miranda'),
(1838, 'Avenida Francisco I. Madero'),
(3244, 'Avenida Freitas Neto'),
(1733, 'Avenida Garza Sada'),
(3154, 'Avenida General Osório'),
(1081, 'Avenida George Washington'),
(3174, 'Avenida Getúlio Vargas'),
(3222, 'Avenida Goiás'),
(1736, 'Avenida Gonzalitos'),
(3263, 'Avenida Governador Lindenberg'),
(999, 'Avenida Gral. Flores'),
(886, 'Avenida Ho Chi Min'),
(762, 'Avenida Hoji ya Henda'),
(1087, 'Avenida Independencia'),
(1715, 'Avenida Insurgentes'),
(1780, 'Avenida Internacional'),
(3191, 'Avenida Ipiranga'),
(997, 'Avenida Italia'),
(953, 'Avenida Javier Prado'),
(3262, 'Avenida Jerônimo Monteiro'),
(950, 'Avenida Jiménez'),
(3250, 'Avenida João Cabral'),
(3234, 'Avenida João Davino'),
(3196, 'Avenida João Pessoa'),
(3248, 'Avenida João XXIII'),
(986, 'Avenida José Asunción Flores'),
(3217, 'Avenida José Conrado de Araújo'),
(1839, 'Avenida José María Morelos'),
(931, 'Avenida José Rodrigues Alves'),
(1716, 'Avenida Juárez'),
(3254, 'Avenida Júlio de Castilho'),
(877, 'Avenida Julius Nyerere'),
(3304, 'Avenida Królowej Jadwigi'),
(3305, 'Avenida Księcia Józefa'),
(969, 'Avenida La Paz'),
(980, 'Avenida La Prensa'),
(939, 'Avenida Las Condes'),
(1773, 'Avenida Las Torres'),
(1729, 'Avenida Lázaro Cárdenas'),
(759, 'Avenida Lenine'),
(995, 'Avenida Luis Alberto de Herrera'),
(1820, 'Avenida Madero'),
(3209, 'Avenida Magalhães Lima'),
(3139, 'Avenida Magalhães Neto'),
(1725, 'Avenida Manuel Acuña'),
(1810, 'Avenida Manuel Ávila Camacho'),
(880, 'Avenida Mao Tse Tung'),
(3246, 'Avenida Maranhão'),
(3165, 'Avenida Marechal Floriano Peixoto'),
(3115, 'Avenida Marginal Tietê'),
(982, 'Avenida Mariscal López'),
(3190, 'Avenida Mascarenhas de Moraes'),
(1827, 'Avenida Matamoros'),
(1833, 'Avenida Miguel Alemán'),
(1756, 'Avenida Miguel Ángel de Quevedo'),
(1829, 'Avenida Miguel de la Madrid'),
(1804, 'Avenida Miguel Hidalgo'),
(3242, 'Avenida Miguel Rosa'),
(1819, 'Avenida Morelos'),
(1826, 'Avenida Morelos Sur'),
(3269, 'Avenida Nações Unidas'),
(1089, 'Avenida Nicolás de Ovando'),
(3256, 'Avenida Noroeste'),
(3215, 'Avenida Nossa Senhora da Conceição'),
(3260, 'Avenida Nossa Senhora da Penha'),
(3126, 'Avenida Nossa Senhora de Copacabana'),
(1721, 'Avenida Oaxaca'),
(1818, 'Avenida Ocampo'),
(942, 'Avenida Ossa'),
(3192, 'Avenida Osvaldo Aranha'),
(957, 'Avenida Pardo'),
(923, 'Avenida Paulista'),
(3213, 'Avenida Pedro Neiva de Santana'),
(3240, 'Avenida Pedro Ribeiro'),
(1772, 'Avenida Pradera'),
(3258, 'Avenida Presidente Ernesto Geisel'),
(3275, 'Avenida Presidente Médici'),
(3122, 'Avenida Presidente Vargas'),
(933, 'Avenida Providencia'),
(3199, 'Avenida Prudente de Morais'),
(1837, 'Avenida Rafael Buelna'),
(3114, 'Avenida Rebouças'),
(1775, 'Avenida Revolución'),
(927, 'Avenida Rio Branco'),
(1784, 'Avenida Río Tijuana'),
(1836, 'Avenida Río Tinto'),
(921, 'Avenida Rivadavia'),
(967, 'Avenida Rómulo Gallegos'),
(882, 'Avenida Samora Machel'),
(1783, 'Avenida San Ysidro'),
(1003, 'Avenida Sánchez Lima'),
(915, 'Avenida Santa Fe'),
(3151, 'Avenida Santos Dumont'),
(1747, 'Avenida Sayil'),
(3138, 'Avenida Sete de Setembro'),
(978, 'Avenida Simón Bolívar'),
(1798, 'Avenida Solidaridad'),
(966, 'Avenida Sucre'),
(3226, 'Avenida T-63'),
(3144, 'Avenida Tancredo Neves'),
(1746, 'Avenida Tankah'),
(1812, 'Avenida Teófilo Borunda'),
(1741, 'Avenida Tulum'),
(1723, 'Avenida Vallarta'),
(3146, 'Avenida Vasco da Gama'),
(1793, 'Avenida Venustiano Carranza'),
(970, 'Avenida Victoria'),
(881, 'Avenida Vladimir Lenine'),
(3129, 'Avenida W3 Sul'),
(1084, 'Avenida Winston Churchill'),
(883, 'Avenida Zedequias Manganhela'),
(1477, 'Avenue A South'),
(1478, 'Avenue B South'),
(773, 'Avenue Blaise Diagne'),
(1481, 'Avenue C South'),
(776, 'Avenue Cheikh Anta Diop'),
(1106, 'Avenue Christophe'),
(1031, 'Avenue D\'Orsay'),
(795, 'Avenue de l\'ALN'),
(874, 'Avenue de l\'Armée'),
(840, 'Avenue de l\'Indépendance'),
(596, 'Avenue de la Costa'),
(578, 'Avenue de la Gare'),
(573, 'Avenue de la Liberté'),
(867, 'Avenue de la Paix'),
(277, 'Avenue de la Toison d\'Or'),
(160, 'Avenue des Champs-Élysées'),
(740, 'Avenue des FAR'),
(796, 'Avenue des Martyrs'),
(1393, 'Avenue des Pins'),
(212, 'Avenue des Ternes'),
(1392, 'Avenue du Mont-Royal'),
(778, 'Avenue du Président Lamine Gueye'),
(1450, 'Avenue Dunsmuir'),
(1036, 'Avenue Eric Williams'),
(1483, 'Avenue F South'),
(240, 'Avenue Foch'),
(895, 'Avenue Habib Bourguiba'),
(807, 'Avenue Houphouët-Boigny'),
(1025, 'Avenue Jacques Perk'),
(846, 'Avenue Jean-Paul II'),
(1099, 'Avenue John Brown'),
(145, 'Avenue Louise'),
(1103, 'Avenue Magloire Ambroise'),
(1441, 'Avenue Maguire'),
(781, 'Avenue Malick Sy'),
(898, 'Avenue Mohamed V'),
(733, 'Avenue Mohammed V'),
(239, 'Avenue Montaigne'),
(736, 'Avenue Moulay Youssef'),
(1261, 'Avenue of the Arts'),
(1397, 'Avenue Papineau'),
(1447, 'Avenue Parkdale'),
(799, 'Avenue Pasteur'),
(593, 'Avenue Princesse Grace'),
(598, 'Avenue Saint-Martin'),
(1407, 'Avenue SW'),
(1023, 'Avenue van de Nationale Banca'),
(1029, 'Avenue Welgedacht'),
(1030, 'Avenue Zanderij'),
(553, 'Avinguda Meritxell'),
(701, 'Awolowo Road'),
(2264, 'Ayala Avenue'),
(2336, 'Azadliq Avenue'),
(767, 'Azikiwe Street'),
(2360, 'B. K. Joldoshbaeva Street'),
(2094, 'B.B.D. Bagh'),
(2263, 'Ba Trieu Street'),
(1145, 'Back Street'),
(332, 'Baggot Street'),
(142, 'Bahnhofstrasse'),
(2350, 'Baitursynov Street'),
(356, 'Bajcsy-Zsilinszky út'),
(3685, 'Bajkowa'),
(252, 'Baker Street'),
(2338, 'Bakikhanov Street'),
(1350, 'Ballard Avenue'),
(2160, 'Balu Ganj'),
(2299, 'Banani'),
(2069, 'Bandra-Worli Sea Link'),
(2115, 'Baner'),
(2188, 'Banerji Road'),
(2077, 'Bangalore Palace Road'),
(2101, 'Banjara Hills'),
(1410, 'Bank Street'),
(378, 'Bankastræti'),
(2080, 'Bannerghatta Road'),
(2481, 'Bansui Bridge'),
(2013, 'Baotu Spring Road'),
(2131, 'Bapu Bazaar'),
(2196, 'Bapuji Nagar'),
(2061, 'Barakhamba Road'),
(891, 'Barnes Avenue'),
(727, 'Barnes Road'),
(384, 'Barónsstígur'),
(1456, 'Barrington Street'),
(1453, 'Barton Street East'),
(1273, 'Bascom Avenue'),
(1230, 'Baseline Road'),
(2297, 'Bashundhara'),
(1119, 'Basseterre Street'),
(1520, 'Battle Street'),
(2972, 'Bauman Street'),
(1120, 'Bay Road'),
(1052, 'Bay Street'),
(1460, 'Bayer\'s Road'),
(1472, 'Baynes Road'),
(1289, 'Beach Boulevard'),
(2178, 'Beach Road'),
(1040, 'Beetham Highway'),
(1889, 'Beijing Road'),
(1929, 'Beilin Road'),
(1971, 'Beisuzhou Road'),
(1426, 'Bellamy Hill'),
(1139, 'Belmont Road'),
(3666, 'Belwederska'),
(570, 'Bendererstrasse'),
(2547, 'Beppu Hot Springs'),
(4007, 'Berka Joselewicza'),
(1510, 'Bernard Avenue'),
(2111, 'Bhosari'),
(2201, 'Bhubaneswar Road'),
(3998, 'Biała'),
(4229, 'Białego Orła'),
(4424, 'Białobrzeska'),
(4314, 'Białostocka'),
(3392, 'Białowieska'),
(3669, 'Biały Kamień'),
(772, 'Bibi Titi Mohamed Street'),
(4009, 'Biedronki'),
(2433, 'Biei Avenue'),
(4023, 'Bielany'),
(1911, 'Binhai Avenue'),
(1977, 'Binjiang Road'),
(299, 'Birger Jarlsgatan'),
(1128, 'Bisee Highway'),
(1079, 'Bishop\'s Lane'),
(1093, 'Bishop\'s Road'),
(3997, 'Biskupa Jordana'),
(4003, 'Biskupa Nankiera'),
(856, 'Bismarck Street'),
(1217, 'Bissonnet Street'),
(2158, 'Bithoor Road'),
(1248, 'Bitters Road'),
(1158, 'Black Rock Road'),
(1375, 'Bloor Street'),
(1147, 'Bobby\'s Marina Road'),
(217, 'Bogstadveien'),
(4428, 'Bohaterów'),
(4227, 'Bohaterów Gdańska'),
(4524, 'Bohaterów Getta'),
(4108, 'Bohaterów Warszawy'),
(4215, 'Bohaterów Westerplatte'),
(4011, 'Bohaterów Września'),
(4119, 'Bohaterów Wybrzeża'),
(744, 'Bole Road'),
(2964, 'Bolshaya Pokrovskaya Street'),
(2997, 'Bolshaya Sadovaya Street'),
(789, 'Bombo Road'),
(1156, 'Bon Accord Road'),
(250, 'Bond Street'),
(2267, 'Bonifacio Global City'),
(2307, 'Borella'),
(3690, 'Borówki'),
(3737, 'Borówkowa'),
(1768, 'Boulevard Adolfo López Mateos'),
(272, 'Boulevard Anspach'),
(1439, 'Boulevard Charest'),
(597, 'Boulevard d\'Italie'),
(803, 'Boulevard de France'),
(868, 'Boulevard de l\'Umuganda'),
(737, 'Boulevard de la Corniche'),
(777, 'Boulevard de la République'),
(873, 'Boulevard de la Révolution'),
(594, 'Boulevard de Suisse'),
(276, 'Boulevard de Waterloo'),
(601, 'Boulevard du Larvotto'),
(735, 'Boulevard Hassan II'),
(241, 'Boulevard Haussmann'),
(1107, 'Boulevard Jean Jacques Dessalines'),
(801, 'Boulevard Krim Belkacem'),
(1740, 'Boulevard Kukulcan'),
(804, 'Boulevard Lagunaire'),
(809, 'Boulevard Latrille'),
(780, 'Boulevard Martin Luther King'),
(797, 'Boulevard Mohamed Khemisti'),
(1395, 'Boulevard René-Lévesque'),
(574, 'Boulevard Royal'),
(238, 'Boulevard Saint-Germain'),
(1396, 'Boulevard Saint-Michel'),
(811, 'Boulevard Valéry Giscard d\'Estaing'),
(243, 'Boulevard Voltaire'),
(739, 'Boulevard Zerktouni'),
(1117, 'Bourbon Street'),
(1014, 'Bourda Street'),
(1063, 'Bourne\'s Village Road'),
(1406, 'Bowness Road'),
(3671, 'Bracka'),
(4335, 'Brak'),
(4315, 'Branickiego'),
(3751, 'Bratków'),
(717, 'Bree Street'),
(2073, 'Brigade Road'),
(396, 'Brīvības iela'),
(1062, 'Broad Street'),
(1184, 'Broadway'),
(1480, 'Broadway Avenue'),
(1240, 'Broadway Street'),
(1069, 'Bromefield Road'),
(4431, 'Brzezina'),
(3339, 'Brzozowa'),
(3002, 'Budennovsky Avenue'),
(2274, 'Bukit Bintang'),
(446, 'Bulevar kralja Aleksandra'),
(655, 'Bulevar Meše Selimovića'),
(449, 'Bulevar Mihajla Pupina'),
(455, 'Bulevar Sv. Petra Cetinjskog'),
(327, 'Bulevardi'),
(367, 'Bulevardul Carol I'),
(366, 'Bulevardul Dacia'),
(205, 'Bulevardul Magheru'),
(362, 'Bulevardul Unirii'),
(372, 'Bulgaria Boulevard'),
(2594, 'Bulguksa Temple Road'),
(1895, 'Bund'),
(2585, 'Bupyeong Market'),
(1284, 'Burnet Road'),
(2578, 'Busan Tower'),
(2333, 'Buzand Street'),
(308, 'Bygdøy allé'),
(3311, 'Bławatna'),
(26, 'Błonia'),
(2132, 'C-Scheme'),
(2121, 'C.G. Road'),
(1253, 'Cabrillo Memorial Drive'),
(1202, 'Cahuenga Boulevard'),
(812, 'Cairo Road'),
(363, 'Calea Dorobanților'),
(360, 'Calea Victoriei'),
(1422, 'Calgary Trail'),
(1333, 'California Street'),
(1781, 'Calle 10'),
(973, 'Calle 10 de Agosto'),
(949, 'Calle 100'),
(1737, 'Calle 15 de Mayo'),
(1720, 'Calle 16 de Septiembre'),
(1799, 'Calle 2 de Abril'),
(1752, 'Calle 2 Norte'),
(1769, 'Calle 20 de Noviembre'),
(1770, 'Calle 21 de Marzo'),
(1002, 'Calle 21 de Mayo'),
(947, 'Calle 26'),
(1083, 'Calle 27 de Febrero'),
(1779, 'Calle 2a'),
(1751, 'Calle 3 Norte'),
(952, 'Calle 34'),
(1782, 'Calle 3ra'),
(1753, 'Calle 5 de Febrero'),
(1758, 'Calle 60'),
(1759, 'Calle 62'),
(1760, 'Calle 63'),
(1761, 'Calle 64'),
(1762, 'Calle 65'),
(1763, 'Calle 66'),
(1764, 'Calle 67'),
(1765, 'Calle 68'),
(1766, 'Calle 69'),
(1776, 'Calle 6a'),
(1767, 'Calle 70'),
(945, 'Calle 72'),
(943, 'Calle 85'),
(1816, 'Calle 8a'),
(1817, 'Calle 9a'),
(938, 'Calle Agustinas'),
(934, 'Calle Alameda'),
(956, 'Calle Alcanfores'),
(1004, 'Calle Ayacucho'),
(1795, 'Calle Carranza'),
(985, 'Calle Cerro Cora'),
(1778, 'Calle Coahuila'),
(998, 'Calle Colonia'),
(914, 'Calle Corrientes'),
(1828, 'Calle Cuauhtémoc'),
(1786, 'Calle de 16 de Septiembre'),
(1785, 'Calle de 5 de Febrero'),
(168, 'Calle de Alcalá'),
(247, 'Calle de Atocha'),
(1789, 'Calle de Francisco I. Madero'),
(1757, 'Calle de la 14 Sur'),
(1792, 'Calle de la Libertad'),
(1823, 'Calle de la Luz'),
(1824, 'Calle de La Merced'),
(1790, 'Calle de la Paz'),
(1834, 'Calle de la Playa'),
(1788, 'Calle de la Reforma'),
(1825, 'Calle de la Unión'),
(1754, 'Calle de los Cuentos'),
(1774, 'Calle de los Héroes'),
(1749, 'Calle de los Pinos'),
(1787, 'Calle de Morelos'),
(246, 'Calle de Preciados'),
(1722, 'Calle de Tacuba'),
(1739, 'Calle del Sol'),
(1735, 'Calle Diego Rivera'),
(1088, 'Calle Duarte'),
(996, 'Calle Durazno'),
(994, 'Calle Eduardo Víctor Haedo'),
(971, 'Calle El Bosque'),
(1082, 'Calle El Conde'),
(1809, 'Calle Emiliano Zapata'),
(991, 'Calle Estrella'),
(916, 'Calle Florida'),
(1821, 'Calle Francisco I. Madero'),
(1813, 'Calle Francisco Villa'),
(1832, 'Calle Gabriel Leyva'),
(954, 'Calle Garcilaso'),
(1800, 'Calle General Piña'),
(1806, 'Calle Gómez Farías'),
(981, 'Calle Guayaquil'),
(1728, 'Calle Independencia'),
(987, 'Calle Independencia Nacional'),
(941, 'Calle Irarrazabal'),
(983, 'Calle Iturbe'),
(958, 'Calle José Larco'),
(1802, 'Calle José María Morelos'),
(979, 'Calle José Peralta'),
(1726, 'Calle Juárez'),
(1010, 'Calle La Paz'),
(920, 'Calle Lavalle'),
(1811, 'Calle Lázaro Cárdenas'),
(1724, 'Calle López Cotilla'),
(968, 'Calle Los Cúpulas'),
(936, 'Calle Los Leones'),
(960, 'Calle Los Pinos'),
(1717, 'Calle Madero'),
(918, 'Calle Maipú'),
(1815, 'Calle Manuel Acuña'),
(1805, 'Calle Manuel J. Clouthier'),
(1794, 'Calle Manuel José Othón'),
(1085, 'Calle Máximo Gómez'),
(172, 'Calle Mayor'),
(1086, 'Calle Mella'),
(1000, 'Calle Miguel Barreiro'),
(1732, 'Calle Morelos'),
(1743, 'Calle Nader'),
(975, 'Calle Orellana'),
(1745, 'Calle Palenque'),
(989, 'Calle Paraguayo Independiente'),
(1771, 'Calle Paseo de Jerez'),
(1727, 'Calle Pedro Moreno'),
(922, 'Calle Pellegrini'),
(1801, 'Calle Perimetral'),
(977, 'Calle Pichincha'),
(1006, 'Calle Potosí'),
(1835, 'Calle Sábalo Cerritos'),
(1755, 'Calle San Francisco'),
(1738, 'Calle San Jerónimo'),
(1090, 'Calle San Martín'),
(937, 'Calle San Pablo'),
(1730, 'Calle Santa Mónica'),
(993, 'Calle Sarandí'),
(223, 'Calle Serrano'),
(1008, 'Calle Sucre'),
(962, 'Calle Tizón'),
(964, 'Calle Urdaneta'),
(940, 'Calle Victoria'),
(1748, 'Calle Xcaret'),
(1734, 'Calle Zaragoza'),
(2092, 'Camac Street'),
(1226, 'Camelback Road'),
(1254, 'Camino Del Rio North'),
(1304, 'Camp Bowie Boulevard'),
(1016, 'Camp Street'),
(2438, 'Canal City Hakata'),
(1068, 'Cane Garden Road'),
(1135, 'Cane Grove Road'),
(195, 'Canebière'),
(2009, 'Cangshan Road'),
(430, 'Cankarjeva cesta'),
(1449, 'Cannon Street East'),
(729, 'Cantonments Road'),
(335, 'Capel Street'),
(1271, 'Capitol Expressway'),
(1347, 'Capitol Hill'),
(1092, 'Carenage Road'),
(1412, 'Carling Avenue'),
(1320, 'Carmel Drive'),
(1056, 'Carmichael Road'),
(556, 'Carrer Bonaventura Armengol'),
(557, 'Carrer de l\'Aigüeta'),
(559, 'Carrer de l\'Obac'),
(561, 'Carrer de la Plana'),
(555, 'Carrer de la Vall'),
(562, 'Carrer del Callaueta'),
(560, 'Carrer del Picó'),
(558, 'Carrer del Pui'),
(554, 'Carrer Prat de la Creu'),
(951, 'Carrera 15'),
(948, 'Carrera 7'),
(2066, 'Carter Road'),
(1078, 'Castle Comfort Road'),
(730, 'Castle Road'),
(1125, 'Castries-Gros Islet Highway'),
(1111, 'Catherine Hall'),
(1066, 'Cattlewash Road'),
(1122, 'Cayon Street'),
(1045, 'Cedar Grove Road'),
(3718, 'Cedrowa'),
(4012, 'Cegielniana'),
(349, 'Celetná'),
(1222, 'Central Avenue'),
(1211, 'Cermak Road'),
(3364, 'Chabrowa'),
(814, 'Chachacha Road'),
(134, 'Champs-Élysées'),
(2057, 'Chandni Chowk'),
(1884, 'Chang\'an Avenue'),
(1934, 'Changan Avenue'),
(2650, 'Changwon City Center'),
(2643, 'Changwon City Hall'),
(2645, 'Changwon Convention Center'),
(2648, 'Changwon Marine Park'),
(2646, 'Changwon National University'),
(2651, 'Changwon Seongji Park'),
(1945, 'Chao Lake Road'),
(2247, 'Chao Phraya Riverfront'),
(1308, 'Chatham Lane'),
(278, 'Chaussée d\'Ixelles'),
(274, 'Chaussée de Charleroi'),
(1464, 'Chebucto Road'),
(2980, 'Chekhov Street'),
(2957, 'Chelyabinskaya Street'),
(602, 'Chemin des Révoires'),
(2596, 'Cheomseongdae Observatory'),
(2239, 'Cheonggyecheon Stream'),
(2590, 'Cheongna International City'),
(2657, 'Cheonjiyeon Waterfall'),
(374, 'Cherni Vrah Boulevard'),
(1233, 'Chestnut Street'),
(2064, 'Chhatrapati Shivaji Maharaj Terminus'),
(2425, 'Chinatown Street'),
(820, 'Chitanda Road'),
(2948, 'Chkalova Street'),
(3, 'Chmielna'),
(1130, 'Choc Road'),
(4427, 'Chopina'),
(2096, 'Chowringhee Road'),
(4107, 'Chrobrego'),
(1920, 'Chunxi Road'),
(2396, 'Chuo Dori'),
(2432, 'Chuo Ward'),
(817, 'Church Road'),
(1012, 'Church Street'),
(743, 'Churchill Avenue'),
(2354, 'Chuy Avenue'),
(3742, 'Chłodna'),
(3670, 'Ciasna'),
(3703, 'Cicha'),
(4008, 'Cieszyńska'),
(1032, 'Cipriani Boulevard'),
(1476, 'Circle Drive'),
(4024, 'Cisowa'),
(2154, 'Civil Lines'),
(1512, 'Clement Avenue'),
(1057, 'Clyde Walkins Drive'),
(890, 'Cocoa Avenue'),
(1459, 'Cogswell Street'),
(1027, 'Cohune Road'),
(1148, 'Cole Bay Hill Road'),
(1378, 'College Street'),
(2308, 'Colombo 7'),
(1522, 'Columbia Street'),
(1260, 'Commerce Street'),
(1384, 'Commercial Drive'),
(2053, 'Connaught Place'),
(1352, 'Connecticut Avenue'),
(1109, 'Constant Spring Road'),
(636, 'Contrada del Pianello'),
(641, 'Contrada delle Mura'),
(640, 'Contrada Omerelli'),
(1468, 'Cook Street'),
(425, 'Čopova ulica'),
(1133, 'Corinth Road'),
(686, 'Corniche El Nil'),
(174, 'Corso Buenos Aires'),
(1431, 'Corydon Avenue'),
(1274, 'Coyote Creek Trail'),
(1019, 'Croal Street'),
(1400, 'Crowchild Trail'),
(1152, 'Crown Point Road'),
(1509, 'Crowsnest Trail'),
(1132, 'Cul-de-Sac Highway'),
(1244, 'Culebra Road'),
(1013, 'Cummings Street'),
(1015, 'Cummingsburg Street'),
(1151, 'Cupecoy Beach Road'),
(4326, 'Czarna'),
(4006, 'Czarnowiejska'),
(4325, 'Czarnowska'),
(4116, 'Czeremchowa'),
(3684, 'Czerwonych Maków'),
(2179, 'Dabagardens'),
(3328, 'Dąbrowskiego'),
(2611, 'Daejeon Culture and Arts Center'),
(2612, 'Daejeon Government Complex'),
(2610, 'Daejeon Museum of Art'),
(2603, 'Daejeon O-World'),
(2605, 'Daejeon Skyroad'),
(2607, 'Daejeon Station'),
(2598, 'Daereungwon Tomb Complex'),
(2615, 'Daewangam Park'),
(1925, 'Daiyue Road'),
(1991, 'Dalian Road'),
(481, 'Dame Gruev Street'),
(330, 'Dame Street'),
(2012, 'Daming Lake Road'),
(1935, 'Daming Palace Avenue'),
(146, 'Damrak'),
(1377, 'Danforth Avenue'),
(1462, 'Dartmouth Road'),
(4025, 'Dębowa'),
(4118, 'Dębowy Gaj'),
(745, 'Debre Zeit Road'),
(1404, 'Deerfoot Trail'),
(2310, 'Dehiwala'),
(2529, 'Dejima'),
(1997, 'Dengfeng Road'),
(2637, 'Deokjin Park'),
(1131, 'Desrameaux Street'),
(2295, 'Dhanmondi'),
(2059, 'Dilli Haat'),
(2106, 'Dilsukhnagar'),
(483, 'Dimitar Vlahov Street'),
(2257, 'Dinh Tien Hoang'),
(746, 'Djibouti Street'),
(201, 'Dlouhá'),
(2519, 'Dōjō Street'),
(3376, 'Dolna'),
(2705, 'Dolsan Park'),
(3665, 'Domaniewska'),
(375, 'Dondukov Boulevard'),
(2580, 'Dongbaekseom Island'),
(2237, 'Dongdaemun Design Plaza'),
(2023, 'Dongshan Road'),
(2243, 'Dongsishitiao'),
(1969, 'Dongwu Road'),
(1890, 'Dongzhimen Street'),
(2941, 'Dostoevsky Street'),
(2397, 'Dotonbori Street'),
(1466, 'Douglas Street'),
(3332, 'Drewniana'),
(305, 'Dronningens gate'),
(156, 'Drottninggatan'),
(1307, 'Dublin Granville Road'),
(1484, 'Duckworth Street'),
(1380, 'Dufferin Street'),
(1515, 'Duncan Street'),
(2981, 'Dzerzhinskogo Street'),
(3675, 'Dzieci Warszawy'),
(401, 'Dzirnavu iela'),
(23, 'Długa'),
(1080, 'Eagle Street'),
(1280, 'East 12th Street'),
(1190, 'East 34th Street'),
(1316, 'East 38th Street'),
(1328, 'East 4th Street'),
(1324, 'East 7th Street'),
(2035, 'East Avenue'),
(1054, 'East Bay Street'),
(1220, 'East Freeway'),
(1385, 'East Hastings Street'),
(1994, 'East Huanghe Road'),
(1300, 'East Loop 820'),
(1310, 'East Main Street'),
(1329, 'East Morehead Street'),
(2266, 'EDSA'),
(572, 'Egertastrasse'),
(1408, 'Elgin Street'),
(397, 'Elizabetes iela'),
(1259, 'Elm Street'),
(1334, 'Embarcadero'),
(786, 'Entebbe Road'),
(749, 'Entoto Avenue'),
(3128, 'EQS 408/409'),
(337, 'Ermou Street'),
(2194, 'Ernakulam North'),
(357, 'Erzsébet körút'),
(321, 'Esplanadi'),
(323, 'Eteläesplanadi'),
(2588, 'Eulwangri Beach'),
(2606, 'Expo Park'),
(2110, 'FC Road'),
(564, 'Feldkircherstrasse'),
(1335, 'Fell Street'),
(1930, 'Fengqing Road'),
(2008, 'Fengshan Road'),
(653, 'Ferhadija'),
(3664, 'Filtrowa'),
(2986, 'Fioletova Street'),
(3369, 'Fiołkowa'),
(254, 'Fleet Street'),
(294, 'Fleischmarkt'),
(3986, 'Floriańska'),
(285, 'Forchstrasse'),
(2305, 'Fort'),
(1424, 'Fort Road'),
(1467, 'Fort Street'),
(2335, 'Fountain Square'),
(452, 'Francuska ulica'),
(1237, 'Frankford Avenue'),
(1387, 'Fraser Street'),
(287, 'Fraumünsterstrasse'),
(1034, 'Frederick Street'),
(189, 'Frederiksborggade'),
(1028, 'Frederikshoopweg'),
(324, 'Fredrikinkatu'),
(2315, 'Freedom Square'),
(813, 'Freedom Way'),
(1486, 'Freshwater Road'),
(182, 'Friedrichstraße'),
(1118, 'Frigate Bay Road'),
(1144, 'Front Street'),
(1912, 'Fuhua Road'),
(2444, 'Fukuoka Tower Road'),
(2474, 'Fukuro-machi'),
(2555, 'Funai Castle'),
(1434, 'Furby Street'),
(2416, 'Fushimi Sake Street'),
(1892, 'Fuxing Road'),
(785, 'Gaba Road'),
(860, 'Gaborone Drive'),
(2368, 'Gafur Gulom Street'),
(2983, 'Gagarin Street'),
(3661, 'Gagarina'),
(2950, 'Gagarina Avenue'),
(3019, 'Gagarina Street'),
(1454, 'Gage Avenue South'),
(2185, 'Gajapatinagaram'),
(2184, 'Gajuwaka'),
(2304, 'Galle Road'),
(1215, 'Galleria Area'),
(750, 'Gambia Street'),
(316, 'Gammel Kongevej'),
(2234, 'Gangnam Boulevard'),
(2689, 'Gangneung Art Center'),
(2684, 'Gangneung Coffee Street'),
(2691, 'Gangneung National Museum'),
(2687, 'Gangneung Seongyojang'),
(1987, 'Ganjingzi District'),
(2339, 'Ganjlik Street'),
(1423, 'Gateway Boulevard'),
(13, 'Gdańska'),
(1340, 'Geary Boulevard'),
(164, 'Gedimino prospektas'),
(1127, 'George Charles Boulevard'),
(829, 'George Silundika Avenue'),
(1071, 'George Street'),
(889, 'George W. Bush Highway'),
(1355, 'Georgia Avenue'),
(2139, 'Ghod Dod Road'),
(732, 'Giffard Road'),
(2224, 'Ginza Street'),
(2408, 'Gion Street'),
(1058, 'Gladstone Road'),
(1516, 'Glenmore Road'),
(1401, 'Glenmore Trail'),
(2527, 'Glover Garden'),
(2161, 'Gomti Nagar'),
(389, 'Gonsiori'),
(2138, 'Gopalpura Bypass'),
(1514, 'Gordon Drive'),
(1495, 'Gordon Road'),
(2959, 'Gorkogo Street'),
(2929, 'Gorky Park'),
(2969, 'Gorky Street'),
(3716, 'Górna'),
(3719, 'Górska'),
(298, 'Götgatan'),
(1457, 'Gottingen Street'),
(1465, 'Government Street'),
(4018, 'Gołębia'),
(204, 'Graben'),
(3710, 'Grabowa'),
(371, 'Graf Ignatiev Street'),
(162, 'Grafton Street'),
(141, 'Gran Vía'),
(1091, 'Grand Anse Main Road'),
(579, 'Grand-Rue'),
(1436, 'Grande Allée'),
(1382, 'Granville Street'),
(3036, 'Grazhdanskaya Street'),
(1149, 'Great Bay Road'),
(819, 'Great East Road'),
(1075, 'Great Marlborough Street'),
(1141, 'Greenhill Road'),
(2271, 'Greenhills Shopping Center'),
(431, 'Gregorčičeva ulica'),
(3309, 'Grobla'),
(3985, 'Grodzka'),
(306, 'Grünerløkka'),
(12, 'Grunwaldzka'),
(4105, 'Gryfińska'),
(4319, 'Grzybowa'),
(1282, 'Guadalupe Street'),
(1908, 'Guangfu Road'),
(1999, 'Guanghua Road'),
(1888, 'Guangqumen Bridge'),
(1965, 'Guanqian Street'),
(2002, 'Gulangyu Island'),
(1962, 'Gulou Street'),
(2296, 'Gulshan'),
(2288, 'Gulshan-e-Iqbal'),
(2151, 'Gumti No. 5'),
(2575, 'Gwangalli Beach'),
(2579, 'Gwangbokdong Street'),
(2632, 'Gwanggyo Lake Park'),
(2718, 'Gwangju Art Street'),
(2713, 'Gwangju Biennale'),
(2720, 'Gwangju Citizen Park'),
(2719, 'Gwangju City Hall'),
(2722, 'Gwangju Dongmyeong-dong Market'),
(2721, 'Gwangju Folk Museum'),
(2717, 'Gwangju Kimchi Town'),
(2714, 'Gwangju National Museum'),
(2716, 'Gwangju World Cup Stadium'),
(2608, 'Gyejoksan Mountain'),
(2671, 'Gyeongbuk National University'),
(2636, 'Gyeonggijeon Shrine'),
(2593, 'Gyeongju Historic Areas'),
(2597, 'Gyeongju National Museum'),
(2601, 'Gyeongju World Culture Expo Park'),
(2701, 'Gyeongnam Provincial Office'),
(2683, 'Gyeongpo Beach'),
(3683, 'Głogowska'),
(3324, 'Główna'),
(2112, 'Hadapsar'),
(1020, 'Hadfield Street'),
(2573, 'Haeundae Beach Road'),
(705, 'Haile Selassie Avenue'),
(2439, 'Hakata Station'),
(1108, 'Half Way Tree Road'),
(2653, 'Hallasan National Park'),
(2150, 'Halsey Road'),
(1209, 'Halsted Street'),
(1524, 'Halston Avenue'),
(661, 'Hamdije Kreševljakovića'),
(2240, 'Han River Park'),
(2604, 'Hanbat Arboretum'),
(2260, 'Hang Bac Street'),
(2259, 'Hang Gai Street'),
(1948, 'Hankou Riverfront'),
(1958, 'Hanzhong Road'),
(2227, 'Harajuku Street'),
(1206, 'Harbor Drive'),
(1267, 'Harvard Avenue'),
(1067, 'Hastings Main Road'),
(2312, 'Havelock Town'),
(2159, 'Hazratganj'),
(440, 'Heinzelova ulica'),
(1021, 'Henck Arronstraat'),
(329, 'Henry Street'),
(1949, 'Heping Avenue'),
(1975, 'Heping Road'),
(826, 'Herbert Chitepo Avenue'),
(456, 'Hercegovačka ulica'),
(267, 'Herengracht'),
(1047, 'Heritage Quay'),
(565, 'Herrengasse'),
(2501, 'Higashimuki Shopping Street'),
(2544, 'Higashiyama Park'),
(892, 'High Street'),
(1511, 'Highway 97'),
(2169, 'Hindustan Colony'),
(2484, 'Hirose River'),
(2470, 'Hiroshima Castle'),
(2467, 'Hiroshima Peace Memorial Park'),
(2475, 'Hiroshima Station Road'),
(2461, 'Hisaya Odori Park'),
(2254, 'Hoan Kiem Lake'),
(2290, 'Hockey Stadium Road'),
(1193, 'Hollywood Boulevard'),
(2666, 'Homigot Sunrise Square'),
(2471, 'Hondori Shopping Street'),
(2236, 'Hongdae Street'),
(1915, 'Hongli Road'),
(1952, 'Hongshan Road'),
(297, 'Hornsgatan'),
(854, 'Hosea Kutako Drive'),
(1192, 'Houston Street'),
(2097, 'Howrah Bridge'),
(3668, 'Hoża'),
(2404, 'Hozenji Yokocho'),
(1961, 'Huaibei Road'),
(1894, 'Huaihai Road'),
(1904, 'Huanan Road'),
(2006, 'Huandao Road'),
(2004, 'Huangcuo Beach'),
(1996, 'Huanghe Avenue'),
(2015, 'Huanghe Road'),
(1927, 'Huanglongxi Ancient Town'),
(1963, 'Huangpu Road'),
(2010, 'Huangyang Road'),
(1525, 'Hugh Allan Drive'),
(2537, 'Huis Ten Bosch'),
(1298, 'Hulen Street'),
(1471, 'Humboldt Street'),
(2032, 'Hunan Road'),
(1417, 'Hunt Club Road'),
(4223, 'Husarska'),
(2289, 'Hussainabad'),
(379, 'Hverfisgata'),
(208, 'Hviezdoslavovo námestie'),
(2709, 'Hyangiram Hermitage'),
(2659, 'Hyeopjae Beach'),
(2614, 'Hyundai Motor Manufacturing Plant'),
(1359, 'I Street'),
(1475, 'Idylwyld Drive'),
(697, 'Ikorodu Road'),
(2455, 'Ikuta Shrine'),
(434, 'Ilica'),
(476, 'Ilindenska Street'),
(1256, 'Imperial Avenue'),
(2589, 'Incheon Airport Road'),
(2586, 'Incheon Bridge'),
(2584, 'Incheon Chinatown'),
(2592, 'Incheon Dongbu Market'),
(2587, 'Incheon Grand Park'),
(723, 'Independence Avenue'),
(1073, 'Independence Street'),
(1223, 'Indian School Road'),
(2163, 'Indira Nagar'),
(2074, 'Indiranagar 100 Feet Road'),
(2235, 'Insadong Street'),
(2994, 'Irtysh Embankment'),
(696, 'Isaac John Street'),
(2420, 'Isezakichō Shopping Street'),
(200, 'Istiklal Avenue'),
(148, 'Istiklal Caddesi'),
(2505, 'Isuien Garden'),
(2242, 'Itaewon Street'),
(463, 'Ivana Milutinovića'),
(2576, 'Jagalchi Market'),
(25, 'Jagiellońska'),
(3327, 'Jagodowa'),
(2275, 'Jalan Alor'),
(2279, 'Jalan Ampang'),
(2276, 'Jalan Petaling'),
(2278, 'Jalan Raja Chulan'),
(2283, 'Jalan Raja Laut'),
(2280, 'Jalan Sultan Ismail'),
(2281, 'Jalan Tun Razak'),
(2282, 'Jalan Tunku Abdul Rahman'),
(768, 'Jamhuri Street'),
(855, 'Jan Jonker Road'),
(719, 'Jan Smuts Avenue'),
(4113, 'Jana Kazimierza'),
(3653, 'Jana Pawła II'),
(2055, 'Janpath'),
(2170, 'Jaripatka'),
(3702, 'Jasna'),
(4015, 'Jasnogórska'),
(825, 'Jason Moyo Avenue'),
(1419, 'Jasper Avenue'),
(3350, 'Jastrzębia'),
(2075, 'Jayanagar 4th Block'),
(2658, 'Jeju Folk Village'),
(2660, 'Jeju International Airport'),
(2654, 'Jeju Olle Trail'),
(2661, 'Jeju Stone Park'),
(3735, 'Jelenia'),
(2690, 'Jeongdongjin Beach'),
(2641, 'Jeonju Culture Factory'),
(2633, 'Jeonju Hanok Village'),
(2634, 'Jeonju Korean Traditional Wine Museum'),
(2640, 'Jeonju Mural Village'),
(2638, 'Jeonju National Museum'),
(2635, 'Jeonju Stadium'),
(2642, 'Jeonju Street'),
(1954, 'Jianghan Avenue'),
(1947, 'Jianghan Road'),
(1909, 'Jiangnan West Avenue'),
(2025, 'Jiangwan Road'),
(1931, 'Jiefang Road'),
(2028, 'Jiefang West Road'),
(2005, 'Jimei Avenue'),
(1900, 'Jing\'an Temple Road'),
(2019, 'Jingguang Road'),
(2616, 'Jinha Beach'),
(2652, 'Jinhae Cherry Blossom Festival'),
(784, 'Jinja Road'),
(1968, 'Jinji Lake Avenue'),
(2693, 'Jinju Castle'),
(2700, 'Jinju City Hall'),
(2702, 'Jinju Hanok Village'),
(2697, 'Jinju Lantern Festival'),
(2698, 'Jinju Market'),
(2695, 'Jinju National Museum'),
(2699, 'Jinju Sports Complex'),
(2694, 'Jinjuseong Fortress'),
(1921, 'Jinli Street'),
(1986, 'Jinshitan Scenic Area'),
(1992, 'Jinshui Road'),
(1919, 'Jintian Road'),
(3363, 'Jodłowa'),
(1053, 'John F. Kennedy Drive'),
(853, 'John Meinert Street'),
(824, 'Josiah Tongogara Avenue'),
(3996, 'Józefa'),
(2477, 'Jozenji Street'),
(839, 'Juba Street'),
(2102, 'Jubilee Hills'),
(2067, 'Juhu Beach Road'),
(2667, 'Jukdo Market'),
(4426, 'Juliusza Słowackiego'),
(350, 'Jungmannova'),
(443, 'Jurišićeva ulica'),
(1354, 'K Street'),
(2357, 'K. Tynystanova Street'),
(395, 'Kaarli puiestee'),
(2175, 'Kachipura'),
(3381, 'Kaczorowa'),
(2522, 'Kagawa Prefectural Gymnasium'),
(326, 'Kaisaniemenkatu'),
(2167, 'Kaiserbagh'),
(2473, 'Kaitaichi Street'),
(2193, 'Kakkanad'),
(2068, 'Kala Ghoda'),
(3015, 'Kalinin Street'),
(405, 'Kalku iela'),
(2124, 'Kalupur'),
(411, 'Kalvarijų gatvė'),
(193, 'Kalverstraat'),
(3384, 'Kalwaryjska'),
(2156, 'Kalyanpur'),
(2937, 'Kamennoostrovsky Prospekt'),
(2550, 'Kamezuka Park'),
(2424, 'Kaminoura Street'),
(2489, 'Kamitori'),
(2412, 'Kamogawa River Path'),
(783, 'Kampala Road'),
(1981, 'Kangning Road'),
(2126, 'Kankaria Lake'),
(2164, 'Kapoorthala'),
(450, 'Karadjordjeva'),
(2991, 'Karavayeva Street'),
(770, 'Kariakoo Street'),
(143, 'Karl Johans gate'),
(235, 'Karl-Marx-Straße'),
(348, 'Karlova'),
(3988, 'Karmelicka'),
(157, 'Kärntner Straße'),
(2545, 'Kase River'),
(4230, 'Kasprowicza'),
(2499, 'Kasuga-taisha Shrine'),
(3315, 'Kasztanowa'),
(2147, 'Katargam'),
(3678, 'Kawa'),
(2977, 'Kazan River Embankment'),
(18, 'Kazimierza Wielkiego'),
(3694, 'Kazimierza Wlk.'),
(4432, 'Kazimierzowska'),
(268, 'Keizersgracht'),
(1463, 'Kempt Road'),
(1491, 'Kenmount Road'),
(2476, 'Kentaiji Street'),
(390, 'Kentmanni'),
(706, 'Kenyatta Avenue'),
(1024, 'Kerkstraat'),
(3016, 'Khabarovsk Embankment'),
(2341, 'Khagani Street'),
(2208, 'Khajrana'),
(859, 'Khama Crescent'),
(2171, 'Khamla'),
(2056, 'Khan Market'),
(2210, 'Khan River Road'),
(2244, 'Khao San Road'),
(2197, 'Kharavel Nagar'),
(2302, 'Khilgaon'),
(3023, 'Khimikov Street'),
(2513, 'Kibitsu Shrine'),
(345, 'Kifisias Avenue'),
(2495, 'Kikuchi River'),
(1072, 'King George V Street'),
(1445, 'King Street East'),
(1376, 'King Street West'),
(1294, 'Kings Avenue'),
(1114, 'Kingston Street'),
(1136, 'Kingstown Park Road'),
(1386, 'Kingsway'),
(792, 'Kira Road'),
(1265, 'Kirkwood Boulevard'),
(2947, 'Kirova Street'),
(2406, 'Kita-ku Road'),
(2449, 'Kitano-cho'),
(2413, 'Kitaoji Street'),
(2409, 'Kiyamachi Dori'),
(2277, 'KLCC Park'),
(1022, 'Kleine Combeweg'),
(3379, 'Klonowa'),
(444, 'Knez Mihailova'),
(2452, 'Kobe City Museum'),
(2447, 'Kobe Harborland'),
(2454, 'Kobe Port Tower'),
(2191, 'Kochi Fort'),
(3330, 'Kociewska'),
(887, 'Kofi Annan Road'),
(2502, 'Kofuku-ji Temple'),
(724, 'Kojo Thompson Road'),
(3322, 'Kolejowa'),
(2311, 'Kollupitiya'),
(3027, 'Kommissarskaya Street'),
(3395, 'Komornicka'),
(2949, 'Komsomolskaya Street'),
(3014, 'Komsomolskiy Avenue'),
(2330, 'Kond'),
(311, 'Kongens gate'),
(140, 'Königsallee'),
(408, 'Konstitucijos prospektas'),
(4005, 'Kopernika'),
(3006, 'Korabelnaya Street'),
(3333, 'Koralowa'),
(2293, 'Korangi Road'),
(2627, 'Korean Folk Village'),
(3994, 'Kościuszki'),
(353, 'Kossuth Lajos utca'),
(3026, 'Kostyushko Street'),
(3349, 'Kosynierów'),
(3354, 'Koszalińska'),
(3704, 'Koszykowa'),
(2318, 'Kote Abkhazi Street'),
(2187, 'Kothapeta'),
(2113, 'Kothrud'),
(2090, 'Kotturpuram'),
(4026, 'Kozia'),
(2103, 'KPHB Colony'),
(3654, 'Krakowska'),
(20, 'Krakowskie Przedmieście'),
(451, 'Kralja Milana'),
(185, 'Kramgasse'),
(2992, 'Krasnaya Street'),
(2960, 'Krasnoarmeyskaya Street'),
(2952, 'Krasnozelenaya Street'),
(2968, 'Krasnoznamennaya Street'),
(2946, 'Krasny Prospekt'),
(402, 'Krasta iela'),
(3040, 'Kreml Street'),
(2967, 'Kremlevskaya Street'),
(2925, 'Kremlin Avenue'),
(3025, 'Kremlin Embankment'),
(2973, 'Kremlin Street'),
(3739, 'Kręta'),
(398, 'Krišjāņa Barona iela'),
(202, 'Křižíkova'),
(3723, 'Królewska'),
(4121, 'Królów Polskich'),
(3389, 'Królowej Jadwigi'),
(3692, 'Królowej Marysieńki'),
(3991, 'Krowoderska'),
(4, 'Krucza'),
(3734, 'Krzyżowa'),
(3708, 'Krzyżówka'),
(34, 'Książąt Pomorskich'),
(3352, 'Książęca'),
(3319, 'Księcia Mściwoja'),
(3662, 'Księcia Poniatowskiego'),
(3722, 'Księcia Witolda'),
(3687, 'Księdza Jerzego Popiełuszki'),
(3365, 'Księdza Wawrzyniaka'),
(3750, 'Księżycowa'),
(2982, 'Kuibyshev Square'),
(2541, 'Kujukushima'),
(2540, 'Kujukushima Pearl Sea Resort'),
(2108, 'Kukatpally'),
(2487, 'Kumamoto Castle'),
(2493, 'Kumamoto Prefectural Museum of Art'),
(2490, 'Kumamoto Station'),
(2496, 'Kumamoto Zoo'),
(296, 'Kungsgatan'),
(2510, 'Kurashiki Bikan Historical Quarter'),
(152, 'Kurfürstendamm'),
(181, 'Kurfürstenstraße'),
(3042, 'Kurgan Street'),
(2442, 'Kushida Shrine'),
(2930, 'Kutuzovsky Avenue'),
(477, 'Kuzman Josifovski-Pitu Boulevard'),
(728, 'Kwame Nkrumah Avenue'),
(888, 'Kwame Nkrumah Circle'),
(3317, 'Kwiatowa'),
(1134, 'La Clery Road'),
(137, 'La Rambla'),
(404, 'Lāčplēša iela'),
(693, 'Lagos Mainland Road'),
(176, 'Laisvės alėja'),
(1349, 'Lake City Way'),
(1281, 'Lamar Boulevard'),
(1297, 'Lancaster Avenue'),
(568, 'Landstrasse'),
(1305, 'Lane Avenue'),
(711, 'Langata Road'),
(1988, 'Laohekou Road'),
(651, 'Largo del Colonnato'),
(197, 'Laugavegur'),
(1411, 'Laurier Avenue'),
(417, 'Laurinská ulica'),
(1517, 'Lawrence Avenue'),
(2202, 'Laxmisagar'),
(3009, 'Lazo Street'),
(2107, 'LB Nagar'),
(2072, 'LBS Marg'),
(2262, 'Le Duan Street'),
(3351, 'Lechicka'),
(3316, 'Lechitów'),
(17, 'Legnicka'),
(266, 'Leidsestraat'),
(1264, 'Lemon Avenue'),
(2931, 'Lenin Avenue'),
(2943, 'Lenin Square'),
(2990, 'Lenin Street'),
(234, 'Leopoldstraße'),
(2317, 'Leselidze Street'),
(3390, 'Leszczynowa'),
(1500, 'Lewvan Drive'),
(1191, 'Lexington Avenue'),
(893, 'Liberation Avenue'),
(726, 'Liberation Road'),
(1891, 'Lido Place'),
(393, 'Liivalaia'),
(3370, 'Liliowa'),
(2146, 'Limbayat'),
(283, 'Limmatquai'),
(2065, 'Linking Road'),
(3340, 'Lipowa'),
(4316, 'Lipska'),
(2014, 'Lishan Road'),
(2935, 'Liteyny Prospekt'),
(2011, 'Liuhe Road'),
(863, 'Lobatse Road'),
(1065, 'Lodge Hill'),
(1490, 'Logy Bay Road'),
(1239, 'Lombard Street'),
(1295, 'Lone Star Road'),
(714, 'Long Street'),
(1937, 'Longshou Road'),
(1452, 'Longwood Road'),
(1249, 'Loop 410'),
(1528, 'Lorne Street'),
(816, 'Los Angeles Boulevard'),
(3713, 'Lotników'),
(279, 'Löwenstrasse'),
(1138, 'Lower Bay Road'),
(1160, 'Lowlands Main Road'),
(4425, 'Ludowa'),
(4014, 'Ludwinowska'),
(788, 'Lugogo Bypass'),
(1898, 'Lujiazui Ring Road'),
(815, 'Lumumba Road'),
(1914, 'Luohu Road'),
(2016, 'Lushun Road'),
(4336, 'Luzna'),
(2261, 'Ly Thai To Street'),
(380, 'Lækjargata'),
(2284, 'M. A. Jinnah Road'),
(2358, 'M. Kirova Street'),
(2363, 'M. Sh. Joldoshbaeva Street'),
(2322, 'M. Tsereteli Avenue'),
(2129, 'M.I. Road'),
(1399, 'Macleod Trail'),
(1186, 'Madison Avenue'),
(3334, 'Magnoliowa'),
(2123, 'Mahatma Gandhi Road'),
(1143, 'Maho Beach Road'),
(1011, 'Main Street'),
(1446, 'Main Street West'),
(835, 'Mak Nimr Avenue'),
(2268, 'Makati Avenue'),
(474, 'Makedonija Street'),
(2345, 'Makhambet Utemisov Street'),
(3711, 'Makowa'),
(2985, 'Maksima Gorkogo Street'),
(766, 'Maktaba Street'),
(2270, 'Malate'),
(3693, 'Malczewskiego'),
(3371, 'Malinowa'),
(2149, 'Mall Road'),
(352, 'Malostranské náměstí'),
(2136, 'Malviya Nagar'),
(3313, 'Malwowa'),
(2955, 'Malysheva Street'),
(2355, 'Manas Avenue'),
(1283, 'Manchaca Road'),
(1110, 'Mandeville Road'),
(852, 'Mandume Ndemufayo Avenue'),
(2125, 'Maninagar'),
(2656, 'Manjanggul Cave'),
(173, 'Mannerheimintie'),
(2306, 'Maradana'),
(370, 'Maria Luiza Boulevard'),
(288, 'Mariahilfer Straße'),
(2063, 'Marine Drive'),
(2446, 'Marinoa City Fukuoka'),
(459, 'Marka Miljanova'),
(1043, 'Market Street'),
(652, 'Maršala Tita'),
(1, 'Marszałkowska'),
(2520, 'Marugame Castle'),
(2436, 'Maruyama Park'),
(2324, 'Mashtots Avenue'),
(2993, 'Maslennikova Street'),
(1159, 'Mason Hall Main Road'),
(1314, 'Massachusetts Avenue'),
(2195, 'Mattancherry'),
(151, 'Maximilianstraße'),
(1501, 'Mayor Magrath Drive'),
(3733, 'Mazowiecka'),
(4333, 'Mazurska'),
(1272, 'McLaughlin Avenue'),
(1302, 'Meadowbrook Drive'),
(2465, 'Meitetsu Department Store'),
(1402, 'Memorial Drive'),
(1313, 'Meridian Street'),
(2451, 'Meriken Park'),
(1414, 'Merivale Road'),
(752, 'Meskel Square'),
(747, 'Mexico Square'),
(2062, 'MG Road'),
(2174, 'Mhalgi Nagar'),
(3993, 'Michałowskiego'),
(1203, 'Michigan Avenue'),
(30, 'Mickiewicza'),
(420, 'Mickiewiczova ulica'),
(1126, 'Micoud Highway'),
(2401, 'Midosuji Boulevard'),
(428, 'Miklošičeva cesta'),
(4028, 'Mikołajska'),
(2417, 'Minato Mirai 21'),
(2963, 'Minin and Pozharsky Square'),
(4002, 'Miodowa'),
(1255, 'Mira Mesa Boulevard'),
(3018, 'Mira Street'),
(2300, 'Mirpur'),
(2342, 'Mirza Fatali Akhundov Street'),
(2370, 'Mirzo Ulugbek Street'),
(1251, 'Mission Boulevard'),
(480, 'Mitropolit Teodosij Gologanov'),
(2480, 'Miyagi Museum of Art'),
(1286, 'MLK Boulevard'),
(1263, 'Mockingbird Lane'),
(2434, 'Moerenuma Park'),
(2298, 'Mohammadpur'),
(2152, 'Mohan Nagar'),
(1451, 'Mohawk Road'),
(703, 'Moi Avenue'),
(2938, 'Moika River Embankment'),
(9, 'Mokotowska'),
(864, 'Molepolole Road'),
(3037, 'Molodezhnaya Street'),
(708, 'Mombasa Road'),
(2443, 'Momochihama Beach'),
(2509, 'Momotaro Street'),
(1218, 'Montrose Boulevard'),
(765, 'Morogoro Road'),
(2332, 'Moscow Avenue'),
(2928, 'Moscow River Embankment'),
(458, 'Moskovska ulica'),
(3663, 'Most Poniatowskiego'),
(22, 'Mostowa'),
(2472, 'Motomachi Shopping District'),
(2419, 'Motomachi Street'),
(2531, 'Mount Inasa'),
(2082, 'Mount Road'),
(4022, 'Mścibora'),
(3308, 'Mściwoja'),
(1097, 'Mt. Gay Road'),
(2715, 'Mudeungsan Mountain'),
(1199, 'Mulholland Drive'),
(2365, 'Mustaqillik Avenue'),
(2979, 'Musy Dzhalil Street'),
(2180, 'MVP Colony'),
(2233, 'Myeongdong Street'),
(1277, 'N. 1st Street'),
(165, 'Na Příkopě'),
(3715, 'Na Wzgórzu'),
(1246, 'Nacogdoches Road'),
(2186, 'Nad Junction'),
(4114, 'Nadbrzeżna'),
(4322, 'Nadbużańska'),
(2287, 'Nadia Street'),
(4228, 'Nadmorska'),
(3342, 'Nadnotecka'),
(4004, 'Nadwiślańska'),
(2535, 'Nagasaki Atomic Bomb Museum'),
(2530, 'Nagasaki Chinatown'),
(2534, 'Nagasaki Museum of History and Culture'),
(2528, 'Nagasaki Peace Park'),
(2532, 'Nagasaki Station'),
(2460, 'Nagoya Castle'),
(2466, 'Nagoya City Science Museum'),
(2457, 'Nagoya Station'),
(358, 'Nagymező utca'),
(2421, 'Naka Ward'),
(2440, 'Nakasu District'),
(3001, 'Nakhichevansky Lane'),
(2399, 'Namba Parks'),
(2403, 'Namba Walk'),
(2238, 'Namdaemun Market'),
(154, 'Náměstí Republiky'),
(421, 'Námestie SNP'),
(2696, 'Namgang River'),
(2621, 'Namgu District'),
(2105, 'Nampally'),
(2574, 'Nampo-dong'),
(1893, 'Nanjing Road'),
(2448, 'Nankinmachi (Chinatown)'),
(1917, 'Nanshan Boulevard'),
(2503, 'Nara National Museum'),
(2497, 'Nara Park'),
(2500, 'Naramachi'),
(2506, 'Naramachi Museum'),
(3681, 'Naramowicka'),
(2122, 'Nariman Point'),
(351, 'Národní'),
(387, 'Narva maantee'),
(331, 'Nassau Street'),
(818, 'Nationalist Road'),
(2155, 'Nawabganj'),
(2348, 'Nazarbayev Avenue'),
(2292, 'Nazimabad'),
(2340, 'Neftchilar Avenue'),
(823, 'Nelson Mandela Avenue'),
(713, 'Nelson Mandela Boulevard'),
(858, 'Nelson Mandela Drive'),
(1070, 'Nelson Street'),
(447, 'Nemanjina'),
(2933, 'Nevsky Prospect'),
(153, 'Nevsky Prospekt'),
(1485, 'New Gower Street'),
(1356, 'New Hampshire Avenue'),
(1293, 'New Kings Road'),
(1115, 'New Kingston'),
(1046, 'Newgate Street'),
(710, 'Ngong Road'),
(2258, 'Nguyen Thi Minh Khai'),
(281, 'Niederdorfstrasse'),
(224, 'Nieuwendijk'),
(270, 'Nieuwezijds Voorburgwal'),
(2431, 'Nijo Market'),
(2414, 'Nijo Street'),
(479, 'Nikola Karev Boulevard'),
(188, 'Nikolaikirchhof'),
(194, 'Nikolskaya Street'),
(2515, 'Nishigawa Canal Park'),
(2334, 'Nizami Street'),
(2978, 'Nizhegorodskaya Street'),
(2970, 'Nizhnevolzhskaya Embankment'),
(2971, 'Nizhny Novgorod Stadium Road'),
(454, 'Njegoševa'),
(787, 'Nkrumah Road'),
(1292, 'Normandy Boulevard'),
(302, 'Norr Mälarstrand'),
(2034, 'North Avenue'),
(1357, 'North Capitol Street'),
(1322, 'North College Avenue'),
(2020, 'North Fourth Ring Road'),
(1311, 'North Fourth Street'),
(1326, 'North Graham Street'),
(1318, 'North Keystone Avenue'),
(1332, 'North Tryon Street'),
(2325, 'Northern Avenue'),
(1428, 'Notre Dame Avenue'),
(866, 'Notwane Road'),
(462, 'Novaka Miloševa'),
(2926, 'Novy Arbat Street'),
(3383, 'Nowa'),
(4329, 'Nowe Sioło'),
(2, 'Nowy Świat'),
(2313, 'Nugegoda'),
(2083, 'Nungambakkam High Road'),
(315, 'Nørrebrogade'),
(219, 'O\'Connell Street'),
(1336, 'Oak Street'),
(654, 'Obala Kulina bana'),
(415, 'Obchodná ulica'),
(3356, 'Obornicka'),
(3679, 'Oboźna'),
(4115, 'Obozowa'),
(4328, 'Obrońców'),
(4017, 'Obrońców Krzyża'),
(4218, 'Obrońców Westerplatte'),
(2708, 'Odongdo Island'),
(2427, 'Odori Park'),
(3388, 'Odrzańska'),
(31, 'Ogińskiego'),
(3337, 'Ogrodowa'),
(771, 'Ohio Street'),
(2441, 'Ohori Park'),
(2552, 'Oita Castle'),
(2551, 'Oita City Art Museum'),
(2549, 'Oita Marine Palace'),
(2553, 'Oita Station'),
(702, 'Ojuelegba Road'),
(2685, 'Ojukheon House'),
(2508, 'Okayama Castle'),
(2514, 'Okayama City Museum'),
(2516, 'Okayama Genichiro-Inokuma Museum of Contemporary Art'),
(2507, 'Okayama Korakuen Garden'),
(2512, 'Okayama Station'),
(2468, 'Okonomimura'),
(3682, 'Okopowa'),
(2602, 'Oksan Seowon'),
(2995, 'Oktabrskaya Street'),
(3020, 'Oktyabrskaya Street'),
(2079, 'Old Airport Road'),
(790, 'Old Port Bell Road'),
(1076, 'Old Street'),
(2366, 'Oliy Majlis Avenue'),
(3999, 'Olszańska'),
(3727, 'Olszewskiego'),
(4318, 'Olsztyńska'),
(2088, 'Omandurar Government Estate'),
(2639, 'Omokdae and Imokdae'),
(2226, 'Omotesando'),
(2393, 'Omotesando Avenue'),
(19, 'Opolska'),
(2405, 'Osaka Castle Park'),
(2483, 'Osaki Hachiman Shrine'),
(1429, 'Osborne Street'),
(3347, 'Osiedlowa'),
(3686, 'Ostrobramska'),
(2989, 'Ostrova Street'),
(2459, 'Osu Shopping District'),
(166, 'Oudezijds Voorburgwal'),
(2533, 'Oura Cathedral'),
(722, 'Oxford Road'),
(138, 'Oxford Street'),
(2558, 'Oya History Museum'),
(2562, 'Oya Stone Museum'),
(2566, 'Oya Temple'),
(410, 'Ozo gatvė'),
(698, 'Ozumba Mbadiwe Avenue'),
(4021, 'Pachnąca'),
(1388, 'Pacific Boulevard'),
(1201, 'Pacific Coast Highway'),
(1250, 'Pacific Highway'),
(1096, 'Paddock Road'),
(2058, 'Paharganj'),
(2249, 'Pahonyothin Road'),
(2142, 'Pal Road'),
(2934, 'Palace Square'),
(2628, 'Paldalmun Gate'),
(2323, 'Paliashvili Street'),
(1098, 'Palmiste Road'),
(442, 'Palmotićeva ulica'),
(4010, 'Pana Tadeusza'),
(1469, 'Pandora Avenue'),
(339, 'Panepistimiou Street'),
(422, 'Panská ulica'),
(1051, 'Parham Road'),
(1187, 'Park Avenue'),
(251, 'Park Lane'),
(2091, 'Park Street'),
(1527, 'Parkcrest Avenue'),
(3320, 'Parkowa'),
(1287, 'Parmer Lane'),
(334, 'Parnell Street'),
(386, 'Pärnu maantee'),
(475, 'Partizanski Odredi Boulevard'),
(169, 'Paseo de la Castellana'),
(1713, 'Paseo de la Reforma'),
(1719, 'Paseo de la Reforma Sur'),
(180, 'Passeig de Gràcia'),
(2127, 'Patanwala Park'),
(2199, 'Patia'),
(344, 'Patision Street'),
(373, 'Patriarch Evtimii Boulevard'),
(220, 'Patrick Street'),
(333, 'Pearse Street'),
(2070, 'Peddar Road'),
(1432, 'Pembina Highway'),
(2183, 'Pendurthi'),
(1351, 'Pennsylvania Avenue'),
(1245, 'Perrin Beitel Road'),
(3038, 'Pervomaiskaya Street'),
(3024, 'Pervomayskaya Street'),
(2940, 'Peter and Paul Fortress Street'),
(167, 'Petřínská'),
(2190, 'Pettah'),
(2255, 'Pham Ngu Lao Street'),
(1150, 'Philipsburg Boulevard'),
(2250, 'Phra Athit Road'),
(3712, 'Piaskowa'),
(29, 'Piastowska'),
(3731, 'Piaszczysta'),
(642, 'Piazza della Libertà'),
(221, 'Piazza Navona'),
(650, 'Piazza San Pietro'),
(186, 'Piccadilly'),
(3378, 'Pięciomorgowa'),
(1161, 'Pigeon Point Road'),
(4001, 'Pijarska'),
(1342, 'Pike Street'),
(163, 'Pikk jalg'),
(2116, 'Pimple Saudagar'),
(1234, 'Pine Street'),
(1966, 'Pingjiang Road'),
(1123, 'Pinney\'s Beach Road'),
(16, 'Piotrkowska'),
(2176, 'Pipla'),
(2207, 'Pipliyahana'),
(4222, 'Piwna'),
(3655, 'Piłsudskiego'),
(5, 'Plac Defilad'),
(155, 'Plac Grzybowski'),
(244, 'Place de la Concorde'),
(1155, 'Pleasant Prospect Road'),
(3017, 'Ploshchad’ Lenina'),
(2975, 'Pobedy Avenue'),
(2273, 'Poblacion'),
(3995, 'Podgórska'),
(3345, 'Podlaska'),
(4324, 'Podleśna'),
(4321, 'Pogodna'),
(2664, 'Pohang Beach'),
(2663, 'Pohang Canal'),
(2672, 'Pohang Hanok Village'),
(2670, 'Pohang Jukdo Port'),
(2669, 'Pohang Museum of Steel Art'),
(2665, 'Pohang Steelworks'),
(322, 'Pohjoisesplanadi'),
(3310, 'Polan'),
(3658, 'Politechniki'),
(4219, 'Polska'),
(3374, 'Pomorska'),
(4317, 'Poniatowskiego'),
(2410, 'Pontocho Alley'),
(2085, 'Poonamallee High Road'),
(3707, 'Poprzeczna'),
(1427, 'Portage Avenue'),
(1488, 'Portugal Cove Road'),
(3362, 'Porzeczkowa'),
(346, 'Poseidonos Avenue'),
(571, 'Poststrasse'),
(1337, 'Powell Street'),
(4216, 'Powiśle'),
(10, 'Powstańców Śląskich'),
(3348, 'Poziomkowa'),
(3335, 'Północna'),
(3336, 'Południowa'),
(3992, 'Prądnik Czerwony'),
(614, 'Praspiekt Francyska Skaryny'),
(613, 'Praspiekt Niezaliežnasci'),
(862, 'President\'s Drive'),
(720, 'Pretoria Street'),
(1416, 'Prince of Wales Drive'),
(161, 'Prins Hendrikkade'),
(225, 'Prinsengracht'),
(3021, 'Proletarskaya Street'),
(183, 'Promenade des Anglais'),
(2966, 'Prospekt Gagarina'),
(2984, 'Prospekt Karla Marksa'),
(2954, 'Prospekt Lenina'),
(3028, 'Prospekt Stroiteley'),
(3699, 'Pruszkowska'),
(4124, 'Przestrzenna'),
(4429, 'Przyjaźni'),
(4331, 'Przyjemna'),
(4122, 'Przytulna'),
(3720, 'Pszczelińska'),
(1899, 'Pudong Avenue'),
(1212, 'Pulaski Road'),
(2143, 'Puna Gam'),
(2974, 'Pushkin Street'),
(3045, 'Pushkina Street'),
(8, 'Puławska'),
(407, 'Pylimo gatvė'),
(3706, 'Płocka'),
(1885, 'Qianmen Street'),
(1944, 'Qianwang Road'),
(1946, 'Qingchun Road'),
(2018, 'Qingdao Road'),
(1998, 'Qingfeng Road'),
(1976, 'Qingnian Road'),
(1926, 'Qingyang Road'),
(1044, 'Queen Elizabeth Highway'),
(1035, 'Queen Street'),
(1374, 'Queen Street West'),
(861, 'Queens Road'),
(2272, 'Quezon Avenue'),
(2269, 'Quiapo'),
(1461, 'Quinpool Road'),
(1236, 'Race Street'),
(317, 'Rådhuspladsen'),
(423, 'Radlinského ulica'),
(438, 'Radnička cesta'),
(658, 'Radnička ulica'),
(1345, 'Rainier Avenue'),
(2089, 'Raja Annamalai Road'),
(2095, 'Rajabazar'),
(2165, 'Rajajipuram'),
(2203, 'Rajmahal Square'),
(2054, 'Rajpath'),
(354, 'Rákóczi út'),
(2253, 'Rama IV Road'),
(192, 'Rambla de Catalunya'),
(213, 'Rambla Nova'),
(1210, 'Randolph Street'),
(748, 'Ras Mekonnen Street'),
(2248, 'Ratchada Road'),
(171, 'Rathausplatz'),
(236, 'Rathausstraße'),
(2206, 'Rau'),
(392, 'Rävala puiestee'),
(2944, 'Red Avenue'),
(2422, 'Red Brick Warehouse'),
(1113, 'Red Hills Road'),
(249, 'Regent Street'),
(1924, 'Renmin Road'),
(280, 'Rennweg'),
(448, 'Resavska'),
(1214, 'Richmond Avenue'),
(1137, 'Richmond Hill Road'),
(1513, 'Richter Street'),
(1409, 'Rideau Street'),
(1238, 'Ridge Avenue'),
(2140, 'Ring Road'),
(725, 'Ring Road Central'),
(894, 'Ring Road East'),
(150, 'Ringstraße'),
(2517, 'Ritsurin Garden'),
(1247, 'Rittiman Road'),
(1285, 'Riverside Drive'),
(850, 'Robert Mugabe Avenue'),
(822, 'Robert Mugabe Road'),
(1458, 'Robie Street'),
(1381, 'Robson Street'),
(1196, 'Rodeo Drive'),
(210, 'Rogierlaan'),
(2453, 'Rokkosan Road'),
(33, 'Rokosza'),
(3660, 'Rondo Daszyńskiego'),
(4027, 'Rondo Grunwaldzkie'),
(3659, 'Rondo ONZ'),
(4523, 'Rondo Powstańców Śląskich'),
(1208, 'Roosevelt Road'),
(2231, 'Roppongi Hills'),
(2394, 'Roppongi Street'),
(1496, 'Rose Street'),
(1077, 'Roseau Valley Road'),
(3003, 'Rostov Embankment'),
(293, 'Rotenturmstraße'),
(2265, 'Roxas Boulevard'),
(1266, 'Royal Lane'),
(2086, 'Royapettah'),
(3338, 'Różana'),
(3366, 'Róży'),
(469, 'Rruga Abdi Toptani'),
(623, 'Rruga Agim Ramadani'),
(471, 'Rruga Ali Demi'),
(627, 'Rruga B'),
(473, 'Rruga Bardhok Biba'),
(467, 'Rruga Barrikadave'),
(628, 'Rruga Bill Clinton'),
(464, 'Rruga e Durrësit'),
(466, 'Rruga e Kavajës'),
(629, 'Rruga Fehmi Agani'),
(625, 'Rruga Garibaldi'),
(468, 'Rruga Ismail Qemali'),
(624, 'Rruga Luan Haradinaj'),
(632, 'Rruga Mehmet Gradica'),
(465, 'Rruga Myslym Shyri'),
(472, 'Rruga Pjetër Bogdani'),
(630, 'Rruga Rexhep Luci'),
(631, 'Rruga Tringë Smajli'),
(626, 'Rruga UÇK'),
(470, 'Rruga Vasil Shanto'),
(3231, 'Rua 24'),
(3166, 'Rua 24 Horas');
INSERT INTO `streets` (`ID`, `STREET`) VALUES
(3113, 'Rua 25 de Março'),
(3223, 'Rua 44'),
(3227, 'Rua 74'),
(3229, 'Rua 82'),
(755, 'Rua Amílcar Cabral'),
(3155, 'Rua Ana Bilhar'),
(257, 'Rua Augusta'),
(3243, 'Rua Coelho Rodrigues'),
(930, 'Rua da Alfândega'),
(3182, 'Rua da Aurora'),
(3157, 'Rua da Bahia'),
(924, 'Rua da Consolação'),
(3125, 'Rua da Glória'),
(760, 'Rua da Missão'),
(3233, 'Rua da Orla'),
(3225, 'Rua da Paz'),
(3145, 'Rua da Piedade'),
(3121, 'Rua da Praia'),
(3200, 'Rua da Praia de Ponta Negra'),
(3261, 'Rua da Praia do Canto'),
(3216, 'Rua da Saudade'),
(884, 'Rua da Sé'),
(265, 'Rua das Flores'),
(3123, 'Rua das Laranjeiras'),
(3185, 'Rua das Ninfas'),
(3212, 'Rua das Palmeiras'),
(262, 'Rua de Belém'),
(757, 'Rua de Benguela'),
(260, 'Rua de Santa Catarina'),
(261, 'Rua de São Bento'),
(3245, 'Rua de São José'),
(3210, 'Rua de São Pantaleão'),
(3150, 'Rua de São Paulo'),
(3189, 'Rua de São Pedro'),
(3140, 'Rua Direita da Piedade'),
(3184, 'Rua do Apolo'),
(885, 'Rua do Bagamoyo'),
(3141, 'Rua do Bom Jesus'),
(928, 'Rua do Catete'),
(3235, 'Rua do Comércio'),
(3214, 'Rua do Egito'),
(3202, 'Rua do Mangue'),
(259, 'Rua do Ouro'),
(3120, 'Rua do Ouvidor'),
(3237, 'Rua do Parque'),
(3208, 'Rua do Passeio'),
(3266, 'Rua do Porto'),
(3257, 'Rua do Rádio'),
(3251, 'Rua do Santíssimo'),
(3142, 'Rua do Sodré'),
(3187, 'Rua do Sol'),
(3193, 'Rua dos Andradas'),
(263, 'Rua dos Anjos'),
(3118, 'Rua dos Bandeirantes'),
(3173, 'Rua dos Barés'),
(3205, 'Rua dos Caicós'),
(3195, 'Rua dos Caldeireiros'),
(3160, 'Rua dos Carijós'),
(3272, 'Rua dos Correntistas'),
(3198, 'Rua dos Eucaliptos'),
(3197, 'Rua dos Navegantes'),
(3241, 'Rua dos Palmares'),
(3259, 'Rua dos Pioneiros'),
(3116, 'Rua dos Três Irmãos'),
(3127, 'Rua dos Três Rios'),
(3163, 'Rua dos Tupinambás'),
(3176, 'Rua Doutor Moreira'),
(3175, 'Rua Epaminondas'),
(3161, 'Rua Espírito Santo'),
(3179, 'Rua Ferreira Pena'),
(3268, 'Rua Floriano Peixoto'),
(258, 'Rua Garrett'),
(3171, 'Rua General Carneiro'),
(3168, 'Rua João Negrão'),
(3148, 'Rua João Pessoa'),
(3270, 'Rua Joaquim Macedo'),
(3255, 'Rua Joaquim Murtinho'),
(3178, 'Rua Joaquim Nabuco'),
(3264, 'Rua José Alexandre'),
(3253, 'Rua José Antônio'),
(3203, 'Rua José de Alencar'),
(3239, 'Rua Lamenha Lins'),
(3276, 'Rua Manoel de Almeida'),
(3218, 'Rua Marechal Rondon'),
(756, 'Rua Ngola Kiluanje'),
(3170, 'Rua Nilo Peçanha'),
(3249, 'Rua Noé Mendes'),
(3274, 'Rua Presidente Vargas'),
(753, 'Rua Rainha Ginga'),
(761, 'Rua Salvador Correia'),
(3247, 'Rua Santa Teresinha'),
(932, 'Rua São Bento'),
(3221, 'Rua São Cristóvão'),
(3158, 'Rua São Paulo'),
(3153, 'Rua Senador Alvaro Dias'),
(3169, 'Rua Visconde de Guarapuava'),
(3124, 'Rua Visconde de Pirajá'),
(926, 'Rua XV de Novembro'),
(800, 'Rue Abane Ramdane'),
(741, 'Rue Abou Baker Seddik'),
(580, 'Rue Aldringen'),
(802, 'Rue Ali Boumendjel'),
(844, 'Rue Andrianampoinimerina'),
(775, 'Rue Carnot'),
(900, 'Rue Charles de Gaulle'),
(899, 'Rue d\'Espagne'),
(902, 'Rue de Carthage'),
(870, 'Rue de Kigali'),
(876, 'Rue de Kimihurura'),
(576, 'Rue de l\'Eau'),
(1101, 'Rue de l\'Église'),
(1105, 'Rue de l\'Hospital'),
(875, 'Rue de l\'Université'),
(1440, 'Rue de la Couronne'),
(1102, 'Rue de la Découverte'),
(170, 'Rue de la Loi'),
(179, 'Rue de la Paix'),
(1100, 'Rue de la Réunion'),
(896, 'Rue de Marseille'),
(872, 'Rue de Nyarutarama'),
(734, 'Rue de Paris'),
(139, 'Rue de Rivoli'),
(897, 'Rue de Rome'),
(779, 'Rue de Thiong'),
(273, 'Rue des Bouchers'),
(577, 'Rue des Capucins'),
(810, 'Rue des Grands Lacs'),
(805, 'Rue des Jardins'),
(869, 'Rue des Parcs'),
(599, 'Rue des Princes'),
(1442, 'Rue des Remparts'),
(793, 'Rue Didouche Mourad'),
(808, 'Rue du Commerce'),
(848, 'Rue du Docteur Joseph Raseta'),
(199, 'Rue du Faubourg Saint-Honoré'),
(1438, 'Rue du Fort'),
(582, 'Rue du Fossé'),
(275, 'Rue du Midi'),
(871, 'Rue du Mont Kigali'),
(600, 'Rue du Portier'),
(211, 'Rue d’Antibes'),
(847, 'Rue Foch'),
(595, 'Rue Grimaldi'),
(798, 'Rue Hassiba Ben Bouali'),
(742, 'Rue Ibn Rochd'),
(774, 'Rue Jules Ferry'),
(794, 'Rue Larbi Ben M\'hidi'),
(159, 'Rue Neuve'),
(581, 'Rue Notre-Dame'),
(806, 'Rue Paul Langevin'),
(575, 'Rue Philippe II'),
(845, 'Rue Rainilaiarivony'),
(843, 'Rue Ramanankavana'),
(849, 'Rue Ratsimilaho'),
(841, 'Rue Ravoninahitriniarivo'),
(842, 'Rue Razanakombana'),
(242, 'Rue Saint-Honoré'),
(1437, 'Rue Saint-Jean'),
(1443, 'Rue Saint-Louis'),
(1444, 'Rue Sainte-Anne'),
(1394, 'Rue Sainte-Catherine'),
(782, 'Rue Sandinier'),
(901, 'Rue Sidi Bou Saïd'),
(1104, 'Rue St. Louis'),
(738, 'Rue Yougoslavie'),
(1982, 'Ruiyang Road'),
(325, 'Runeberginkatu'),
(2314, 'Rustaveli Avenue'),
(209, 'Rüütli'),
(2001, 'Ruzhou Road'),
(3359, 'Rynkowska'),
(24, 'Rzeźnicza'),
(2362, 'S. Tashkent Street'),
(2120, 'S.G. Highway'),
(377, 'Saborna Street'),
(2173, 'Sadar'),
(2291, 'Saddar'),
(2936, 'Sadovaya Street'),
(2927, 'Sadovoye Koltso'),
(3329, 'Sadowa'),
(1523, 'Sahali Terrace'),
(2200, 'Saheed Nagar'),
(2343, 'Sahil Park'),
(2556, 'Saiki'),
(1389, 'Saint Catherine Street'),
(1390, 'Saint Laurent Boulevard'),
(2458, 'Sakae District'),
(394, 'Sakala tänav'),
(2492, 'Sakura-no-baba Josaien'),
(2423, 'Sakuragicho'),
(2100, 'Salt Lake'),
(414, 'Saltoniškių gatvė'),
(851, 'Sam Nujoma Drive'),
(2369, 'Samarqand Darvoza Street'),
(763, 'Samora Avenue'),
(821, 'Samora Machel Avenue'),
(2626, 'Samsung Innovation Museum'),
(1242, 'San Pedro Avenue'),
(1094, 'Sandy Lane'),
(2712, 'Sangju Beach'),
(2411, 'Sanjo Dori'),
(1886, 'Sanlitun Road'),
(2450, 'Sannomiya Station'),
(1269, 'Santa Clara Street'),
(1197, 'Santa Monica Boulevard'),
(2430, 'Sapporo Clock Tower'),
(2435, 'Sapporo Dome Road'),
(657, 'Sarajevska ulica'),
(2099, 'Sarat Bose Road'),
(2130, 'Sardar Patel Marg'),
(1435, 'Sargent Avenue'),
(2504, 'Sarushima'),
(2329, 'Saryan Street'),
(2538, 'Sasebo Bay'),
(2539, 'Sasebo Park'),
(2543, 'Sasebo Station'),
(3677, 'Saska Kępa'),
(2251, 'Sathorn Road'),
(2252, 'Sathorn Unique Tower'),
(1039, 'Savannah Road'),
(437, 'Savska cesta'),
(1306, 'Sawmill Road'),
(2326, 'Sayat Nova Avenue'),
(1153, 'Scarborough Main Road'),
(567, 'Schaanerstrasse'),
(290, 'Schottengasse'),
(3136, 'SCLLN 215'),
(3133, 'SCLRN 716'),
(2104, 'Secunderabad'),
(284, 'Seefeldstrasse'),
(2182, 'Seethammadhara'),
(3007, 'Semashko Street'),
(2486, 'Sendai City War Reconstruction Memorial Hall'),
(2478, 'Sendai Station'),
(2482, 'Sendai Umino-Mori Aquarium'),
(2577, 'Seomyeon'),
(2599, 'Seongdong Bridge'),
(2647, 'Seongjigok Park'),
(2618, 'Seongnam Lake'),
(2655, 'Seongsan Ilchulbong'),
(2649, 'Seongsan Sunrise Park'),
(2241, 'Seoul Station Road'),
(1200, 'Sepulveda Boulevard'),
(1403, 'Shaganappi Trail'),
(2294, 'Shahbagh'),
(2285, 'Shahrah-e-Faisal'),
(2371, 'Shahrisabz Street'),
(2109, 'Shamshabad'),
(1941, 'Shangtang Road'),
(1902, 'Shangxiajiu Pedestrian Street'),
(2172, 'Shankar Nagar'),
(2189, 'Shanmugham Road'),
(1967, 'Shantang Street'),
(1906, 'Shanwei Road'),
(690, 'Sharia Al Haram'),
(683, 'Sharia Al-Azhar'),
(684, 'Sharia Al-Muizz Li-Din Allah'),
(689, 'Sharia Giza'),
(691, 'Sharia Mohamed Mahmoud'),
(692, 'Sharia Qasr Al-Aini'),
(688, 'Sharia Ramsis'),
(685, 'Sharia Salah Salem'),
(687, 'Sharia Tahrir'),
(2153, 'Shastri Nagar'),
(2956, 'Shcherbakova Street'),
(1473, 'Shelbourne Street'),
(1321, 'Shelby Street'),
(1990, 'Shengli Road'),
(1913, 'Shennan Boulevard'),
(1216, 'Shepherd Drive'),
(1391, 'Sherbrooke Street'),
(2223, 'Shibuya Crossing'),
(1978, 'Shijingshan Road'),
(2407, 'Shijo Dori'),
(2524, 'Shikoku Mura'),
(2494, 'Shimada Museum of Arts'),
(2546, 'Shimanose Park'),
(2488, 'Shimotori'),
(2426, 'Shin-Yokohama Station Road'),
(2228, 'Shinjuku Avenue'),
(2398, 'Shinsaibashi Shopping Arcade'),
(2564, 'Shinshuu Utsunomiya'),
(2525, 'Shionoe'),
(1973, 'Shiquan Street'),
(1061, 'Shirley Street'),
(3034, 'Shirokaya Street'),
(2511, 'Shiroshita Street'),
(2463, 'Shirotori Garden'),
(1154, 'Shirvan Road'),
(3135, 'SHIS QL 10'),
(1974, 'Shizilin Road'),
(3012, 'Shmidt Street'),
(2373, 'Shokhrukh Street'),
(2998, 'Sholokhov Boulevard'),
(2320, 'Shota Rustaveli Avenue'),
(1956, 'Shouyi Road'),
(3131, 'SHS Quadra 6'),
(1922, 'Shuanglin Road'),
(2469, 'Shukkeien Garden'),
(2098, 'Shyambazar'),
(2976, 'Sibgat Hakim Street'),
(2951, 'Sibirskaya Street'),
(4327, 'Siedlecka'),
(3728, 'Siedmiomorgowa'),
(3377, 'Sienkiewicza'),
(3672, 'Sienna'),
(1487, 'Signal Hill Road'),
(2246, 'Silom Road'),
(2003, 'Siming South Road'),
(827, 'Simon Muzenda Street'),
(1142, 'Simpson Bay Road'),
(2135, 'Sindhi Camp'),
(1048, 'Sir George Walter Highway'),
(1060, 'Sir Milo Butler Highway'),
(1050, 'Sir Vivian Richards Stadium Road'),
(215, 'Široká ulica'),
(2168, 'Sitabuldi'),
(1964, 'Sizhu Road'),
(3385, 'Skarżyńska'),
(303, 'Skeppsbron'),
(196, 'Skólavörðustígur'),
(218, 'Slottsgatan'),
(427, 'Slovenska cesta'),
(3676, 'Smolna'),
(385, 'Snorrabraut'),
(3698, 'Sobieskiego'),
(764, 'Sokoine Drive'),
(2999, 'Sokolova Street'),
(1413, 'Somerset Street'),
(2582, 'Songdo Beach'),
(2583, 'Songdo International Business District'),
(2692, 'Songjeong Beach'),
(2591, 'Sorae Port'),
(2965, 'Sormovskaya Street'),
(361, 'Șoseaua Kiseleff'),
(3717, 'Sosnowa'),
(1499, 'South Albert Street'),
(2033, 'South Avenue'),
(1325, 'South Boulevard'),
(1278, 'South Congress Avenue'),
(1319, 'South Emerson Avenue'),
(1312, 'South Fifth Street'),
(1346, 'South Lake Union'),
(2022, 'South Third Ring Road'),
(1330, 'South Tryon Street'),
(1229, 'Southern Avenue'),
(1290, 'Southside Boulevard'),
(1221, 'Southwest Freeway'),
(3044, 'Sovetskaya Embankment'),
(2987, 'Sovetskaya Street'),
(3325, 'Spacerowa'),
(1379, 'Spadina Avenue'),
(1482, 'Spadina Crescent'),
(1518, 'Spall Road'),
(1116, 'Spanish Town Road'),
(3137, 'SPLMN 711'),
(1455, 'Spring Garden Road'),
(1064, 'Spry Street'),
(271, 'Spuistraat'),
(3130, 'SQS 104'),
(1121, 'St. Johnson Avenue'),
(1415, 'St. Laurent Boulevard'),
(1433, 'St. Mary\'s Road'),
(1037, 'St. Vincent Street'),
(338, 'Stadiou Street'),
(569, 'Städtle'),
(1504, 'Stafford Drive'),
(4330, 'Stara'),
(4220, 'Stara Rzeka'),
(3688, 'Stare Miasto'),
(4111, 'Starego Miasta'),
(432, 'Stari trg'),
(3386, 'Staropolska'),
(3307, 'Stary Rynek'),
(1204, 'State Street'),
(3667, 'Stawki'),
(3736, 'Stawna'),
(416, 'Štefánikova ulica'),
(289, 'Stephansplatz'),
(1398, 'Stephen Avenue'),
(336, 'Stephen\'s Green'),
(1421, 'Stony Plain Road'),
(1157, 'Store Bay Local Road'),
(301, 'Storgatan'),
(604, 'Strada 31 August 1989'),
(610, 'Strada Albișoara'),
(608, 'Strada Alexandru cel Bun'),
(612, 'Strada Armenească'),
(605, 'Strada București'),
(611, 'Strada Columna'),
(365, 'Strada George Enescu'),
(606, 'Strada Ismail'),
(203, 'Strada Lipscani'),
(609, 'Strada Mihai Eminescu'),
(603, 'Strada Ștefan cel Mare'),
(364, 'Strada Știrbei Vodă'),
(607, 'Strada Vasile Alecsandri'),
(3987, 'Stradomska'),
(3312, 'Strzeszyńska'),
(144, 'Strøget'),
(318, 'Studiestræde'),
(433, 'Šubičeva ulica'),
(2491, 'Suizenji Jojuen Garden'),
(2209, 'Sukhliya'),
(2245, 'Sukhumvit Road'),
(1194, 'Sunset Boulevard'),
(1198, 'Sunset Plaza Drive'),
(2148, 'Surat-Dumas Road'),
(2428, 'Susukino District'),
(2624, 'Suwon City Hall'),
(2623, 'Suwon Hwaseong Fortress'),
(2631, 'Suwon Myeongdong'),
(2625, 'Suwon Station'),
(2629, 'Suwon World Cup Stadium'),
(2630, 'Suwoncheon Stream'),
(300, 'Sveavägen'),
(2962, 'Sverdlova Street'),
(478, 'Sveti Kliment Ohridski Boulevard'),
(3008, 'Svetlanskaya Embankment'),
(3010, 'Svetlanskaya Square'),
(3004, 'Svetlanskaya Street'),
(3041, 'Svetlaya Street'),
(457, 'Svetog Save'),
(409, 'Švitrigailos gatvė'),
(28, 'Św. Antoniego'),
(2157, 'Swaroop Nagar'),
(3740, 'Świetlista'),
(3355, 'Świętojańska'),
(6, 'Świętokrzyska'),
(3394, 'Świeżości'),
(2688, 'Syeongyojang House'),
(343, 'Syngrou Avenue'),
(3691, 'Szafrańska'),
(3709, 'Szarotka'),
(3372, 'Szarych Szeregów'),
(15, 'Szczecińska'),
(4106, 'Szczęśliwa'),
(355, 'Széchenyi István tér'),
(21, 'Szeroka'),
(3368, 'Szkolna'),
(3738, 'Szybka'),
(3318, 'Słoneczna'),
(3732, 'Słowackiego'),
(3357, 'Słowiańska'),
(2084, 'T. Nagar'),
(1124, 'Tabernacle Street'),
(2319, 'Tabidze Street'),
(4020, 'Tadeusza Kościuszki'),
(2619, 'Taehwa River'),
(2581, 'Taejongdae Resort Park'),
(1933, 'Taibai Road'),
(2518, 'Takamatsu Castle'),
(2526, 'Takamatsu Station'),
(453, 'Takovska ulica'),
(286, 'Talstrasse'),
(2521, 'Tamamo Park'),
(1258, 'Tamarack Avenue'),
(1038, 'Tamarind Avenue'),
(2429, 'Tanukikoji Shopping Arcade'),
(1918, 'Taoyuan Road'),
(4430, 'Targowa'),
(388, 'Tartu maantee'),
(2958, 'Tatischev Street'),
(3343, 'Tatrzańska'),
(2352, 'Tattimbet Street'),
(1257, 'Taylorsville Drive'),
(2337, 'Tbilisi Avenue'),
(2996, 'Teatralnaya Street'),
(3380, 'Tęczowa'),
(2662, 'Teddy Bear Museum'),
(2301, 'Tejgaon'),
(2437, 'Tenjin Street'),
(2402, 'Tenjinbashi-suji Shopping Street'),
(2542, 'Tenkaiho Park'),
(445, 'Terazije'),
(399, 'Tērbatas iela'),
(3700, 'Terenowa'),
(253, 'The Strand'),
(309, 'Thereses gate'),
(709, 'Thika Superhighway'),
(1225, 'Thomas Road'),
(1928, 'Tianfu Square'),
(1903, 'Tianhe Road'),
(1980, 'Tianjin Avenue'),
(1953, 'Tianjin Road'),
(1940, 'Tianmushan Road'),
(2017, 'Tianqiao Road'),
(2331, 'Tigran Mets Avenue'),
(1188, 'Times Square'),
(660, 'Titova ulica'),
(435, 'Tkalčićeva ulica'),
(865, 'Tlokweng Road'),
(2559, 'Tochigi Prefectural Museum'),
(2498, 'Todai-ji Temple'),
(3022, 'Tolstogo Street'),
(704, 'Tom Mboya Street'),
(2133, 'Tonk Road'),
(3990, 'Topolowa'),
(1489, 'Torbay Road'),
(304, 'Torggata'),
(14, 'Toruńska'),
(255, 'Tottenham Court Road'),
(2256, 'Trang Tien Street'),
(1521, 'Trans-Canada Highway'),
(1140, 'Treetops Road'),
(1262, 'Trinity Mills Road'),
(588, 'Triq il-Merkanti'),
(591, 'Triq il-Miratur'),
(583, 'Triq ir-Repubblika'),
(586, 'Triq l-Ordinanza'),
(587, 'Triq Melita'),
(590, 'Triq San Gwann'),
(584, 'Triq San Pawl'),
(589, 'Triq Sant Anna'),
(585, 'Triq Santa Lucija'),
(592, 'Triq Santa Marija'),
(424, 'Tromostovje'),
(426, 'Trubarjeva cesta'),
(382, 'Tryggvagata'),
(1323, 'Tryon Street'),
(369, 'Tsarigradsko Shose'),
(2988, 'Tsentralnaya Street'),
(2462, 'Tsuruma Park'),
(2554, 'Tsurumi River'),
(292, 'Tuchlauben'),
(1270, 'Tully Road'),
(2924, 'Tverskaya Street'),
(27, 'Twarda'),
(2232, 'Ueno Park'),
(2395, 'Ueno Park Avenue'),
(707, 'Uhuru Highway'),
(769, 'Uhuru Street'),
(460, 'Ulica Slobode'),
(307, 'Ullevålsveien'),
(2622, 'Ulsan Cultural Center'),
(2613, 'Ulsan Grand Park'),
(2620, 'Ulsan Munsu Football Stadium'),
(2617, 'Ulsan Museum'),
(2076, 'Ulsoor Road'),
(2400, 'Umeda Sky Building'),
(1341, 'Union Street'),
(328, 'Unioninkatu'),
(2198, 'Unit II'),
(1252, 'University Avenue'),
(1291, 'University Boulevard'),
(1299, 'University Drive'),
(135, 'Unter den Linden'),
(1448, 'Upper James Street'),
(2536, 'Urakami Cathedral'),
(2961, 'Uralmash Street'),
(2561, 'Utsunomiya Castle Ruins'),
(2560, 'Utsunomiya Central Park'),
(2557, 'Utsunomiya Station'),
(2563, 'Utsunomiya Tower'),
(2303, 'Uttara'),
(2372, 'Uzbekistan Avenue'),
(207, 'Váci út'),
(147, 'Váci utca'),
(347, 'Václavské náměstí'),
(2137, 'Vaishali Nagar'),
(403, 'Valdemāra iela'),
(1338, 'Valencia Street'),
(712, 'Valley Road'),
(1224, 'Van Buren Street'),
(1339, 'Van Ness Avenue'),
(2204, 'Vani Vihar'),
(2328, 'Vardanants Street'),
(461, 'Vasa Raičkovića'),
(295, 'Vasagatan'),
(2212, 'Vasant Vihar'),
(482, 'Vasil Glavinov Street'),
(2939, 'Vasilievsky Island'),
(2128, 'Vastrapur Lake'),
(3033, 'Vatutina Street'),
(659, 'Velika aleja'),
(418, 'Ventúrska ulica'),
(2932, 'Vernadsky Avenue'),
(3035, 'Veselovka Street'),
(314, 'Vesterbrogade'),
(319, 'Vestergade'),
(383, 'Vesturgata'),
(2145, 'Vesu'),
(187, 'Via Appia'),
(639, 'Via Basilicius'),
(177, 'Via Condotti'),
(136, 'Via del Corso'),
(649, 'Via del Mascherino'),
(647, 'Via del Pellegrino'),
(191, 'Via della Conciliazione'),
(644, 'Via delle Fondamenta'),
(643, 'Via di Porta Angelica'),
(648, 'Via di San Pietro'),
(635, 'Via Donna Felicissima'),
(633, 'Via Eugippo'),
(190, 'Via Garibaldi'),
(637, 'Via Giacomini'),
(216, 'Via Laietana'),
(634, 'Via Paolo III'),
(638, 'Via Piana'),
(198, 'Via Roma'),
(645, 'Via Sant\'Anna'),
(245, 'Via Torino'),
(222, 'Via Tornabuoni'),
(178, 'Via Veneto'),
(214, 'Viale della Libertà'),
(149, 'Viale Monza'),
(646, 'Viale Vaticano'),
(1303, 'Vickery Boulevard'),
(1493, 'Victoria Avenue'),
(718, 'Victoria Road'),
(1074, 'Victoria Street'),
(2205, 'Vijay Nagar'),
(2211, 'Vijay Nagar Square'),
(269, 'Vijzelstraat'),
(2166, 'Vikrant Khand'),
(406, 'Vilniaus gatvė'),
(2117, 'Viman Nagar'),
(1358, 'Virginia Avenue'),
(391, 'Viru tänav'),
(368, 'Vitosha Boulevard'),
(3031, 'Vladimirskaya Street'),
(439, 'Vlaška ulica'),
(412, 'Vokiečių gatvė'),
(2945, 'Vokzalnaya Street'),
(3032, 'Volga Embankment'),
(3043, 'Volzhskaya Street'),
(716, 'Voortrekker Road'),
(3000, 'Voroshilov Avenue'),
(184, 'Vörösmarty tér'),
(1017, 'Vryheid Road'),
(441, 'Vukovarska ulica'),
(620, 'Vulica Internacyjanalnaja'),
(621, 'Vulica Jakuba Kolasa'),
(616, 'Vulica Karla Marksa'),
(619, 'Vulica Kazlova'),
(615, 'Vulica Lienina'),
(618, 'Vulica Niamiha'),
(617, 'Vulica Savieckaja'),
(622, 'Vulica Zaharova'),
(3030, 'Vysotskogo Street'),
(2953, 'Vysotsky Tower Street'),
(2192, 'Vyttila'),
(1205, 'Wacker Drive'),
(2177, 'Wadi'),
(3323, 'Wągrowiecka'),
(2118, 'Wakad'),
(1185, 'Wall Street'),
(1232, 'Walnut Street'),
(2181, 'Waltair Main Road'),
(2021, 'Wanda Plaza'),
(2668, 'Wangbangsan Park'),
(1883, 'Wangfujing Street'),
(3375, 'Warciańska'),
(3714, 'Warszawska'),
(3341, 'Warta'),
(3729, 'Warty'),
(1494, 'Wascana Drive'),
(1315, 'Washington Street'),
(1018, 'Water Street'),
(1129, 'Waterloo Road'),
(3989, 'Wawelska'),
(3752, 'Węgierska'),
(2309, 'Wellawatte'),
(1430, 'Wellington Crescent'),
(175, 'Wenceslas Square'),
(4320, 'Wesoła'),
(1317, 'West 10th Street'),
(1189, 'West 42nd Street'),
(1331, 'West 5th Street'),
(1279, 'West 6th Street'),
(1243, 'West Avenue'),
(1055, 'West Bay Street'),
(1383, 'West Georgia Street'),
(1938, 'West Lake Avenue'),
(1309, 'West Lane Avenue'),
(1301, 'West Loop 820'),
(1327, 'West Trade Street'),
(1995, 'West Zhengbian Road'),
(1033, 'Western Main Road'),
(1213, 'Westheimer Road'),
(1348, 'Westlake Avenue'),
(1526, 'Westsyde Road'),
(2078, 'Whitefield Main Road'),
(256, 'Whitehall'),
(1507, 'Whoop-Up Drive'),
(1418, 'Whyte Avenue'),
(3747, 'Wiatracznia'),
(3701, 'Wichrowa'),
(3360, 'Widokowa'),
(3353, 'Wiejska'),
(4123, 'Wielkopolska'),
(4334, 'Wierzbowa'),
(4019, 'Wietrzna'),
(3393, 'Wilanowska'),
(4016, 'Wilcza'),
(721, 'William Nicol Drive'),
(1195, 'Wilshire Boulevard'),
(1275, 'Winchester Boulevard'),
(1095, 'Windsor Road'),
(4013, 'Wiosenna'),
(1353, 'Wisconsin Avenue'),
(4323, 'Wita Stwosza'),
(4110, 'Witkiewicza'),
(237, 'Wittenbergplatz'),
(3382, 'Wodna'),
(3387, 'Wojska Polskiego'),
(4226, 'Wojskowa'),
(3674, 'Wola'),
(429, 'Wolfova ulica'),
(291, 'Wollzeile'),
(4125, 'Wolności'),
(1049, 'Woods Centre Road'),
(2677, 'Woryeonggyo Bridge'),
(4117, 'Wróblewska'),
(3746, 'Wróblewskiego'),
(11, 'Wrocławska'),
(3697, 'Wrzosowa'),
(3358, 'Wschodnia'),
(3344, 'Wspólna'),
(1951, 'Wuchang Avenue'),
(1923, 'Wuhouci Street'),
(1059, 'Wulff Road'),
(1939, 'Wulin Road'),
(2027, 'Wuyi Avenue'),
(4112, 'Wysoka'),
(4221, 'Wyspa Spichrzów'),
(4000, 'Wyspiańskiego'),
(3326, 'Wyszyńskiego'),
(3373, 'Włodka'),
(4337, 'Włókniarska'),
(3749, 'Włókniarzy'),
(2007, 'Xiamen University Road'),
(2029, 'Xiangjiang North Road'),
(2030, 'Xiangjiang South Road'),
(1970, 'Xiangmen Street'),
(1960, 'Xianlin Avenue'),
(1979, 'Xiaobailou'),
(1887, 'Xidan Street'),
(1943, 'Xihu Avenue'),
(1972, 'Xing Road'),
(1985, 'Xinghai Square'),
(1936, 'Xingqing Road'),
(1955, 'Xinhua Road'),
(1957, 'Xinjiekou'),
(1989, 'Xiuyun Road'),
(1932, 'Xiyang Road'),
(1897, 'Xujiahui Road'),
(2565, 'Yahiko Shrine'),
(2445, 'Yakuin Street'),
(2418, 'Yamashita Park'),
(2600, 'Yangdong Folk Village'),
(1901, 'Yangpu Bridge'),
(1950, 'Yanjiang Avenue'),
(1959, 'Yanshan Road'),
(2523, 'Yashima'),
(1470, 'Yates Street'),
(2706, 'Yeosu Aquarium'),
(2711, 'Yeosu City Hall'),
(2707, 'Yeosu Expo Ocean Park'),
(2703, 'Yeosu Maritime Cable Car'),
(2710, 'Yeosu National Museum'),
(2704, 'Yeosu Ocean Park'),
(2000, 'Yingbin Road'),
(1916, 'Yitian Road'),
(1373, 'Yonge Street'),
(2644, 'Yongji Park'),
(2031, 'Yuelu Avenue'),
(1907, 'Yuexiu Road'),
(2548, 'Yufuin'),
(1942, 'Yuhangtang Road'),
(2026, 'Yuhua North Road'),
(2024, 'Yuhua Road'),
(3039, 'Yurievskaya Street'),
(2609, 'Yuseong Hot Springs'),
(3391, 'Zachodnia'),
(436, 'Zagrebačka avenija'),
(419, 'Zámocká ulica'),
(1276, 'Zanker Road'),
(3046, 'Zarechnaya Street'),
(3011, 'Zaryadnaya Street'),
(3029, 'Zavodskaya Street'),
(3748, 'Żelazna'),
(3725, 'Żernicka'),
(3361, 'Żernickowa'),
(32, 'Żeromskiego'),
(3673, 'Zgoda'),
(2353, 'Zhana Kakharman Street'),
(2351, 'Zheltoksan Street'),
(1905, 'Zhongshan Avenue'),
(1896, 'Zhongshan Road'),
(1983, 'Zhongshan Square'),
(1993, 'Zhongzhou Avenue'),
(1910, 'Zhujiang East Road'),
(3346, 'Zielona'),
(3689, 'Ziemowita'),
(3695, 'Zimowa'),
(656, 'Zmaja od Bosne'),
(1026, 'Zorg en Hoop'),
(3705, 'Żurawia'),
(3657, 'Żwirki i Wigury'),
(3367, 'Złocienia'),
(3314, 'Złota'),
(4109, 'Złotego Mściwoja'),
(3696, 'Złotej Rybki'),
(4225, 'Złotnicka'),
(3730, 'Złotników'),
(4332, 'Złotówka'),
(3321, 'Złotowska'),
(313, 'Østergade'),
(3331, 'Łaskotelna'),
(3741, 'Łaskotka'),
(3680, 'Łazienkowska');

-- --------------------------------------------------------

--
-- Struktura tabeli dla tabeli `tags`
--

CREATE TABLE `tags` (
  `ID` int(11) NOT NULL,
  `NAME` varchar(55) DEFAULT NULL
) ENGINE=InnoDB DEFAULT CHARSET=utf8mb4 COLLATE=utf8mb4_general_ci;

--
-- Dumping data for table `tags`
--

INSERT INTO `tags` (`ID`, `NAME`) VALUES
(1, 'Action'),
(2, 'Adventure'),
(13, 'Animation & Modeling'),
(3, 'Casual'),
(14, 'Design & Illustration'),
(7, 'Early Access'),
(5, 'Free to Play'),
(4, 'Indie'),
(10, 'Massively Multiplayer'),
(17, 'MOBA'),
(15, 'Photo Editing'),
(11, 'Racing'),
(9, 'RPG'),
(6, 'Simulation'),
(12, 'Sports'),
(8, 'Strategy'),
(16, 'Utilities');

-- --------------------------------------------------------

--
-- Struktura tabeli dla tabeli `users`
--

CREATE TABLE `users` (
  `ID` int(11) NOT NULL,
  `EMAIL` varchar(255) DEFAULT NULL
) ENGINE=InnoDB DEFAULT CHARSET=utf8mb4 COLLATE=utf8mb4_general_ci;

--
-- Dumping data for table `users`
--

INSERT INTO `users` (`ID`, `EMAIL`) VALUES
(267, 'admin'),
(3, 'bepinrdzewski@example.com'),
(281, 'kajtusmajtus'),
(6, 'michaelpardini@example.com'),
(2, 'olerlo@example.com'),
(5, 'shaggyshaggs@example.com'),
(1, 'skrobinbobin@example.com'),
(4, 'srakenpierdaken@example.com'),
(108, 'user100@example.com'),
(109, 'user101@example.com'),
(110, 'user102@example.com'),
(111, 'user103@example.com'),
(112, 'user104@example.com'),
(113, 'user105@example.com'),
(114, 'user106@example.com'),
(115, 'user107@example.com'),
(116, 'user108@example.com'),
(117, 'user109@example.com'),
(18, 'user10@example.com'),
(118, 'user110@example.com'),
(119, 'user111@example.com'),
(120, 'user112@example.com'),
(121, 'user113@example.com'),
(122, 'user114@example.com'),
(123, 'user115@example.com'),
(124, 'user116@example.com'),
(125, 'user117@example.com'),
(126, 'user118@example.com'),
(127, 'user119@example.com'),
(19, 'user11@example.com'),
(128, 'user120@example.com'),
(129, 'user121@example.com'),
(130, 'user122@example.com'),
(131, 'user123@example.com'),
(132, 'user124@example.com'),
(133, 'user125@example.com'),
(134, 'user126@example.com'),
(135, 'user127@example.com'),
(136, 'user128@example.com'),
(137, 'user129@example.com'),
(20, 'user12@example.com'),
(138, 'user130@example.com'),
(139, 'user131@example.com'),
(140, 'user132@example.com'),
(141, 'user133@example.com'),
(142, 'user134@example.com'),
(143, 'user135@example.com'),
(144, 'user136@example.com'),
(145, 'user137@example.com'),
(146, 'user138@example.com'),
(147, 'user139@example.com'),
(21, 'user13@example.com'),
(148, 'user140@example.com'),
(149, 'user141@example.com'),
(150, 'user142@example.com'),
(151, 'user143@example.com'),
(152, 'user144@example.com'),
(153, 'user145@example.com'),
(154, 'user146@example.com'),
(155, 'user147@example.com'),
(156, 'user148@example.com'),
(157, 'user149@example.com'),
(22, 'user14@example.com'),
(158, 'user150@example.com'),
(159, 'user151@example.com'),
(160, 'user152@example.com'),
(161, 'user153@example.com'),
(162, 'user154@example.com'),
(163, 'user155@example.com'),
(164, 'user156@example.com'),
(165, 'user157@example.com'),
(166, 'user158@example.com'),
(167, 'user159@example.com'),
(23, 'user15@example.com'),
(168, 'user160@example.com'),
(169, 'user161@example.com'),
(170, 'user162@example.com'),
(171, 'user163@example.com'),
(172, 'user164@example.com'),
(173, 'user165@example.com'),
(174, 'user166@example.com'),
(175, 'user167@example.com'),
(176, 'user168@example.com'),
(177, 'user169@example.com'),
(24, 'user16@example.com'),
(178, 'user170@example.com'),
(179, 'user171@example.com'),
(180, 'user172@example.com'),
(181, 'user173@example.com'),
(182, 'user174@example.com'),
(183, 'user175@example.com'),
(184, 'user176@example.com'),
(185, 'user177@example.com'),
(186, 'user178@example.com'),
(187, 'user179@example.com'),
(25, 'user17@example.com'),
(188, 'user180@example.com'),
(189, 'user181@example.com'),
(190, 'user182@example.com'),
(191, 'user183@example.com'),
(192, 'user184@example.com'),
(193, 'user185@example.com'),
(194, 'user186@example.com'),
(195, 'user187@example.com'),
(196, 'user188@example.com'),
(197, 'user189@example.com'),
(26, 'user18@example.com'),
(198, 'user190@example.com'),
(199, 'user191@example.com'),
(200, 'user192@example.com'),
(201, 'user193@example.com'),
(202, 'user194@example.com'),
(203, 'user195@example.com'),
(204, 'user196@example.com'),
(205, 'user197@example.com'),
(206, 'user198@example.com'),
(207, 'user199@example.com'),
(27, 'user19@example.com'),
(9, 'user1@example.com'),
(208, 'user200@example.com'),
(28, 'user20@example.com'),
(29, 'user21@example.com'),
(30, 'user22@example.com'),
(31, 'user23@example.com'),
(32, 'user24@example.com'),
(33, 'user25@example.com'),
(34, 'user26@example.com'),
(35, 'user27@example.com'),
(36, 'user28@example.com'),
(37, 'user29@example.com'),
(10, 'user2@example.com'),
(38, 'user30@example.com'),
(39, 'user31@example.com'),
(40, 'user32@example.com'),
(41, 'user33@example.com'),
(42, 'user34@example.com'),
(43, 'user35@example.com'),
(44, 'user36@example.com'),
(45, 'user37@example.com'),
(46, 'user38@example.com'),
(47, 'user39@example.com'),
(11, 'user3@example.com'),
(48, 'user40@example.com'),
(49, 'user41@example.com'),
(50, 'user42@example.com'),
(51, 'user43@example.com'),
(52, 'user44@example.com'),
(53, 'user45@example.com'),
(54, 'user46@example.com'),
(55, 'user47@example.com'),
(56, 'user48@example.com'),
(57, 'user49@example.com'),
(12, 'user4@example.com'),
(58, 'user50@example.com'),
(59, 'user51@example.com'),
(60, 'user52@example.com'),
(61, 'user53@example.com'),
(62, 'user54@example.com'),
(63, 'user55@example.com'),
(64, 'user56@example.com'),
(65, 'user57@example.com'),
(66, 'user58@example.com'),
(67, 'user59@example.com'),
(13, 'user5@example.com'),
(68, 'user60@example.com'),
(69, 'user61@example.com'),
(70, 'user62@example.com'),
(71, 'user63@example.com'),
(72, 'user64@example.com'),
(73, 'user65@example.com'),
(74, 'user66@example.com'),
(75, 'user67@example.com'),
(76, 'user68@example.com'),
(77, 'user69@example.com'),
(14, 'user6@example.com'),
(78, 'user70@example.com'),
(79, 'user71@example.com'),
(80, 'user72@example.com'),
(81, 'user73@example.com'),
(82, 'user74@example.com'),
(83, 'user75@example.com'),
(84, 'user76@example.com'),
(85, 'user77@example.com'),
(86, 'user78@example.com'),
(87, 'user79@example.com'),
(15, 'user7@example.com'),
(88, 'user80@example.com'),
(89, 'user81@example.com'),
(90, 'user82@example.com'),
(91, 'user83@example.com'),
(92, 'user84@example.com'),
(93, 'user85@example.com'),
(94, 'user86@example.com'),
(95, 'user87@example.com'),
(96, 'user88@example.com'),
(97, 'user89@example.com'),
(16, 'user8@example.com'),
(98, 'user90@example.com'),
(99, 'user91@example.com'),
(100, 'user92@example.com'),
(101, 'user93@example.com'),
(102, 'user94@example.com'),
(103, 'user95@example.com'),
(104, 'user96@example.com'),
(105, 'user97@example.com'),
(106, 'user98@example.com'),
(107, 'user99@example.com'),
(17, 'user9@example.com');

-- --------------------------------------------------------

--
-- Struktura tabeli dla tabeli `users_billings`
--

CREATE TABLE `users_billings` (
  `ID` int(11) NOT NULL,
  `USER_ID` int(11) DEFAULT NULL,
  `BILLING_ID` int(11) DEFAULT NULL
) ENGINE=InnoDB DEFAULT CHARSET=utf8mb4 COLLATE=utf8mb4_general_ci;

-- --------------------------------------------------------

--
-- Struktura tabeli dla tabeli `wishlists`
--

CREATE TABLE `wishlists` (
  `ID` int(11) NOT NULL,
  `USER_ID` int(11) NOT NULL,
  `GAME_ID` int(11) NOT NULL
) ENGINE=InnoDB DEFAULT CHARSET=utf8mb4 COLLATE=utf8mb4_general_ci;

-- --------------------------------------------------------

--
-- Struktura tabeli dla tabeli `zipcodes`
--

CREATE TABLE `zipcodes` (
  `ID` int(11) NOT NULL,
  `CODE` varchar(12) DEFAULT NULL
) ENGINE=InnoDB DEFAULT CHARSET=utf8mb4 COLLATE=utf8mb4_general_ci;

--
-- Dumping data for table `zipcodes`
--

INSERT INTO `zipcodes` (`ID`, `CODE`) VALUES
(1, '10001'),
(2, '10002'),
(3, '10003'),
(4, '10004'),
(5, '10005'),
(6, '10006'),
(7, '10007'),
(8, '10008'),
(9, '20001'),
(10, '20002'),
(11, '20003'),
(12, '20004'),
(13, '30001'),
(14, '30002'),
(15, '30003'),
(16, '30004'),
(17, '30005'),
(18, '30006'),
(19, '40001'),
(20, '40002'),
(21, '40003'),
(22, '40004'),
(23, '50001'),
(24, '50002'),
(25, '60001'),
(26, '70001'),
(27, '70002'),
(28, '70003'),
(29, '70004'),
(30, '70005'),
(31, '70006'),
(32, '70007'),
(33, '70008'),
(34, '70009'),
(35, '70010'),
(36, '70011'),
(37, '70012'),
(38, '70013'),
(39, '70014'),
(40, '70015'),
(41, '70016'),
(42, '70017'),
(43, '70018'),
(44, '70019'),
(45, '70020'),
(46, '70021'),
(47, '70022'),
(48, '70023'),
(49, '70024'),
(50, '70025'),
(51, '70026'),
(52, '70027'),
(53, '70028'),
(54, '70029'),
(55, '70030'),
(56, '70031'),
(57, '70032'),
(58, '70033'),
(59, '70034'),
(60, '70035'),
(61, '00-001'),
(62, '00-002'),
(63, '00-003'),
(64, '00-004'),
(65, '00-005'),
(66, '00-006'),
(67, '00-007'),
(68, '00-008'),
(69, '00-009'),
(70, '00-010'),
(71, '00-011'),
(72, '00-012'),
(73, '00-013'),
(74, '00-014'),
(75, '00-015'),
(76, '00-016'),
(77, '00-017'),
(78, '00-018'),
(79, '00-019'),
(80, '00-020'),
(81, '00-021'),
(82, '00-022'),
(83, '00-023'),
(84, '00-024'),
(85, '00-025'),
(86, '00-026'),
(87, '00-027'),
(88, '00-028'),
(89, '00-029'),
(90, '00-030'),
(91, '30-001'),
(92, '30-002'),
(93, '30-003'),
(94, '30-004'),
(95, '30-005'),
(96, '30-006'),
(97, '30-007'),
(98, '30-008'),
(99, '30-009'),
(100, '30-010'),
(101, '30-011'),
(102, '30-012'),
(103, '30-013'),
(104, '30-014'),
(105, '30-015'),
(106, '30-016'),
(107, '30-017'),
(108, '30-018'),
(109, '30-019'),
(110, '30-020'),
(111, '30-021'),
(112, '30-022'),
(113, '30-023'),
(114, '30-024'),
(115, '90-001'),
(116, '90-002'),
(117, '90-003'),
(118, '90-004'),
(119, '90-005'),
(120, '90-006'),
(121, '90-007'),
(122, '90-008'),
(123, '90-009'),
(124, '90-010'),
(125, '90-011'),
(126, '90-012'),
(127, '90-013'),
(128, '90-014'),
(129, '90-015'),
(130, '90-016'),
(131, '90-017'),
(132, '90-018'),
(133, '90-019'),
(134, '90-020'),
(135, '90-021'),
(136, '50-001'),
(137, '50-002'),
(138, '50-003'),
(139, '50-004'),
(140, '50-005'),
(141, '50-006'),
(142, '50-007'),
(143, '50-008'),
(144, '50-009'),
(145, '50-010'),
(146, '50-011'),
(147, '50-012'),
(148, '50-013'),
(149, '50-014'),
(150, '50-015'),
(151, '50-016'),
(152, '50-017'),
(153, '50-018'),
(154, '50-019'),
(155, '50-020'),
(156, '60-001'),
(157, '60-002'),
(158, '60-003'),
(159, '60-004'),
(160, '60-005'),
(161, '60-006'),
(162, '60-007'),
(163, '60-008'),
(164, '60-009'),
(165, '60-010'),
(166, '60-011'),
(167, '60-012'),
(168, '60-013'),
(169, '60-014'),
(170, '60-015'),
(171, '60-016'),
(172, '60-017'),
(173, '60-018'),
(174, '80-001'),
(175, '80-002'),
(176, '80-003'),
(177, '80-004'),
(178, '80-005'),
(179, '80-006'),
(180, '80-007'),
(181, '80-008'),
(182, '80-009'),
(183, '80-010'),
(184, '80-011'),
(185, '80-012'),
(186, '80-013'),
(187, '80-014'),
(188, '80-015'),
(189, '80-016'),
(190, '80-017'),
(191, '80-018'),
(192, '70-001'),
(193, '70-002'),
(194, '70-003'),
(195, '70-004'),
(196, '70-005'),
(197, '70-006'),
(198, '70-007'),
(199, '70-008'),
(200, '70-009'),
(201, '70-010'),
(202, '70-011'),
(203, '70-012'),
(204, '70-013'),
(205, '70-014'),
(206, '70-015'),
(207, '70-016'),
(208, '70-017'),
(209, '85-001'),
(210, '85-002'),
(211, '85-003'),
(212, '85-004'),
(213, '85-005'),
(214, '85-006'),
(215, '85-007'),
(216, '85-008'),
(217, '85-009'),
(218, '85-010'),
(219, '85-011'),
(220, '85-012'),
(221, '85-013'),
(222, '85-014'),
(223, '85-015'),
(224, '85-016'),
(225, '85-017'),
(226, '20-001'),
(227, '20-002'),
(228, '20-003'),
(229, '20-004'),
(230, '20-005'),
(231, '20-006'),
(232, '20-007'),
(233, '20-008'),
(234, '20-009'),
(235, '20-010'),
(236, '20-011'),
(237, '20-012'),
(238, '20-013'),
(239, '20-014'),
(240, '20-015'),
(241, '20-016'),
(242, '20-017'),
(243, '40-001'),
(244, '40-002'),
(245, '40-003'),
(246, '40-004'),
(247, '40-005'),
(248, '40-006'),
(249, '40-007'),
(250, '40-008'),
(251, '40-009'),
(252, '40-010'),
(253, '40-011'),
(254, '40-012'),
(255, '40-013'),
(256, '40-014'),
(257, '40-015'),
(258, '15-001'),
(259, '15-002'),
(260, '15-003'),
(261, '15-004'),
(262, '15-005'),
(263, '15-006'),
(264, '15-007'),
(265, '15-008'),
(266, '15-009'),
(267, '15-010'),
(268, '15-011'),
(269, '81-001'),
(270, '81-002'),
(271, '81-003'),
(272, '81-004'),
(273, '81-005'),
(274, '81-006'),
(275, '81-007'),
(276, '81-008'),
(277, '81-009'),
(278, '81-010'),
(279, '81-011'),
(280, '42-200'),
(281, '42-201'),
(282, '42-202'),
(283, '42-203'),
(284, '42-204'),
(285, '42-205'),
(286, '42-206'),
(287, '42-207'),
(288, '42-208'),
(289, '26-600'),
(290, '26-601'),
(291, '26-602'),
(292, '26-603'),
(293, '26-604'),
(294, '26-605'),
(295, '26-606'),
(296, '26-607'),
(297, '26-608'),
(298, '26-609'),
(299, '41-200'),
(300, '41-201'),
(301, '41-202'),
(302, '41-203'),
(303, '41-204'),
(304, '41-205'),
(305, '41-206'),
(306, '41-207'),
(307, '41-208'),
(308, '87-100'),
(309, '87-101'),
(310, '87-102'),
(311, '87-103'),
(312, '87-104'),
(313, '87-105'),
(314, '87-106'),
(315, '87-107'),
(316, '87-108'),
(317, '25-001'),
(318, '25-002'),
(319, '25-003'),
(320, '25-004'),
(321, '25-005'),
(322, '25-006'),
(323, '25-007'),
(324, '25-008'),
(325, '25-009'),
(326, '25-010'),
(327, '35-001'),
(328, '35-002'),
(329, '35-003'),
(330, '35-004'),
(331, '35-005'),
(332, '35-006'),
(333, '35-007'),
(334, '35-008'),
(335, '35-009'),
(336, '44-100'),
(337, '44-101'),
(338, '44-102'),
(339, '44-103'),
(340, '44-104'),
(341, '41-800'),
(342, '41-801'),
(343, '41-802'),
(344, '41-803'),
(345, '41-804'),
(346, '10-001'),
(347, '10-002'),
(348, '10-003'),
(349, '10-004'),
(350, '10-005'),
(351, '43-300'),
(352, '43-301'),
(353, '43-302'),
(354, '43-303'),
(355, '43-304'),
(356, '41-700'),
(357, '41-701'),
(358, '41-702'),
(359, '41-703'),
(360, '44-200'),
(361, '44-201'),
(362, '44-202'),
(363, '44-203'),
(364, '43-100'),
(365, '43-101'),
(366, '43-102'),
(367, '41-300'),
(368, '41-301'),
(369, '41-302'),
(370, '45-001'),
(371, '45-002'),
(372, '45-003'),
(373, '09-400'),
(374, '09-401'),
(375, '09-402'),
(376, '82-300'),
(377, '82-301'),
(378, '82-302'),
(379, '58-300'),
(380, '58-301'),
(381, '58-302'),
(382, '65-001'),
(383, '65-002'),
(384, '65-003'),
(385, '33-100'),
(386, '33-101'),
(387, '33-102'),
(388, '41-500'),
(389, '41-501'),
(390, '41-502'),
(391, '75-001'),
(392, '75-002'),
(393, '75-003'),
(394, '59-220'),
(395, '59-221'),
(396, '59-222'),
(397, '62-800'),
(398, '62-801'),
(399, '62-802'),
(400, '86-300'),
(401, '86-301'),
(402, '86-302'),
(403, '76-200'),
(404, '76-201'),
(405, '76-202'),
(406, '43-600'),
(407, '43-601'),
(408, '43-602'),
(409, '44-330'),
(410, '44-331'),
(411, '44-332'),
(412, '33-300'),
(413, '33-301'),
(414, '33-302'),
(415, '62-510'),
(416, '62-511'),
(417, '62-512'),
(418, '97-300'),
(419, '97-301'),
(420, '97-302'),
(421, '88-100'),
(422, '88-101'),
(423, '88-102'),
(424, '59-300'),
(425, '59-301'),
(426, '59-302'),
(427, '07-400'),
(428, '07-401'),
(429, '07-402'),
(430, '16-400'),
(431, '16-401'),
(432, '16-402'),
(433, '36101'),
(434, '36102'),
(435, '36103'),
(436, '99801'),
(437, '99802'),
(438, '99803'),
(439, '85001'),
(440, '85002'),
(441, '85003'),
(442, '72201'),
(443, '72202'),
(444, '72203'),
(445, '72204'),
(446, '72205'),
(447, '72206'),
(448, '72207'),
(449, '72208'),
(450, '72209'),
(451, '72210'),
(452, '94203'),
(453, '94204'),
(454, '94205'),
(455, '94206'),
(456, '94207'),
(457, '94208'),
(458, '94209'),
(459, '94210'),
(460, '94211'),
(461, '94212'),
(462, '80201'),
(463, '80202'),
(464, '80203'),
(465, '80204'),
(466, '80205'),
(467, '80206'),
(468, '80207'),
(469, '80208'),
(470, '80209'),
(471, '80210'),
(472, '06101'),
(473, '06102'),
(474, '06103'),
(475, '06104'),
(476, '06105'),
(477, '06106'),
(478, '06107'),
(479, '06108'),
(480, '06109'),
(481, '06110'),
(482, '19901'),
(483, '19902'),
(484, '19903'),
(485, '19904'),
(486, '19905'),
(487, '19906'),
(488, '19907'),
(489, '19908'),
(490, '19909'),
(491, '19910'),
(492, '32301'),
(493, '32302'),
(494, '32303'),
(495, '32304'),
(496, '32305'),
(497, '32306'),
(498, '32307'),
(499, '32308'),
(500, '32309'),
(501, '32310'),
(502, '30301'),
(503, '30302'),
(504, '30303'),
(505, '30304'),
(506, '30305'),
(507, '30306'),
(508, '30307'),
(509, '30308'),
(510, '30309'),
(511, '30310'),
(512, '96801'),
(513, '96802'),
(514, '96803'),
(515, '96804'),
(516, '96805'),
(517, '96806'),
(518, '96807'),
(519, '96808'),
(520, '96809'),
(521, '96810'),
(522, '83701'),
(523, '83702'),
(524, '83703'),
(525, '83704'),
(526, '83705'),
(527, '83706'),
(528, '83707'),
(529, '83708'),
(530, '83709'),
(531, '83710'),
(532, '62701'),
(533, '62702'),
(534, '62703'),
(535, '62704'),
(536, '62705'),
(537, '62706'),
(538, '62707'),
(539, '62708'),
(540, '62709'),
(541, '62710'),
(542, '46201'),
(543, '46202'),
(544, '46203'),
(545, '46204'),
(546, '46205'),
(547, '46206'),
(548, '46207'),
(549, '46208'),
(550, '46209'),
(551, '46210'),
(552, '50301'),
(553, '50302'),
(554, '50303'),
(555, '50304'),
(556, '50305'),
(557, '50306'),
(558, '50307'),
(559, '50308'),
(560, '50309'),
(561, '50310'),
(562, '66601'),
(563, '66602'),
(564, '66603'),
(565, '66604'),
(566, '66605'),
(567, '66606'),
(568, '66607'),
(569, '66608'),
(570, '66609'),
(571, '66610'),
(572, '40601'),
(573, '40602'),
(574, '40603'),
(575, '40604'),
(576, '40605'),
(577, '40606'),
(578, '40607'),
(579, '40608'),
(580, '40609'),
(581, '40610'),
(582, '70801'),
(583, '70802'),
(584, '70803'),
(585, '70804'),
(586, '70805'),
(587, '70806'),
(588, '70807'),
(589, '70808'),
(590, '70809'),
(591, '70810'),
(592, '30901'),
(593, '30902'),
(594, '30903'),
(595, '30904'),
(596, '30905'),
(597, '30906'),
(598, '30907'),
(599, '30908'),
(600, '30909'),
(601, '30910'),
(602, '21401'),
(603, '21402'),
(604, '21403'),
(605, '21404'),
(606, '21405'),
(607, '21406'),
(608, '21407'),
(609, '21408'),
(610, '21409'),
(611, '21410'),
(612, '02108'),
(613, '02109'),
(614, '02110'),
(615, '02111'),
(616, '02112'),
(617, '02113'),
(618, '02114'),
(619, '02115'),
(620, '02116'),
(621, '02117'),
(622, '48901'),
(623, '48902'),
(624, '48903'),
(625, '48904'),
(626, '48905'),
(627, '48906'),
(628, '48907'),
(629, '48908'),
(630, '48909'),
(631, '48910'),
(632, '55101'),
(633, '55102'),
(634, '55103'),
(635, '55104'),
(636, '55105'),
(637, '55106'),
(638, '55107'),
(639, '55108'),
(640, '55109'),
(641, '55110'),
(642, '39201'),
(643, '39202'),
(644, '39203'),
(645, '39204'),
(646, '39205'),
(647, '39206'),
(648, '39207'),
(649, '39208'),
(650, '39209'),
(651, '39210'),
(652, '65101'),
(653, '65102'),
(654, '65103'),
(655, '65104'),
(656, '65105'),
(657, '65106'),
(658, '65107'),
(659, '65108'),
(660, '65109'),
(661, '65110'),
(662, '59601'),
(663, '59602'),
(664, '59603'),
(665, '59604'),
(666, '59605'),
(667, '59606'),
(668, '59607'),
(669, '59608'),
(670, '59609'),
(671, '59610'),
(672, '68501'),
(673, '68502'),
(674, '68503'),
(675, '68504'),
(676, '68505'),
(677, '68506'),
(678, '68507'),
(679, '68508'),
(680, '68509'),
(681, '68510'),
(682, '89701'),
(683, '89702'),
(684, '89703'),
(685, '89704'),
(686, '89705'),
(687, '89706'),
(688, '89707'),
(689, '89708'),
(690, '89709'),
(691, '89710'),
(692, '03301'),
(693, '03302'),
(694, '03303'),
(695, '03304'),
(696, '03305'),
(697, '03306'),
(698, '03307'),
(699, '03308'),
(700, '03309'),
(701, '03310'),
(702, '08601'),
(703, '08602'),
(704, '08603'),
(705, '08604'),
(706, '08605'),
(707, '08606'),
(708, '08607'),
(709, '08608'),
(710, '08609'),
(711, '08610'),
(712, '87501'),
(713, '87502'),
(714, '87503'),
(715, '87504'),
(716, '87505'),
(717, '87506'),
(718, '87507'),
(719, '87508'),
(720, '87509'),
(721, '87510'),
(722, '12201'),
(723, '12202'),
(724, '12203'),
(725, '12204'),
(726, '12205'),
(727, '12206'),
(728, '12207'),
(729, '12208'),
(730, '12209'),
(731, '12210'),
(732, '27601'),
(733, '27602'),
(734, '27603'),
(735, '27604'),
(736, '27605'),
(737, '27606'),
(738, '27607'),
(739, '27608'),
(740, '27609'),
(741, '27610'),
(742, '58501'),
(743, '58502'),
(744, '58503'),
(745, '58504'),
(746, '58505'),
(747, '58506'),
(748, '58507'),
(749, '58508'),
(750, '58509'),
(751, '58510'),
(752, '43201'),
(753, '43202'),
(754, '43203'),
(755, '43204'),
(756, '43205'),
(757, '43206'),
(758, '43207'),
(759, '43208'),
(760, '43209'),
(761, '43210'),
(762, '73101'),
(763, '73102'),
(764, '73103'),
(765, '73104'),
(766, '73105'),
(767, '73106'),
(768, '73107'),
(769, '73108'),
(770, '73109'),
(771, '73110'),
(772, '97301'),
(773, '97302'),
(774, '97303'),
(775, '97304'),
(776, '97305'),
(777, '97306'),
(778, '97307'),
(779, '97308'),
(780, '97309'),
(781, '97310'),
(782, '17101'),
(783, '17102'),
(784, '17103'),
(785, '17104'),
(786, '17105'),
(787, '17106'),
(788, '17107'),
(789, '17108'),
(790, '17109'),
(791, '17110'),
(792, '02901'),
(793, '02902'),
(794, '02903'),
(795, '02904'),
(796, '02905'),
(797, '02906'),
(798, '02907'),
(799, '02908'),
(800, '02909'),
(801, '02910'),
(802, '29201'),
(803, '29202'),
(804, '29203'),
(805, '29204'),
(806, '29205'),
(807, '29206'),
(808, '29207'),
(809, '29208'),
(810, '29209'),
(811, '29210'),
(812, '57501'),
(813, '57502'),
(814, '57503'),
(815, '57504'),
(816, '57505'),
(817, '57506'),
(818, '57507'),
(819, '57508'),
(820, '57509'),
(821, '57510'),
(822, '37201'),
(823, '37202'),
(824, '37203'),
(825, '37204'),
(826, '37205'),
(827, '37206'),
(828, '37207'),
(829, '37208'),
(830, '37209'),
(831, '37210'),
(832, '73301'),
(833, '73302'),
(834, '73303'),
(835, '73304'),
(836, '73305'),
(837, '73306'),
(838, '73307'),
(839, '73308'),
(840, '73309'),
(841, '73310'),
(842, '84101'),
(843, '84102'),
(844, '84103'),
(845, '84104'),
(846, '84105'),
(847, '84106'),
(848, '84107'),
(849, '84108'),
(850, '84109'),
(851, '84110'),
(852, '05601'),
(853, '05602'),
(854, '05603'),
(855, '05604'),
(856, '05605'),
(857, '05606'),
(858, '05607'),
(859, '05608'),
(860, '05609'),
(861, '05610'),
(862, '23218'),
(863, '23219'),
(864, '23220'),
(865, '23221'),
(866, '23222'),
(867, '23223'),
(868, '23224'),
(869, '23225'),
(870, '23226'),
(871, '23227'),
(872, '98501'),
(873, '98502'),
(874, '98503'),
(875, '98504'),
(876, '98505'),
(877, '98506'),
(878, '98507'),
(879, '98508'),
(880, '98509'),
(881, '98510'),
(882, '25301'),
(883, '25302'),
(884, '25303'),
(885, '25304'),
(886, '25305'),
(887, '25306'),
(888, '25307'),
(889, '25308'),
(890, '25309'),
(891, '25310'),
(892, '53701'),
(893, '53702'),
(894, '53703'),
(895, '53704'),
(896, '53705'),
(897, '53706'),
(898, '53707'),
(899, '53708'),
(900, '53709'),
(901, '53710'),
(902, '82001'),
(903, '82002'),
(904, '82003'),
(905, '82004'),
(906, '82005'),
(907, '82006'),
(908, '82007'),
(909, '82008'),
(910, '82009'),
(911, '82010'),
(912, '1001'),
(913, '1002'),
(914, '1003'),
(915, '1004'),
(916, '1005'),
(917, '1006'),
(918, '1007'),
(919, '1008'),
(920, '1009'),
(921, '1010'),
(922, '2001'),
(923, '2002'),
(924, '2003'),
(925, '2004'),
(926, '2005'),
(927, '2006'),
(928, '2007'),
(929, '2008'),
(930, '2009'),
(931, '2010'),
(932, '9401'),
(933, '9402'),
(934, '9403'),
(935, '9404'),
(936, '9405'),
(937, '9406'),
(938, '9407'),
(939, '9408'),
(940, '9409'),
(941, '9410'),
(942, 'AD100'),
(943, 'AD101'),
(944, 'AD102'),
(945, 'AD103'),
(946, 'AD104'),
(947, 'AD105'),
(948, 'AD106'),
(949, 'AD107'),
(950, 'AD108'),
(951, 'AD109'),
(952, 'AD200'),
(953, 'AD201'),
(954, 'AD202'),
(955, 'AD203'),
(956, 'AD204'),
(957, 'AD205'),
(958, 'AD206'),
(959, 'AD207'),
(960, 'AD208'),
(961, 'AD209'),
(962, '1020'),
(963, '1030'),
(964, '1040'),
(965, '1050'),
(966, '1060'),
(967, '1070'),
(968, '1080'),
(969, '1090'),
(970, '1100'),
(971, '8010'),
(972, '8020'),
(973, '8030'),
(974, '8040'),
(975, '8050'),
(976, '8060'),
(977, '8070'),
(978, '8080'),
(979, '8090'),
(980, '8100'),
(981, '4020'),
(982, '4030'),
(983, '4040'),
(984, '4050'),
(985, '4060'),
(986, '4070'),
(987, '4080'),
(988, '4090'),
(989, '4100'),
(990, '4110'),
(991, '5020'),
(992, '5030'),
(993, '5040'),
(994, '5050'),
(995, '5060'),
(996, '5070'),
(997, '5080'),
(998, '5090'),
(999, '5100'),
(1000, '5110'),
(1001, '6020'),
(1002, '6030'),
(1003, '6040'),
(1004, '6050'),
(1005, '6060'),
(1006, '6070'),
(1007, '6080'),
(1008, '6090'),
(1009, '6100'),
(1010, '6110'),
(1011, '9020'),
(1012, '9030'),
(1013, '9040'),
(1014, '9050'),
(1015, '9060'),
(1016, '9070'),
(1017, '9080'),
(1018, '9090'),
(1019, '9100'),
(1020, '9110'),
(1021, '9500'),
(1022, '9510'),
(1023, '9520'),
(1024, '9530'),
(1025, '9540'),
(1026, '9550'),
(1027, '9560'),
(1028, '9570'),
(1029, '9580'),
(1030, '9590'),
(1031, '4600'),
(1032, '4610'),
(1033, '4620'),
(1034, '4630'),
(1035, '4640'),
(1036, '4650'),
(1037, '4660'),
(1038, '4670'),
(1039, '4680'),
(1040, '4690'),
(1041, '3100'),
(1042, '3101'),
(1043, '3102'),
(1044, '3103'),
(1045, '3104'),
(1046, '3105'),
(1047, '3106'),
(1048, '3107'),
(1049, '3108'),
(1050, '3109'),
(1051, '1000'),
(1052, '2000'),
(1053, '9000'),
(1054, '9001'),
(1055, '9002'),
(1056, '9003'),
(1057, '9004'),
(1058, '9005'),
(1059, '9006'),
(1060, '9007'),
(1061, '9008'),
(1062, '9009'),
(1063, '6000'),
(1064, '6001'),
(1065, '6002'),
(1066, '6003'),
(1067, '6004'),
(1068, '6005'),
(1069, '6006'),
(1070, '6007'),
(1071, '6008'),
(1072, '6009'),
(1073, '4000'),
(1074, '4001'),
(1075, '4002'),
(1076, '4003'),
(1077, '4004'),
(1078, '4005'),
(1079, '4006'),
(1080, '4007'),
(1081, '4008'),
(1082, '4009'),
(1083, '8000'),
(1084, '8001'),
(1085, '8002'),
(1086, '8003'),
(1087, '8004'),
(1088, '8005'),
(1089, '8006'),
(1090, '8007'),
(1091, '8008'),
(1092, '8009'),
(1093, '5000'),
(1094, '5001'),
(1095, '5002'),
(1096, '5003'),
(1097, '5004'),
(1098, '5005'),
(1099, '5006'),
(1100, '5007'),
(1101, '5008'),
(1102, '5009'),
(1103, '3000'),
(1104, '3001'),
(1105, '3002'),
(1106, '3003'),
(1107, '3004'),
(1108, '3005'),
(1109, '3006'),
(1110, '3007'),
(1111, '3008'),
(1112, '3009'),
(1113, '7000'),
(1114, '7001'),
(1115, '7002'),
(1116, '7003'),
(1117, '7004'),
(1118, '7005'),
(1119, '7006'),
(1120, '7007'),
(1121, '7008'),
(1122, '7009'),
(1123, '9300'),
(1124, '9301'),
(1125, '9302'),
(1126, '9303'),
(1127, '9304'),
(1128, '9305'),
(1129, '9306'),
(1130, '9307'),
(1131, '9308'),
(1132, '9309'),
(1133, '2800'),
(1134, '2801'),
(1135, '2802'),
(1136, '2803'),
(1137, '2804'),
(1138, '2805'),
(1139, '2806'),
(1140, '2807'),
(1141, '2808'),
(1142, '2809'),
(1143, '220000'),
(1144, '220001'),
(1145, '220002'),
(1146, '220003'),
(1147, '220004'),
(1148, '220005'),
(1149, '220006'),
(1150, '220007'),
(1151, '220008'),
(1152, '220009'),
(1153, '246000'),
(1154, '246001'),
(1155, '246002'),
(1156, '246003'),
(1157, '246004'),
(1158, '246005'),
(1159, '246006'),
(1160, '246007'),
(1161, '246008'),
(1162, '246009'),
(1163, '212000'),
(1164, '212001'),
(1165, '212002'),
(1166, '212003'),
(1167, '212004'),
(1168, '212005'),
(1169, '212006'),
(1170, '212007'),
(1171, '212008'),
(1172, '212009'),
(1173, '210000'),
(1174, '210001'),
(1175, '210002'),
(1176, '210003'),
(1177, '210004'),
(1178, '210005'),
(1179, '210006'),
(1180, '210007'),
(1181, '210008'),
(1182, '210009'),
(1183, '230000'),
(1184, '230001'),
(1185, '230002'),
(1186, '230003'),
(1187, '230004'),
(1188, '230005'),
(1189, '230006'),
(1190, '230007'),
(1191, '230008'),
(1192, '230009'),
(1193, '224000'),
(1194, '224001'),
(1195, '224002'),
(1196, '224003'),
(1197, '224004'),
(1198, '224005'),
(1199, '224006'),
(1200, '224007'),
(1201, '224008'),
(1202, '224009'),
(1203, '213000'),
(1204, '213001'),
(1205, '213002'),
(1206, '213003'),
(1207, '213004'),
(1208, '213005'),
(1209, '213006'),
(1210, '213007'),
(1211, '213008'),
(1212, '213009'),
(1213, '225000'),
(1214, '225001'),
(1215, '225002'),
(1216, '225003'),
(1217, '225004'),
(1218, '225005'),
(1219, '225006'),
(1220, '225007'),
(1221, '225008'),
(1222, '225009'),
(1223, '223000'),
(1224, '223001'),
(1225, '223002'),
(1226, '223003'),
(1227, '223004'),
(1228, '223005'),
(1229, '223006'),
(1230, '223007'),
(1231, '223008'),
(1232, '223009'),
(1233, '71000'),
(1234, '71001'),
(1235, '71002'),
(1236, '71003'),
(1237, '71004'),
(1238, '71005'),
(1239, '71006'),
(1240, '71007'),
(1241, '71008'),
(1242, '71009'),
(1243, '78000'),
(1244, '78001'),
(1245, '78002'),
(1246, '78003'),
(1247, '78004'),
(1248, '78005'),
(1249, '78006'),
(1250, '78007'),
(1251, '78008'),
(1252, '78009'),
(1253, '75000'),
(1254, '75001'),
(1255, '75002'),
(1256, '75003'),
(1257, '75004'),
(1258, '75005'),
(1259, '75006'),
(1260, '75007'),
(1261, '75008'),
(1262, '75009'),
(1263, '72000'),
(1264, '72001'),
(1265, '72002'),
(1266, '72003'),
(1267, '72004'),
(1268, '72005'),
(1269, '72006'),
(1270, '72007'),
(1271, '72008'),
(1272, '72009'),
(1273, '5800'),
(1274, '5801'),
(1275, '5802'),
(1276, '5803'),
(1277, '5804'),
(1278, '5805'),
(1279, '5806'),
(1280, '5807'),
(1281, '5808'),
(1282, '5809'),
(1283, '10000'),
(1284, '10009'),
(1285, '21000'),
(1286, '21001'),
(1287, '21002'),
(1288, '21003'),
(1289, '21004'),
(1290, '21005'),
(1291, '21006'),
(1292, '21007'),
(1293, '21008'),
(1294, '21009'),
(1295, '51000'),
(1296, '51001'),
(1297, '51002'),
(1298, '51003'),
(1299, '51004'),
(1300, '51005'),
(1301, '51006'),
(1302, '51007'),
(1303, '51008'),
(1304, '51009'),
(1305, '31000'),
(1306, '31001'),
(1307, '31002'),
(1308, '31003'),
(1309, '31004'),
(1310, '31005'),
(1311, '31006'),
(1312, '31007'),
(1313, '31008'),
(1314, '31009'),
(1315, '11000'),
(1316, '11001'),
(1317, '11002'),
(1318, '11003'),
(1319, '11004'),
(1320, '11005'),
(1321, '11006'),
(1322, '11007'),
(1323, '11008'),
(1324, '11009'),
(1325, '60200'),
(1326, '60201'),
(1327, '60202'),
(1328, '60203'),
(1329, '60204'),
(1330, '60205'),
(1331, '60206'),
(1332, '60207'),
(1333, '60208'),
(1334, '60209'),
(1335, '70000'),
(1336, '30100'),
(1337, '30101'),
(1338, '30102'),
(1339, '30103'),
(1340, '30104'),
(1341, '30105'),
(1342, '30106'),
(1343, '30107'),
(1344, '30108'),
(1345, '30109'),
(1346, '46001'),
(1347, '46002'),
(1348, '46003'),
(1349, '46004'),
(1350, '46005'),
(1351, '46006'),
(1352, '46007'),
(1353, '46008'),
(1354, '46009'),
(1355, '46010'),
(1356, '77900'),
(1357, '77901'),
(1358, '77902'),
(1359, '77903'),
(1360, '77904'),
(1361, '77905'),
(1362, '77906'),
(1363, '77907'),
(1364, '77908'),
(1365, '77909'),
(1366, '40005'),
(1367, '40006'),
(1368, '40007'),
(1369, '40008'),
(1370, '40009'),
(1371, '40010'),
(1372, '37001'),
(1373, '37002'),
(1374, '37003'),
(1375, '37004'),
(1376, '37005'),
(1377, '37006'),
(1378, '37007'),
(1379, '37008'),
(1380, '37009'),
(1381, '37010'),
(1382, '50003'),
(1383, '50004'),
(1384, '50005'),
(1385, '50006'),
(1386, '50007'),
(1387, '50008'),
(1388, '50009'),
(1389, '50010'),
(1390, '53001'),
(1391, '53002'),
(1392, '53003'),
(1393, '53004'),
(1394, '53005'),
(1395, '53006'),
(1396, '53007'),
(1397, '53008'),
(1398, '53009'),
(1399, '53010'),
(1400, '6700'),
(1401, '6701'),
(1402, '6702'),
(1403, '6703'),
(1404, '6704'),
(1405, '6705'),
(1406, '6706'),
(1407, '6707'),
(1408, '6708'),
(1409, '6709'),
(1410, '8940'),
(1411, '8941'),
(1412, '8942'),
(1413, '8943'),
(1414, '8944'),
(1415, '8945'),
(1416, '8946'),
(1417, '8947'),
(1418, '8948'),
(1419, '8949'),
(1420, '10111'),
(1421, '10112'),
(1422, '10113'),
(1423, '10114'),
(1424, '10115'),
(1425, '10116'),
(1426, '10117'),
(1427, '10118'),
(1428, '10119'),
(1429, '10120'),
(1430, '51010'),
(1431, '00100'),
(1432, '00101'),
(1433, '00102'),
(1434, '00103'),
(1435, '00104'),
(1436, '00105'),
(1437, '00106'),
(1438, '00107'),
(1439, '00108'),
(1440, '00109'),
(1441, '02100'),
(1442, '02101'),
(1443, '02102'),
(1444, '02103'),
(1445, '02104'),
(1446, '02105'),
(1447, '02106'),
(1448, '02107'),
(1449, '33100'),
(1450, '33101'),
(1451, '33102'),
(1452, '33103'),
(1453, '33104'),
(1454, '33105'),
(1455, '33106'),
(1456, '33107'),
(1457, '33108'),
(1458, '33109'),
(1459, '01300'),
(1460, '01301'),
(1461, '01302'),
(1462, '01303'),
(1463, '01304'),
(1464, '01305'),
(1465, '01306'),
(1466, '01307'),
(1467, '01308'),
(1468, '01309'),
(1469, '90100'),
(1470, '90101'),
(1471, '90102'),
(1472, '90103'),
(1473, '90104'),
(1474, '90105'),
(1475, '90106'),
(1476, '90107'),
(1477, '90108'),
(1478, '90109'),
(1479, '75010'),
(1480, '13001'),
(1481, '13002'),
(1482, '13003'),
(1483, '13004'),
(1484, '13005'),
(1485, '13006'),
(1486, '13007'),
(1487, '13008'),
(1488, '13009'),
(1489, '13010'),
(1490, '69001'),
(1491, '69002'),
(1492, '69003'),
(1493, '69004'),
(1494, '69005'),
(1495, '69006'),
(1496, '69007'),
(1497, '69008'),
(1498, '69009'),
(1499, '69010'),
(1500, '06000'),
(1501, '06001'),
(1502, '06002'),
(1503, '06003'),
(1504, '06004'),
(1505, '06005'),
(1506, '06006'),
(1507, '06007'),
(1508, '06008'),
(1509, '06009'),
(1510, '44000'),
(1511, '44001'),
(1512, '44002'),
(1513, '44003'),
(1514, '44004'),
(1515, '44005'),
(1516, '44006'),
(1517, '44007'),
(1518, '44008'),
(1519, '44009'),
(1520, '67000'),
(1521, '67001'),
(1522, '67002'),
(1523, '67003'),
(1524, '67004'),
(1525, '67005'),
(1526, '67006'),
(1527, '67007'),
(1528, '67008'),
(1529, '67009'),
(1530, '34000'),
(1531, '34001'),
(1532, '34002'),
(1533, '34003'),
(1534, '34004'),
(1535, '34005'),
(1536, '34006'),
(1537, '34007'),
(1538, '34008'),
(1539, '34009'),
(1540, '33000'),
(1541, '33001'),
(1542, '33002'),
(1543, '33003'),
(1544, '33004'),
(1545, '33005'),
(1546, '33006'),
(1547, '33007'),
(1548, '33008'),
(1549, '33009'),
(1550, '59000'),
(1551, '59001'),
(1552, '59002'),
(1553, '59003'),
(1554, '59004'),
(1555, '59005'),
(1556, '59006'),
(1557, '59007'),
(1558, '59008'),
(1559, '59009'),
(1560, '35000'),
(1561, '35001'),
(1562, '35002'),
(1563, '35003'),
(1564, '35004'),
(1565, '35005'),
(1566, '35006'),
(1567, '35007'),
(1568, '35008'),
(1569, '35009'),
(1570, '51100'),
(1571, '51101'),
(1572, '51102'),
(1573, '51103'),
(1574, '51104'),
(1575, '51105'),
(1576, '51106'),
(1577, '51107'),
(1578, '51108'),
(1579, '51109'),
(1580, '76600'),
(1581, '76601'),
(1582, '76602'),
(1583, '76603'),
(1584, '76604'),
(1585, '76605'),
(1586, '76606'),
(1587, '76607'),
(1588, '76608'),
(1589, '76609'),
(1590, '42000'),
(1591, '42001'),
(1592, '42002'),
(1593, '42003'),
(1594, '42004'),
(1595, '42005'),
(1596, '42006'),
(1597, '42007'),
(1598, '42008'),
(1599, '42009'),
(1600, '83000'),
(1601, '83001'),
(1602, '83002'),
(1603, '83003'),
(1604, '83004'),
(1605, '83005'),
(1606, '83006'),
(1607, '83007'),
(1608, '83008'),
(1609, '83009'),
(1610, '38000'),
(1611, '38001'),
(1612, '38002'),
(1613, '38003'),
(1614, '38004'),
(1615, '38005'),
(1616, '38006'),
(1617, '38007'),
(1618, '38008'),
(1619, '38009'),
(1620, '49000'),
(1621, '49001'),
(1622, '49002'),
(1623, '49003'),
(1624, '49004'),
(1625, '49005'),
(1626, '49006'),
(1627, '49007'),
(1628, '49008'),
(1629, '49009'),
(1630, '30000'),
(1631, '30007'),
(1632, '30008'),
(1633, '30009'),
(1634, '69100'),
(1635, '69101'),
(1636, '69102'),
(1637, '69103'),
(1638, '69104'),
(1639, '69105'),
(1640, '69106'),
(1641, '69107'),
(1642, '69108'),
(1643, '69109'),
(1644, '63000'),
(1645, '63001'),
(1646, '63002'),
(1647, '63003'),
(1648, '63004'),
(1649, '63005'),
(1650, '63006'),
(1651, '63007'),
(1652, '63008'),
(1653, '63009'),
(1654, '29200'),
(1655, '87000'),
(1656, '87001'),
(1657, '87002'),
(1658, '87003'),
(1659, '87004'),
(1660, '87005'),
(1661, '87006'),
(1662, '87007'),
(1663, '87008'),
(1664, '87009'),
(1665, '37000'),
(1666, '80000'),
(1667, '80001'),
(1668, '80002'),
(1669, '80003'),
(1670, '80004'),
(1671, '80005'),
(1672, '80006'),
(1673, '80007'),
(1674, '80008'),
(1675, '80009'),
(1676, '57000'),
(1677, '57001'),
(1678, '57002'),
(1679, '57003'),
(1680, '57004'),
(1681, '57005'),
(1682, '57006'),
(1683, '57007'),
(1684, '57008'),
(1685, '57009'),
(1686, '66000'),
(1687, '66001'),
(1688, '66002'),
(1689, '66003'),
(1690, '66004'),
(1691, '66005'),
(1692, '66006'),
(1693, '66007'),
(1694, '66008'),
(1695, '66009'),
(1696, '25000'),
(1697, '25001'),
(1698, '25002'),
(1699, '25003'),
(1700, '25004'),
(1701, '25005'),
(1702, '25006'),
(1703, '25007'),
(1704, '25008'),
(1705, '25009'),
(1706, '45000'),
(1707, '45001'),
(1708, '45002'),
(1709, '45003'),
(1710, '45004'),
(1711, '45005'),
(1712, '45006'),
(1713, '45007'),
(1714, '45008'),
(1715, '45009'),
(1716, '68100'),
(1717, '68101'),
(1718, '68102'),
(1719, '68103'),
(1720, '68104'),
(1721, '68105'),
(1722, '68106'),
(1723, '68107'),
(1724, '68108'),
(1725, '68109'),
(1726, '76000'),
(1727, '76001'),
(1728, '76002'),
(1729, '76003'),
(1730, '76004'),
(1731, '76005'),
(1732, '76006'),
(1733, '76007'),
(1734, '76008'),
(1735, '76009'),
(1736, '14000'),
(1737, '14001'),
(1738, '14002'),
(1739, '14003'),
(1740, '14004'),
(1741, '14005'),
(1742, '14006'),
(1743, '14007'),
(1744, '14008'),
(1745, '14009'),
(1746, '10178'),
(1747, '10179'),
(1748, '10243'),
(1749, '10245'),
(1750, '10247'),
(1751, '10249'),
(1752, '10435'),
(1753, '20095'),
(1754, '20097'),
(1755, '20098'),
(1756, '20099'),
(1757, '20144'),
(1758, '20146'),
(1759, '20148'),
(1760, '20149'),
(1761, '20249'),
(1762, '20354'),
(1763, '80331'),
(1764, '80333'),
(1765, '80335'),
(1766, '80336'),
(1767, '80337'),
(1768, '80339'),
(1769, '80469'),
(1770, '80471'),
(1771, '80472'),
(1772, '80473'),
(1773, '50667'),
(1774, '50668'),
(1775, '50670'),
(1776, '50672'),
(1777, '50674'),
(1778, '50676'),
(1779, '50677'),
(1780, '50678'),
(1781, '50679'),
(1782, '50733'),
(1783, '60306'),
(1784, '60308'),
(1785, '60310'),
(1786, '60311'),
(1787, '60312'),
(1788, '60313'),
(1789, '60314'),
(1790, '60316'),
(1791, '60318'),
(1792, '60431'),
(1793, '70173'),
(1794, '70174'),
(1795, '70176'),
(1796, '70178'),
(1797, '70180'),
(1798, '70182'),
(1799, '70184'),
(1800, '70186'),
(1801, '70188'),
(1802, '70190'),
(1803, '40210'),
(1804, '40211'),
(1805, '40212'),
(1806, '40213'),
(1807, '40214'),
(1808, '40215'),
(1809, '40216'),
(1810, '40217'),
(1811, '40218'),
(1812, '40219'),
(1813, '44135'),
(1814, '44137'),
(1815, '44139'),
(1816, '44141'),
(1817, '44143'),
(1818, '44145'),
(1819, '44147'),
(1820, '44149'),
(1821, '44151'),
(1822, '44153'),
(1823, '45127'),
(1824, '45128'),
(1825, '45129'),
(1826, '45130'),
(1827, '45131'),
(1828, '45133'),
(1829, '45134'),
(1830, '45136'),
(1831, '45138'),
(1832, '45139'),
(1833, '04109'),
(1834, '04103'),
(1835, '04105'),
(1836, '04107'),
(1837, '04229'),
(1838, '04207'),
(1839, '04203'),
(1840, '04275'),
(1841, '04315'),
(1842, '28195'),
(1843, '28196'),
(1844, '28197'),
(1845, '28199'),
(1846, '28201'),
(1847, '28203'),
(1848, '28205'),
(1849, '28207'),
(1850, '28209'),
(1851, '28211'),
(1852, '01067'),
(1853, '01069'),
(1854, '01097'),
(1855, '01108'),
(1856, '01109'),
(1857, '01127'),
(1858, '01129'),
(1859, '01139'),
(1860, '01217'),
(1861, '01219'),
(1862, '30159'),
(1863, '30161'),
(1864, '30163'),
(1865, '30165'),
(1866, '30167'),
(1867, '30169'),
(1868, '30171'),
(1869, '30173'),
(1870, '30175'),
(1871, '30177'),
(1872, '90402'),
(1873, '90403'),
(1874, '90408'),
(1875, '90409'),
(1876, '90411'),
(1877, '90419'),
(1878, '90427'),
(1879, '90429'),
(1880, '90431'),
(1881, '90439'),
(1882, '47051'),
(1883, '47053'),
(1884, '47055'),
(1885, '47057'),
(1886, '47058'),
(1887, '47059'),
(1888, '47065'),
(1889, '47068'),
(1890, '47069'),
(1891, '47139'),
(1892, '44787'),
(1893, '44789'),
(1894, '44801'),
(1895, '44803'),
(1896, '44805'),
(1897, '44807'),
(1898, '44809'),
(1899, '44811'),
(1900, '44813'),
(1901, '44814'),
(1902, '42103'),
(1903, '42105'),
(1904, '42107'),
(1905, '42109'),
(1906, '42111'),
(1907, '42113'),
(1908, '42115'),
(1909, '42117'),
(1910, '42119'),
(1911, '42121'),
(1912, '33602'),
(1913, '33604'),
(1914, '33605'),
(1915, '33609'),
(1916, '33611'),
(1917, '33613'),
(1918, '33615'),
(1919, '33617'),
(1920, '33619'),
(1921, '33622'),
(1922, '53111'),
(1923, '53113'),
(1924, '53115'),
(1925, '53117'),
(1926, '53119'),
(1927, '53121'),
(1928, '53123'),
(1929, '53125'),
(1930, '53127'),
(1931, '53129'),
(1932, '68159'),
(1933, '68161'),
(1934, '68163'),
(1935, '68165'),
(1936, '68167'),
(1937, '68169'),
(1938, '68199'),
(1939, '68219'),
(1940, '68225'),
(1941, '68309'),
(1942, '76131'),
(1943, '76133'),
(1944, '76135'),
(1945, '76137'),
(1946, '76139'),
(1947, '76149'),
(1948, '76161'),
(1949, '76163'),
(1950, '76167'),
(1951, '76173'),
(1952, '65183'),
(1953, '65185'),
(1954, '65187'),
(1955, '65189'),
(1956, '65193'),
(1957, '65195'),
(1958, '65197'),
(1959, '65199'),
(1960, '65201'),
(1961, '65203'),
(1962, '48143'),
(1963, '48145'),
(1964, '48147'),
(1965, '48149'),
(1966, '48151'),
(1967, '48153'),
(1968, '48155'),
(1969, '48157'),
(1970, '48159'),
(1971, '48161'),
(1972, '45879'),
(1973, '45881'),
(1974, '45883'),
(1975, '45884'),
(1976, '45886'),
(1977, '45888'),
(1978, '45889'),
(1979, '45891'),
(1980, '45892'),
(1981, '45894'),
(1982, '86150'),
(1983, '86152'),
(1984, '86153'),
(1985, '86154'),
(1986, '86156'),
(1987, '86157'),
(1988, '86159'),
(1989, '86161'),
(1990, '86163'),
(1991, '86165'),
(1992, '52062'),
(1993, '52063'),
(1994, '52064'),
(1995, '52065'),
(1996, '52066'),
(1997, '52068'),
(1998, '52070'),
(1999, '52072'),
(2000, '52074'),
(2001, '52076'),
(2002, '41061'),
(2003, '41062'),
(2004, '41063'),
(2005, '41065'),
(2006, '41066'),
(2007, '41068'),
(2008, '41069'),
(2009, '41070'),
(2010, '41071'),
(2011, '41073'),
(2012, '38100'),
(2013, '38102'),
(2014, '38104'),
(2015, '38106'),
(2016, '38108'),
(2017, '38110'),
(2018, '38112'),
(2019, '38114'),
(2020, '38116'),
(2021, '38118'),
(2022, '09111'),
(2023, '09112'),
(2024, '09113'),
(2025, '09114'),
(2026, '09115'),
(2027, '09116'),
(2028, '09117'),
(2029, '09118'),
(2030, '09119'),
(2031, '09120'),
(2032, '24103'),
(2033, '24104'),
(2034, '24105'),
(2035, '24106'),
(2036, '24107'),
(2037, '24109'),
(2038, '24111'),
(2039, '24113'),
(2040, '24114'),
(2041, '24116'),
(2042, '39104'),
(2043, '39106'),
(2044, '39108'),
(2045, '39110'),
(2046, '39112'),
(2047, '39114'),
(2048, '39116'),
(2049, '39118'),
(2050, '39120'),
(2051, '39122'),
(2052, '47798'),
(2053, '47799'),
(2054, '47800'),
(2055, '47801'),
(2056, '47802'),
(2057, '47803'),
(2058, '47804'),
(2059, '47805'),
(2060, '47806'),
(2061, '47807'),
(2062, '06112'),
(2063, '06114'),
(2064, '06116'),
(2065, '06118'),
(2066, '06120'),
(2067, '06122'),
(2068, '06124'),
(2069, '06126'),
(2070, '79098'),
(2071, '79099'),
(2072, '79100'),
(2073, '79102'),
(2074, '79103'),
(2075, '79104'),
(2076, '79106'),
(2077, '79108'),
(2078, '79109'),
(2079, '79110'),
(2080, '46045'),
(2081, '46046'),
(2082, '46047'),
(2083, '46048'),
(2084, '46049'),
(2085, '46050'),
(2086, '46051'),
(2087, '46052'),
(2088, '46053'),
(2089, '46054'),
(2090, '23552'),
(2091, '23554'),
(2092, '23556'),
(2093, '23558'),
(2094, '23560'),
(2095, '23562'),
(2096, '23564'),
(2097, '23566'),
(2098, '23568'),
(2099, '23570'),
(2100, '10552'),
(2101, '10553'),
(2102, '10554'),
(2103, '10555'),
(2104, '10556'),
(2105, '10557'),
(2106, '10558'),
(2107, '10559'),
(2108, '10560'),
(2109, '10561'),
(2110, '54625'),
(2111, '54626'),
(2112, '54627'),
(2113, '54628'),
(2114, '54629'),
(2115, '54630'),
(2116, '54631'),
(2117, '54632'),
(2118, '54633'),
(2119, '54634'),
(2120, '26221'),
(2121, '26222'),
(2122, '26223'),
(2123, '26224'),
(2124, '26225'),
(2125, '26226'),
(2126, '26227'),
(2127, '26228'),
(2128, '26229'),
(2129, '26230'),
(2130, '71201'),
(2131, '71202'),
(2132, '71203'),
(2133, '71204'),
(2134, '71205'),
(2135, '71206'),
(2136, '71207'),
(2137, '71208'),
(2138, '71209'),
(2139, '71210'),
(2140, '41335'),
(2141, '41336'),
(2142, '41337'),
(2143, '41338'),
(2144, '41339'),
(2145, '41340'),
(2146, '41341'),
(2147, '41342'),
(2148, '41343'),
(2149, '41344'),
(2150, '38333'),
(2151, '38334'),
(2152, '38335'),
(2153, '38336'),
(2154, '38337'),
(2155, '38338'),
(2156, '38339'),
(2157, '38340'),
(2158, '38341'),
(2159, '38342'),
(2160, '85100'),
(2161, '85101'),
(2162, '85102'),
(2163, '85103'),
(2164, '85104'),
(2165, '85105'),
(2166, '85106'),
(2167, '85107'),
(2168, '85108'),
(2169, '85109'),
(2170, '45333'),
(2171, '45334'),
(2172, '45335'),
(2173, '45336'),
(2174, '45337'),
(2175, '45338'),
(2176, '45339'),
(2177, '45340'),
(2178, '45341'),
(2179, '45342'),
(2180, '73100'),
(2181, '1051'),
(2182, '1052'),
(2183, '1053'),
(2184, '1054'),
(2185, '1055'),
(2186, '1056'),
(2187, '1057'),
(2188, '1058'),
(2189, '1059'),
(2190, '4025'),
(2191, '4026'),
(2192, '4027'),
(2193, '4028'),
(2194, '4029'),
(2195, '4031'),
(2196, '4032'),
(2197, '4033'),
(2198, '4034'),
(2199, '6720'),
(2200, '6721'),
(2201, '6722'),
(2202, '6723'),
(2203, '6724'),
(2204, '6725'),
(2205, '6726'),
(2206, '6727'),
(2207, '6728'),
(2208, '6729'),
(2209, '3530'),
(2210, '3531'),
(2211, '3532'),
(2212, '3533'),
(2213, '3534'),
(2214, '3535'),
(2215, '3536'),
(2216, '3537'),
(2217, '3538'),
(2218, '3539'),
(2219, '7621'),
(2220, '7622'),
(2221, '7623'),
(2222, '7624'),
(2223, '7625'),
(2224, '7626'),
(2225, '7627'),
(2226, '7628'),
(2227, '7629'),
(2228, '7630'),
(2229, '9021'),
(2230, '9022'),
(2231, '9023'),
(2232, '9024'),
(2233, '9025'),
(2234, '9026'),
(2235, '9027'),
(2236, '9028'),
(2237, '9029'),
(2238, '4400'),
(2239, '4401'),
(2240, '4402'),
(2241, '4403'),
(2242, '4404'),
(2243, '4405'),
(2244, '4406'),
(2245, '4407'),
(2246, '4408'),
(2247, '4409'),
(2248, '101'),
(2249, '102'),
(2250, '103'),
(2251, '104'),
(2252, '105'),
(2253, '107'),
(2254, '108'),
(2255, '109'),
(2256, '110'),
(2257, '111'),
(2258, '200'),
(2259, '201'),
(2260, '202'),
(2261, '203'),
(2262, '204'),
(2263, '205'),
(2264, '206'),
(2265, '207'),
(2266, '208'),
(2267, '209'),
(2268, '00001'),
(2269, '00002'),
(2270, '00003'),
(2271, '00004'),
(2272, '00005'),
(2273, '00006'),
(2274, '00007'),
(2275, '00008'),
(2276, '00009'),
(2277, '00010'),
(2278, '00021'),
(2279, '00022'),
(2280, '00023'),
(2281, '00024'),
(2282, '00025'),
(2283, '00026'),
(2284, '00027'),
(2285, '00028'),
(2286, '00029'),
(2287, '00030'),
(2288, '00061'),
(2289, '00062'),
(2290, '00063'),
(2291, '00064'),
(2292, '00065'),
(2293, '00066'),
(2294, '00067'),
(2295, '00068'),
(2296, '00069'),
(2297, '00070'),
(2298, '20100'),
(2299, '20101'),
(2300, '20102'),
(2301, '20103'),
(2302, '20104'),
(2303, '20105'),
(2304, '20106'),
(2305, '20107'),
(2306, '20108'),
(2307, '20109'),
(2308, '80100'),
(2309, '80101'),
(2310, '80102'),
(2311, '80103'),
(2312, '80104'),
(2313, '80105'),
(2314, '80106'),
(2315, '80107'),
(2316, '80108'),
(2317, '80109'),
(2318, '10100'),
(2319, '10101'),
(2320, '10102'),
(2321, '10103'),
(2322, '10104'),
(2323, '10105'),
(2324, '10106'),
(2325, '10107'),
(2326, '10108'),
(2327, '10109'),
(2328, '16100'),
(2329, '16101'),
(2330, '16102'),
(2331, '16103'),
(2332, '16104'),
(2333, '16105'),
(2334, '16106'),
(2335, '16107'),
(2336, '16108'),
(2337, '16109'),
(2338, '40100'),
(2339, '40101'),
(2340, '40102'),
(2341, '40103'),
(2342, '40104'),
(2343, '40105'),
(2344, '40106'),
(2345, '40107'),
(2346, '40108'),
(2347, '40109'),
(2348, '50100'),
(2349, '50101'),
(2350, '50102'),
(2351, '50103'),
(2352, '50104'),
(2353, '50105'),
(2354, '50106'),
(2355, '50107'),
(2356, '50108'),
(2357, '50109'),
(2358, '70100'),
(2359, '70101'),
(2360, '70102'),
(2361, '70103'),
(2362, '70104'),
(2363, '70105'),
(2364, '70106'),
(2365, '70107'),
(2366, '70108'),
(2367, '70109'),
(2368, '95100'),
(2369, '95101'),
(2370, '95102'),
(2371, '95103'),
(2372, '95104'),
(2373, '95105'),
(2374, '95106'),
(2375, '95107'),
(2376, '95108'),
(2377, '95109'),
(2378, '37100'),
(2379, '37101'),
(2380, '37102'),
(2381, '37103'),
(2382, '37104'),
(2383, '37105'),
(2384, '37106'),
(2385, '37107'),
(2386, '37108'),
(2387, '37109'),
(2388, '98100'),
(2389, '98101'),
(2390, '98102'),
(2391, '98103'),
(2392, '98104'),
(2393, '98105'),
(2394, '98106'),
(2395, '98107'),
(2396, '98108'),
(2397, '98109'),
(2398, '35100'),
(2399, '35101'),
(2400, '35102'),
(2401, '35103'),
(2402, '35104'),
(2403, '35105'),
(2404, '35106'),
(2405, '35107'),
(2406, '35108'),
(2407, '35109'),
(2408, '34100'),
(2409, '34101'),
(2410, '34102'),
(2411, '34103'),
(2412, '34104'),
(2413, '34105'),
(2414, '34106'),
(2415, '34107'),
(2416, '34108'),
(2417, '34109'),
(2418, '25100'),
(2419, '25101'),
(2420, '25102'),
(2421, '25103'),
(2422, '25104'),
(2423, '25105'),
(2424, '25106'),
(2425, '25107'),
(2426, '25108'),
(2427, '25109'),
(2428, '59100'),
(2429, '59101'),
(2430, '59102'),
(2431, '59103'),
(2432, '59104'),
(2433, '59105'),
(2434, '59106'),
(2435, '59107'),
(2436, '59108'),
(2437, '59109'),
(2438, '74100'),
(2439, '74101'),
(2440, '74102'),
(2441, '74103'),
(2442, '74104'),
(2443, '74105'),
(2444, '74106'),
(2445, '74107'),
(2446, '74108'),
(2447, '74109'),
(2448, '09100'),
(2449, '09101'),
(2450, '09102'),
(2451, '09103'),
(2452, '09104'),
(2453, '09105'),
(2454, '09106'),
(2455, '09107'),
(2456, '09108'),
(2457, '09109'),
(2458, '07100'),
(2459, '07101'),
(2460, '07102'),
(2461, '07103'),
(2462, '07104'),
(2463, '07105'),
(2464, '07106'),
(2465, '07107'),
(2466, '07108'),
(2467, '07109'),
(2468, '84100'),
(2469, '96100'),
(2470, '96101'),
(2471, '96102'),
(2472, '96103'),
(2473, '96104'),
(2474, '96105'),
(2475, '96106'),
(2476, '96107'),
(2477, '96108'),
(2478, '96109'),
(2479, '44121'),
(2480, '44122'),
(2481, '44123'),
(2482, '44124'),
(2483, '44125'),
(2484, '44126'),
(2485, '44127'),
(2486, '44128'),
(2487, '44129'),
(2488, '44130'),
(2489, '42100'),
(2490, '42101'),
(2491, '42102'),
(2492, '42104'),
(2493, '42106'),
(2494, '42108'),
(2495, '47900'),
(2496, '47901'),
(2497, '47902'),
(2498, '47903'),
(2499, '47904'),
(2500, '47905'),
(2501, '47906'),
(2502, '47907'),
(2503, '47908'),
(2504, '47909'),
(2505, '18100'),
(2506, '18101'),
(2507, '18102'),
(2508, '18103'),
(2509, '18104'),
(2510, '18105'),
(2511, '18106'),
(2512, '18107'),
(2513, '18108'),
(2514, '18109'),
(2515, '67100'),
(2516, '67101'),
(2517, '67102'),
(2518, '67103'),
(2519, '67104'),
(2520, '67105'),
(2521, '67106'),
(2522, '67107'),
(2523, '67108'),
(2524, '67109'),
(2525, '38121'),
(2526, '38122'),
(2527, '38123'),
(2528, '38124'),
(2529, '38125'),
(2530, '38126'),
(2531, '38127'),
(2532, '38128'),
(2533, '38129'),
(2534, '38130'),
(2535, '36100'),
(2536, '36104'),
(2537, '36105'),
(2538, '36106'),
(2539, '36107'),
(2540, '36108'),
(2541, '36109'),
(2542, '31100'),
(2543, '31101'),
(2544, '31102'),
(2545, '31103'),
(2546, '31104'),
(2547, '31105'),
(2548, '31106'),
(2549, '31107'),
(2550, '31108'),
(2551, '31109'),
(2552, '32100'),
(2553, '32101'),
(2554, '32102'),
(2555, '32103'),
(2556, '32104'),
(2557, '32105'),
(2558, '32106'),
(2559, '32107'),
(2560, '32108'),
(2561, '32109'),
(2562, '75100'),
(2563, '75101'),
(2564, '75102'),
(2565, '75103'),
(2566, '75104'),
(2567, '75105'),
(2568, '75106'),
(2569, '75107'),
(2570, '75108'),
(2571, '75109'),
(2572, '4010'),
(2573, 'VLT 1000'),
(2574, 'VLT 1001'),
(2575, 'VLT 1002'),
(2576, 'VLT 1003'),
(2577, 'VLT 1004'),
(2578, 'VLT 1005'),
(2579, 'VLT 1006'),
(2580, 'VLT 1007'),
(2581, 'VLT 1008'),
(2582, 'VLT 1009'),
(2583, 'BKR 1010'),
(2584, 'BKR 1011'),
(2585, 'MD 2001'),
(2586, 'MD 2002'),
(2587, 'MD 2003'),
(2588, 'BT 3100'),
(2589, 'BT 3101'),
(2590, 'BT 3102'),
(2591, '98000'),
(2592, '98001'),
(2593, '81000'),
(2594, '81001'),
(2595, '81002'),
(2596, '81400'),
(2597, '81401'),
(2598, '1011 AB'),
(2599, '1012 AB'),
(2600, '1013 AB'),
(2601, '1014 AB'),
(2602, '3011 AA'),
(2603, '3012 AA'),
(2604, '3013 AA'),
(2605, '3014 AA'),
(2606, '2511 AA'),
(2607, '2512 AA'),
(2608, '2513 AA'),
(2609, '2514 AA'),
(2610, '3511 AA'),
(2611, '3512 AA'),
(2612, '3513 AA'),
(2613, '3514 AA'),
(2614, '5611 AA'),
(2615, '5612 AA'),
(2616, '5613 AA'),
(2617, '5614 AA'),
(2618, '9711 AA'),
(2619, '9712 AA'),
(2620, '5031 AA'),
(2621, '5032 AA'),
(2622, '5033 AA'),
(2623, '1311 AA'),
(2624, '1312 AA'),
(2625, '1313 AA'),
(2626, '4811 AA'),
(2627, '4812 AA'),
(2628, '4813 AA'),
(2629, '6511 AA'),
(2630, '6512 AA'),
(2631, '6513 AA'),
(2632, '7511 AA'),
(2633, '7512 AA'),
(2634, '7513 AA'),
(2635, '7311 AA'),
(2636, '7312 AA'),
(2637, '7313 AA'),
(2638, '2011 AA'),
(2639, '2012 AA'),
(2640, '2013 AA'),
(2641, '6811 AA'),
(2642, '6812 AA'),
(2643, '6813 AA'),
(2644, '3811 AA'),
(2645, '3812 AA'),
(2646, '3813 AA'),
(2647, '1501 AA'),
(2648, '1502 AA'),
(2649, '1503 AA'),
(2650, '0010'),
(2651, '0011'),
(2652, '0012'),
(2653, '7011'),
(2654, '7012'),
(2655, '3011'),
(2656, '3012'),
(2657, '1000-001'),
(2658, '1000-002'),
(2659, '4000-001'),
(2660, '4000-002'),
(2661, '2600-001'),
(2662, '2600-002'),
(2663, '4700-001'),
(2664, '4700-002'),
(2665, '3000-001'),
(2666, '3000-002'),
(2667, '9000-001'),
(2668, '9000-002'),
(2669, '2400-001'),
(2670, '2400-002'),
(2671, '3800-001'),
(2672, '3800-002'),
(2673, '8000-001'),
(2674, '8000-002'),
(2675, '010101'),
(2676, '010102'),
(2677, '010103'),
(2678, '400001'),
(2679, '400002'),
(2680, '300001'),
(2681, '300002'),
(2682, '700001'),
(2683, '700002'),
(2684, '900001'),
(2685, '900002'),
(2686, '200001'),
(2687, '200002'),
(2688, '500001'),
(2689, '500002'),
(2690, '800001'),
(2691, '800002'),
(2692, '100001'),
(2693, '100002'),
(2694, '410001'),
(2695, '410002'),
(2696, '810001'),
(2697, '810002'),
(2698, '310001'),
(2699, '310002'),
(2700, '110001'),
(2701, '110002'),
(2702, '550001'),
(2703, '550002'),
(2704, '600001'),
(2705, '600002'),
(2706, '540001'),
(2707, '540002'),
(2708, '18000'),
(2709, '18001'),
(2710, '24000'),
(2711, '24001'),
(2712, '26000'),
(2713, '26001'),
(2714, '811 01'),
(2715, '811 02'),
(2716, '040 01'),
(2717, '040 02'),
(2718, '080 01'),
(2719, '080 02'),
(2720, '010 01'),
(2721, '010 02'),
(2722, '949 01'),
(2723, '949 02'),
(2724, '974 01'),
(2725, '974 02'),
(2726, '28001'),
(2727, '28002'),
(2728, '08001'),
(2729, '08002'),
(2730, '41001'),
(2731, '41002'),
(2732, '29001'),
(2733, '29002'),
(2734, '07001'),
(2735, '07002'),
(2736, '48001'),
(2737, '48002'),
(2738, '03001'),
(2739, '03002'),
(2740, '47001'),
(2741, '47002'),
(2742, '36201'),
(2743, '36202'),
(2744, '33201'),
(2745, '33202'),
(2746, '08901'),
(2747, '08902'),
(2748, '15001'),
(2749, '15002'),
(2750, '01001'),
(2751, '01002'),
(2752, '18002'),
(2753, '03201'),
(2754, '03202'),
(2755, '111 20'),
(2756, '111 21'),
(2757, '411 01'),
(2758, '411 02'),
(2759, '211 20'),
(2760, '211 21'),
(2761, '753 20'),
(2762, '753 21'),
(2763, '721 30'),
(2764, '721 31'),
(2765, '701 20'),
(2766, '701 21'),
(2767, '581 01'),
(2768, '581 02'),
(2769, '252 20'),
(2770, '252 21'),
(2771, '551 01'),
(2772, '551 02'),
(2773, '602 21'),
(2774, '602 22'),
(2775, '1201'),
(2776, '1202'),
(2777, '4051'),
(2778, '4052'),
(2779, '8300'),
(2780, '6900'),
(2781, 'M5A'),
(2782, 'H1A'),
(2783, 'V5K'),
(2784, 'T2A'),
(2785, 'T5J'),
(2786, 'K1A'),
(2787, 'G1R'),
(2788, 'R3C'),
(2789, 'L8P'),
(2790, 'N2G'),
(2791, 'N6A'),
(2792, 'V8W'),
(2793, 'B3J'),
(2794, 'L1G'),
(2795, 'N9E'),
(2796, 'S7K'),
(2797, 'L2R'),
(2798, 'S4P'),
(2799, 'A1C'),
(2800, 'P3E'),
(2801, 'J1G'),
(2802, 'L4N'),
(2803, 'V1Y'),
(2804, 'N1G'),
(2805, 'V2S'),
(2806, 'K7L'),
(2807, 'K2K'),
(2808, 'G9P'),
(2809, 'G7H'),
(2810, 'E2L'),
(2811, 'P7B'),
(2812, 'E1C'),
(2813, 'N3T'),
(2814, 'V9R'),
(2815, 'K9J'),
(2816, 'T1K'),
(2817, 'V2C'),
(2818, 'V2M'),
(2819, '90001'),
(2820, '60601'),
(2821, '77001'),
(2822, '19101'),
(2823, '78201'),
(2824, '92101'),
(2825, '75201'),
(2826, '32201'),
(2827, '76101'),
(2828, '94101'),
(2829, '79901'),
(2830, '48201'),
(2831, '97201'),
(2832, '89101'),
(2833, '38101'),
(2834, '40201'),
(2835, '21201'),
(2836, '53201'),
(2837, '87101'),
(2838, '85701'),
(2839, '93701'),
(2840, '85201'),
(2841, '64101'),
(2842, '80901'),
(2843, '90801'),
(2844, '23451'),
(2845, '94601'),
(2846, '55401'),
(2847, '76010'),
(2848, '33601'),
(2849, '70112'),
(2850, '67201'),
(2851, '93301'),
(2852, '44101'),
(2853, '80010'),
(2854, '92801'),
(2855, '92701'),
(2856, '92501'),
(2857, '78401'),
(2858, '40507'),
(2859, '95201'),
(2860, '89052'),
(2861, '63101'),
(2862, '45201'),
(2863, '15201'),
(2864, '27401'),
(2865, '99501'),
(2866, '75023'),
(2867, '75024'),
(2868, '75025'),
(2869, '32801'),
(2870, '32803'),
(2871, '32804'),
(2872, '92602'),
(2873, '92603'),
(2874, '92604'),
(2875, '27701'),
(2876, '27703'),
(2877, '27705'),
(2878, '43601'),
(2879, '43604'),
(2880, '43605'),
(2881, '91910'),
(2882, '91911'),
(2883, '91913'),
(2884, '46801'),
(2885, '46802'),
(2886, '46803'),
(2887, '07302'),
(2888, '07304'),
(2889, '07305'),
(2890, '33701'),
(2891, '33702'),
(2892, '33703'),
(2893, '78040'),
(2894, '78041'),
(2895, '78043'),
(2896, '85224'),
(2897, '85225'),
(2898, '85226'),
(2899, '14201'),
(2900, '14202'),
(2901, '14203'),
(2902, '79401'),
(2903, '79403'),
(2904, '79404'),
(2905, '85250'),
(2906, '85251'),
(2907, '85254'),
(2908, '89501'),
(2909, '89502'),
(2910, '89503'),
(2911, '85301'),
(2912, '85302'),
(2913, '85303'),
(2914, '85234'),
(2915, '85295'),
(2916, '85296'),
(2917, '27101'),
(2918, '27102'),
(2919, '27103'),
(2920, '89030'),
(2921, '89031'),
(2922, '89032'),
(2923, '23501'),
(2924, '23502'),
(2925, '23503'),
(2926, '23320'),
(2927, '23321'),
(2928, '23322'),
(2929, '94536'),
(2930, '94537'),
(2931, '94538'),
(2932, '75040'),
(2933, '75041'),
(2934, '75042'),
(2935, '75014'),
(2936, '75015'),
(2937, '75016'),
(2938, '33010'),
(2939, '33012'),
(2940, '33013'),
(2941, '99201'),
(2942, '99202'),
(2943, '99203'),
(2944, '98401'),
(2945, '98402'),
(2946, '98403'),
(2947, '92401'),
(2948, '92402'),
(2949, '92403'),
(2950, '95350'),
(2951, '95351'),
(2952, '95352'),
(2953, '92331'),
(2954, '92334'),
(2955, '92335'),
(2956, '92551'),
(2957, '92552'),
(2958, '92553'),
(2959, '91321'),
(2960, '91350'),
(2961, '91355'),
(2962, '01000'),
(2963, '01010'),
(2964, '01020'),
(2965, '44100'),
(2966, '44110'),
(2967, '44120'),
(2968, '64000'),
(2969, '64010'),
(2970, '64020'),
(2971, '72010'),
(2972, '72020'),
(2973, '22000'),
(2974, '22010'),
(2975, '22020'),
(2976, '37020'),
(2977, '32000'),
(2978, '32010'),
(2979, '32020'),
(2980, '27000'),
(2981, '27010'),
(2982, '27020'),
(2983, '78010'),
(2984, '78020'),
(2985, '97000'),
(2986, '97010'),
(2987, '97020'),
(2988, '21010'),
(2989, '21020'),
(2990, '20000'),
(2991, '20010'),
(2992, '20020'),
(2993, '80020'),
(2994, '39300'),
(2995, '39310'),
(2996, '39320'),
(2997, '31010'),
(2998, '31020'),
(2999, '25010'),
(3000, '25020'),
(3001, '58000'),
(3002, '58010'),
(3003, '58020'),
(3004, '29220'),
(3005, '68000'),
(3006, '68010'),
(3007, '68020'),
(3008, '86000'),
(3009, '86010'),
(3010, '86020'),
(3011, '88600'),
(3012, '88610'),
(3013, '88620'),
(3014, '89300'),
(3015, '89310'),
(3016, '89320'),
(3017, '87010'),
(3018, '87020'),
(3019, '89400'),
(3020, '89410'),
(3021, '89420'),
(3022, '45600'),
(3023, '45610'),
(3024, '45620'),
(3025, '45500'),
(3026, '45510'),
(3027, '45520'),
(3028, '81010'),
(3029, '81020'),
(3030, '48300'),
(3031, '48310'),
(3032, '48320'),
(3033, '23000'),
(3034, '23010'),
(3035, '23020'),
(3036, '77500'),
(3037, '77510'),
(3038, '77520'),
(3039, '77000'),
(3040, '77010'),
(3041, '77020'),
(3042, '71980'),
(3043, '71990'),
(3044, '71995'),
(3045, '37700'),
(3046, '37710'),
(3047, '37720'),
(3048, '66200'),
(3049, '66210'),
(3050, '66220'),
(3051, '83400'),
(3052, '83410'),
(3053, '83420'),
(3054, '87800'),
(3055, '87810'),
(3056, '87820'),
(3057, '51200'),
(3058, '51210'),
(3059, '51220'),
(3060, '55000'),
(3061, '55010'),
(3062, '55020'),
(3063, '42010'),
(3064, '42020'),
(3065, '83010'),
(3066, '83020'),
(3067, '82000'),
(3068, '82020'),
(3069, '22800'),
(3070, '22810'),
(3071, '22820'),
(3072, '34010'),
(3073, '34020'),
(3074, '98010'),
(3075, '98020'),
(3076, '28000'),
(3077, '28010'),
(3078, '28020'),
(3079, '85000'),
(3080, '85010'),
(3081, '85020'),
(3082, '85400'),
(3083, '85410'),
(3084, '85420'),
(3085, '84000'),
(3086, '84010'),
(3087, '84020'),
(3088, '90000'),
(3089, '90010'),
(3090, '90020'),
(3091, '98900'),
(3092, '98910'),
(3093, '98920'),
(3094, 'BZ1'),
(3095, 'BZ2'),
(3096, 'BZ3'),
(3097, 'BZ4'),
(3098, 'BZ5'),
(3099, 'BZ6'),
(3100, '01003'),
(3101, '01011'),
(3102, '01012'),
(3103, '01021'),
(3104, '01022'),
(3105, '09001'),
(3106, '09002'),
(3107, '09003'),
(3108, '02001'),
(3109, '02002'),
(3110, '02003'),
(3111, '03003'),
(3112, '04001'),
(3113, '04002'),
(3114, '04003'),
(3115, '05001'),
(3116, '05002'),
(3117, '05003'),
(3118, '07003'),
(3119, '08003'),
(3120, '16001'),
(3121, '16002'),
(3122, '19001'),
(3123, '19002'),
(3124, '12001'),
(3125, '12002'),
(3126, '12003'),
(3127, '12004'),
(3128, '12005'),
(3129, '12006'),
(3130, '13011'),
(3131, '14010'),
(3132, '14011'),
(3133, '14012'),
(3134, '14013'),
(3135, '15003'),
(3136, '15004'),
(3137, '15005'),
(3138, '15006'),
(3139, '15007'),
(3140, '15008'),
(3141, '15009'),
(3142, '15010'),
(3143, '15011'),
(3144, '16003'),
(3145, '17001'),
(3146, '19003'),
(3147, '20005'),
(3148, '20006'),
(3149, '20007'),
(3150, '20008'),
(3151, '20009'),
(3152, '20011'),
(3153, '20012'),
(3154, '20013'),
(3155, '20014'),
(3156, '20015'),
(3157, '20016'),
(3158, '20017'),
(3159, '20018'),
(3160, '20019'),
(3161, '20021'),
(3162, '20022'),
(3163, '20023'),
(3164, '20024'),
(3165, '20025'),
(3166, '20026'),
(3167, '20027'),
(3168, '20028'),
(3169, '20029'),
(3170, '20030'),
(3171, '20031'),
(3172, '20032'),
(3173, '20033'),
(3174, '20034'),
(3175, '20035'),
(3176, '21011'),
(3177, '5101'),
(3178, '5102'),
(3179, '4101'),
(3180, '4102'),
(3181, '1234'),
(3182, '1235'),
(3183, '6101'),
(3184, '6102'),
(3185, '4601'),
(3186, '4602'),
(3187, '3201'),
(3188, '3202'),
(3189, '5401'),
(3190, '5402'),
(3191, '6301'),
(3192, '6302'),
(3193, '8901'),
(3194, '8902'),
(3195, '7201'),
(3196, '7202'),
(3197, '8101'),
(3198, '8102'),
(3199, '8301'),
(3200, '8302'),
(3201, '9101'),
(3202, '9102'),
(3203, '6201'),
(3204, '6202'),
(3205, '1701'),
(3206, '1702'),
(3207, '2401'),
(3208, '2402'),
(3209, '1801'),
(3210, '1802'),
(3211, '3801'),
(3212, '3802'),
(3213, '11100'),
(3214, '11101'),
(3215, '60000'),
(3216, 'C1000'),
(3217, 'C1001'),
(3218, 'X5000'),
(3219, 'X5001'),
(3220, 'S2000'),
(3221, 'S2001'),
(3222, 'M5500'),
(3223, 'M5501'),
(3224, 'B1900'),
(3225, 'B1901'),
(3226, 'T4000'),
(3227, 'T4001'),
(3228, 'B7600'),
(3229, 'B7601'),
(3230, 'A4400'),
(3231, 'A4401'),
(3232, 'S3000'),
(3233, 'S3001'),
(3234, 'J5400'),
(3235, 'J5401'),
(3236, 'R9400'),
(3237, 'R9401'),
(3238, '3300'),
(3239, '3301'),
(3240, '4200'),
(3241, '4201'),
(3242, '3400'),
(3243, '3401'),
(3244, '5400'),
(3245, 'B2930'),
(3246, 'B2931'),
(3247, 'A5700'),
(3248, 'A5701'),
(3249, '5900'),
(3250, '5901'),
(3251, '9400'),
(3252, '8600'),
(3253, '8601'),
(3254, '6600'),
(3255, '6601'),
(3256, '4800'),
(3257, '4801'),
(3258, '1600'),
(3259, '1601'),
(3260, '1876'),
(3261, '1877'),
(3262, '1200'),
(3263, '3340'),
(3264, '3341'),
(3265, '2340'),
(3266, '2341'),
(3267, '4071'),
(3268, '1700'),
(3269, '1240'),
(3270, '1241'),
(3271, '4760'),
(3272, '4761'),
(3273, '2840'),
(3274, '2841'),
(3275, '1101'),
(3276, '6200'),
(3277, '6800'),
(3278, '6801'),
(3279, '3200'),
(3280, '3800'),
(3281, '3940'),
(3282, '3941'),
(3283, '8810'),
(3284, '8811'),
(3285, '2220'),
(3286, '2221'),
(3287, '2680'),
(3288, '2681'),
(3289, '2100'),
(3290, '2101'),
(3291, '8880'),
(3292, '8881'),
(3293, '1800'),
(3294, '1400'),
(3295, '32001'),
(3296, '32002'),
(3297, '24002'),
(3298, '22001'),
(3299, '22002'),
(3300, '17002'),
(3301, '60002'),
(3302, '90002'),
(3303, '00200'),
(3304, '00300'),
(3305, '00400'),
(3306, '00500'),
(3307, '00600'),
(3308, '00700'),
(3309, '00800'),
(3310, '00900'),
(3311, '01100'),
(3312, '01200'),
(3313, '01400'),
(3314, '01500'),
(3315, '01600'),
(3316, '01700'),
(3317, '01800'),
(3318, '01900'),
(3319, '02000'),
(3320, '02200'),
(3321, '02300'),
(3322, '02400'),
(3323, '02500'),
(3324, '02600'),
(3325, '02700'),
(3326, '02800'),
(3327, '02900'),
(3328, '03000'),
(3329, '03100'),
(3330, '03200'),
(3331, '03300'),
(3332, '03400'),
(3333, '03500'),
(3334, '03600'),
(3335, '03700'),
(3336, '03800'),
(3337, '03900'),
(3338, '04000'),
(3339, '04100'),
(3340, '04200'),
(3341, '04300'),
(3342, '04400'),
(3343, '04500'),
(3344, '04600'),
(3345, '04700'),
(3346, '04800'),
(3347, '04900'),
(3348, '05000'),
(3349, '05100'),
(3350, '05200'),
(3351, '05300'),
(3352, '05400'),
(3353, '05500'),
(3354, '05600'),
(3355, '05700'),
(3356, '05800'),
(3357, '05900'),
(3358, '06100'),
(3359, '06200'),
(3360, '06300'),
(3361, '06400'),
(3362, '06500'),
(3363, '06600'),
(3364, '06700'),
(3365, '06800'),
(3366, '06900'),
(3367, '07000'),
(3368, '07200'),
(3369, '07300'),
(3370, '07400'),
(3371, '07500'),
(3372, '07600'),
(3373, '07700'),
(3374, '07800'),
(3375, '07900'),
(3376, '08000'),
(3377, '08100'),
(3378, '08200'),
(3379, '08300'),
(3380, '08400'),
(3381, '08500'),
(3382, '08600'),
(3383, '08700'),
(3384, '08800'),
(3385, '08900'),
(3386, '09000'),
(3387, '09200'),
(3388, '09300'),
(3389, '09400'),
(3390, '09500'),
(3391, '09600');
INSERT INTO `zipcodes` (`ID`, `CODE`) VALUES
(3392, '09700'),
(3393, '09800'),
(3394, '09900'),
(3395, '10200'),
(3396, '135-090'),
(3397, '135-110'),
(3398, '164-180'),
(3399, '447-120'),
(3400, '447-050'),
(3401, '47008'),
(3402, '47009'),
(3403, '720000'),
(3404, '720001'),
(3405, '720002'),
(3406, '720003'),
(3407, '720004'),
(3408, '723000'),
(3409, '723001'),
(3410, '1107'),
(3411, '1108'),
(3412, '50000'),
(3413, '10300'),
(3414, '17011'),
(3415, '17012'),
(3416, '44600'),
(3417, '44601'),
(3418, '112'),
(3419, '113'),
(3420, '74000'),
(3421, '74001'),
(3422, '74002'),
(3423, '1102'),
(3424, '1103'),
(3425, '101000'),
(3426, '102000'),
(3427, '103000'),
(3428, '190000'),
(3429, '191000'),
(3430, '11564'),
(3431, '11565'),
(3432, '11566'),
(3433, '21431'),
(3434, '21432'),
(3435, '018961'),
(3436, '018962'),
(3437, '100'),
(3438, '734000'),
(3439, '734001'),
(3440, '800'),
(3441, '801'),
(3442, '400'),
(3443, '401'),
(3444, '700'),
(3445, '701'),
(3446, '300'),
(3447, '301'),
(3448, '16502'),
(3449, '16503'),
(3450, '16504'),
(3451, '44610'),
(3452, '44611'),
(3453, '44612'),
(3454, '723500'),
(3455, '723501'),
(3456, '16000'),
(3457, '1105'),
(3458, '1301'),
(3459, '1302'),
(3460, '50050'),
(3461, '93000'),
(3462, '93050'),
(3463, '14200'),
(3464, '11181'),
(3465, '11182'),
(3466, '11183'),
(3467, '15012'),
(3468, '33700'),
(3469, '54000'),
(3470, '54001'),
(3471, '54002'),
(3472, '46000'),
(3473, '52250'),
(3474, '52251'),
(3475, '87300'),
(3476, '87301'),
(3477, '1104'),
(3478, '1106'),
(3479, '1109'),
(3480, '00000'),
(3481, '104000'),
(3482, '105000'),
(3483, '107000'),
(3484, '192000'),
(3485, '193000'),
(3486, '630000'),
(3487, '630001'),
(3488, '630002'),
(3489, '620000'),
(3490, '620001'),
(3491, '620002'),
(3492, '603000'),
(3493, '603001'),
(3494, '603002'),
(3495, '420000'),
(3496, '420001'),
(3497, '420002'),
(3498, '454000'),
(3499, '454001'),
(3500, '454002'),
(3501, '443000'),
(3502, '443001'),
(3503, '443002'),
(3504, '644000'),
(3505, '644001'),
(3506, '644002'),
(3507, '344000'),
(3508, '344001'),
(3509, '344002'),
(3510, '450000'),
(3511, '450001'),
(3512, '450002'),
(3513, '21433'),
(3514, '21434'),
(3515, '24236'),
(3516, '24237'),
(3517, '24238'),
(3518, '42311'),
(3519, '42312'),
(3520, '42313'),
(3521, '018906'),
(3522, '018907'),
(3523, '018908'),
(3524, '10350'),
(3525, '10351'),
(3526, '00011'),
(3527, '00012'),
(3528, '40000'),
(3529, '802'),
(3530, '402'),
(3531, '734002'),
(3532, '735700'),
(3533, '735701'),
(3534, '10400'),
(3535, '10500'),
(3536, '41000'),
(3537, 'DIL100'),
(3538, 'DIL101'),
(3539, '744000'),
(3540, '744001'),
(3541, '100000'),
(3542, '140100'),
(3543, '140101'),
(3544, '160100'),
(3545, '160101'),
(3546, '170100'),
(3547, '170101'),
(3548, '200100'),
(3549, '200101'),
(3550, '700000'),
(3551, '550000'),
(3552, '180000'),
(3553, '180001'),
(3554, '900000'),
(3555, '200000'),
(3556, '400000'),
(3557, '300000'),
(3558, '510000'),
(3559, '510001'),
(3560, '510002'),
(3561, '518000'),
(3562, '518001'),
(3563, '518002'),
(3564, '610000'),
(3565, '610001'),
(3566, '610002'),
(3567, '430000'),
(3568, '430010'),
(3569, '430020'),
(3570, '430030'),
(3571, '430040'),
(3572, '710000'),
(3573, '710003'),
(3574, '710004'),
(3575, '710005'),
(3576, '710006'),
(3577, '310000'),
(3578, '310003'),
(3579, '310004'),
(3580, '310005'),
(3581, '523000'),
(3582, '523001'),
(3583, '523002'),
(3584, '523003'),
(3585, '523004'),
(3586, '528000'),
(3587, '528100'),
(3588, '528200'),
(3589, '528300'),
(3590, '528400'),
(3591, '110000'),
(3592, '110003'),
(3593, '110004'),
(3594, '150000'),
(3595, '150001'),
(3596, '150002'),
(3597, '150003'),
(3598, '150004'),
(3599, '266000'),
(3600, '266001'),
(3601, '266002'),
(3602, '266003'),
(3603, '266004'),
(3604, '116000'),
(3605, '116001'),
(3606, '116002'),
(3607, '116003'),
(3608, '116004'),
(3609, '450003'),
(3610, '450004'),
(3611, '250000'),
(3612, '250001'),
(3613, '250002'),
(3614, '250003'),
(3615, '250004'),
(3616, '410000'),
(3617, '410003'),
(3618, '410004'),
(3619, '650000'),
(3620, '650001'),
(3621, '650002'),
(3622, '650003'),
(3623, '650004'),
(3624, '315000'),
(3625, '315001'),
(3626, '315002'),
(3627, '315003'),
(3628, '315004'),
(3629, '050000'),
(3630, '050001'),
(3631, '050002'),
(3632, '050003'),
(3633, '050004'),
(3634, '214000'),
(3635, '214001'),
(3636, '214002'),
(3637, '214003'),
(3638, '214004'),
(3639, '221000'),
(3640, '221001'),
(3641, '221002'),
(3642, '221003'),
(3643, '221004'),
(3644, '350000'),
(3645, '350001'),
(3646, '350002'),
(3647, '350003'),
(3648, '350004'),
(3649, '030000'),
(3650, '030001'),
(3651, '030002'),
(3652, '030003'),
(3653, '030004'),
(3654, '130000'),
(3655, '130001'),
(3656, '130002'),
(3657, '130003'),
(3658, '130004'),
(3659, '215000'),
(3660, '215001'),
(3661, '215002'),
(3662, '215003'),
(3663, '215004'),
(3664, '330000'),
(3665, '330001'),
(3666, '330002'),
(3667, '330003'),
(3668, '330004'),
(3669, '471000'),
(3670, '471001'),
(3671, '471002'),
(3672, '471003'),
(3673, '471004'),
(3674, '750000'),
(3675, '750001'),
(3676, '750002'),
(3677, '750003'),
(3678, '750004'),
(3679, '830000'),
(3680, '830001'),
(3681, '830002'),
(3682, '830003'),
(3683, '830004'),
(3684, '014000'),
(3685, '014010'),
(3686, '014020'),
(3687, '014030'),
(3688, '014040'),
(3689, '226000'),
(3690, '226001'),
(3691, '226002'),
(3692, '226003'),
(3693, '226004'),
(3694, '276000'),
(3695, '276001'),
(3696, '276002'),
(3697, '276003'),
(3698, '276004'),
(3699, '438000'),
(3700, '438001'),
(3701, '438002'),
(3702, '438003'),
(3703, '438004'),
(3704, '255000'),
(3705, '255001'),
(3706, '255002'),
(3707, '255003'),
(3708, '255004'),
(3709, '363000'),
(3710, '363001'),
(3711, '363002'),
(3712, '363003'),
(3713, '363004'),
(3714, '411100'),
(3715, '411101'),
(3716, '411102'),
(3717, '411103'),
(3718, '411104'),
(3719, '313000'),
(3720, '313001'),
(3721, '313002'),
(3722, '313003'),
(3723, '313004'),
(3724, '264000'),
(3725, '264001'),
(3726, '264002'),
(3727, '264003'),
(3728, '264004'),
(3729, '516600'),
(3730, '516601'),
(3731, '516602'),
(3732, '516603'),
(3733, '516604'),
(3734, '163000'),
(3735, '163001'),
(3736, '163002'),
(3737, '163003'),
(3738, '163004'),
(3739, '325000'),
(3740, '325001'),
(3741, '325002'),
(3742, '325003'),
(3743, '325004'),
(3744, '519000'),
(3745, '519001'),
(3746, '519002'),
(3747, '519003'),
(3748, '519004'),
(3749, '066000'),
(3750, '066001'),
(3751, '066002'),
(3752, '066003'),
(3753, '066004'),
(3754, '530000'),
(3755, '530001'),
(3756, '530002'),
(3757, '530003'),
(3758, '530004'),
(3759, '646000'),
(3760, '646001'),
(3761, '646002'),
(3762, '646003'),
(3763, '646004'),
(3764, '745000'),
(3765, '745001'),
(3766, '745002'),
(3767, '745003'),
(3768, '745004'),
(3769, '521000'),
(3770, '521001'),
(3771, '521002'),
(3772, '521003'),
(3773, '521004'),
(3774, '461000'),
(3775, '461001'),
(3776, '461002'),
(3777, '461003'),
(3778, '461004'),
(3779, '252000'),
(3780, '252001'),
(3781, '252002'),
(3782, '252003'),
(3783, '252004'),
(3784, '457000'),
(3785, '457001'),
(3786, '457002'),
(3787, '457003'),
(3788, '457004'),
(3789, '365000'),
(3790, '365001'),
(3791, '365002'),
(3792, '365003'),
(3793, '365004'),
(3794, '414000'),
(3795, '414001'),
(3796, '414002'),
(3797, '414003'),
(3798, '556000'),
(3799, '556001'),
(3800, '556002'),
(3801, '556003'),
(3802, '556004'),
(3803, '529000'),
(3804, '529001'),
(3805, '529002'),
(3806, '529003'),
(3807, '529004'),
(3808, '528401'),
(3809, '528402'),
(3810, '528403'),
(3811, '528404'),
(3812, '241000'),
(3813, '241001'),
(3814, '241002'),
(3815, '241003'),
(3816, '241004'),
(3817, '212300'),
(3818, '212301'),
(3819, '212302'),
(3820, '212303'),
(3821, '212304'),
(3822, '271100'),
(3823, '271101'),
(3824, '271102'),
(3825, '271103'),
(3826, '271104'),
(3827, '071000'),
(3828, '071001'),
(3829, '071002'),
(3830, '071003'),
(3831, '071004'),
(3832, '041000'),
(3833, '041001'),
(3834, '041002'),
(3835, '041003'),
(3836, '041004'),
(3837, '276800'),
(3838, '276801'),
(3839, '276802'),
(3840, '276803'),
(3841, '276804'),
(3842, '427000'),
(3843, '427001'),
(3844, '427002'),
(3845, '427003'),
(3846, '427004'),
(3847, '562400'),
(3848, '562401'),
(3849, '562402'),
(3850, '562403'),
(3851, '562404'),
(3852, '538000'),
(3853, '538001'),
(3854, '538002'),
(3855, '538003'),
(3856, '538004'),
(3857, '136000'),
(3858, '136001'),
(3859, '136002'),
(3860, '136003'),
(3861, '136004'),
(3862, '415000'),
(3863, '415001'),
(3864, '415002'),
(3865, '415003'),
(3866, '415004'),
(3867, '132000'),
(3868, '132001'),
(3869, '132002'),
(3870, '132003'),
(3871, '132004'),
(3872, '418000'),
(3873, '418001'),
(3874, '418002'),
(3875, '418003'),
(3876, '418004'),
(3877, '621000'),
(3878, '621001'),
(3879, '621002'),
(3880, '621003'),
(3881, '621004'),
(3882, '113000'),
(3883, '113001'),
(3884, '113002'),
(3885, '113003'),
(3886, '113004'),
(3887, '743000'),
(3888, '743001'),
(3889, '743002'),
(3890, '743003'),
(3891, '743004'),
(3892, '245000'),
(3893, '245001'),
(3894, '245002'),
(3895, '245003'),
(3896, '245004'),
(3897, '734003'),
(3898, '734004'),
(3899, '671000'),
(3900, '671001'),
(3901, '671002'),
(3902, '671003'),
(3903, '671004'),
(3904, '075000'),
(3905, '075001'),
(3906, '075002'),
(3907, '075003'),
(3908, '075004'),
(3909, '466000'),
(3910, '466001'),
(3911, '466002'),
(3912, '466003'),
(3913, '466004'),
(3914, '473000'),
(3915, '473001'),
(3916, '473002'),
(3917, '473003'),
(3918, '473004'),
(3919, '543000'),
(3920, '543001'),
(3921, '543002'),
(3922, '543003'),
(3923, '543004'),
(3924, '317500'),
(3925, '317501'),
(3926, '317502'),
(3927, '317503'),
(3928, '317504'),
(3929, '476000'),
(3930, '476001'),
(3931, '476002'),
(3932, '476003'),
(3933, '476004'),
(3934, '061000'),
(3935, '061001'),
(3936, '061002'),
(3937, '061003'),
(3938, '061004'),
(3939, '215600'),
(3940, '215601'),
(3941, '215602'),
(3942, '215603'),
(3943, '215604'),
(3944, '417000'),
(3945, '417001'),
(3946, '417002'),
(3947, '417003'),
(3948, '417004'),
(3949, '545000'),
(3950, '545001'),
(3951, '545002'),
(3952, '545003'),
(3953, '545004'),
(3954, '416000'),
(3955, '416001'),
(3956, '416002'),
(3957, '416003'),
(3958, '416004'),
(3959, '529500'),
(3960, '529501'),
(3961, '529502'),
(3962, '529503'),
(3963, '529504'),
(3964, '541000'),
(3965, '541001'),
(3966, '541002'),
(3967, '541003'),
(3968, '541004'),
(3969, '526000'),
(3970, '526001'),
(3971, '526002'),
(3972, '526003'),
(3973, '526004'),
(3974, '214400'),
(3975, '214401'),
(3976, '214402'),
(3977, '214403'),
(3978, '214404'),
(3979, '635000'),
(3980, '635001'),
(3981, '635002'),
(3982, '635003'),
(3983, '635004'),
(3984, '333000'),
(3985, '333001'),
(3986, '333002'),
(3987, '333003'),
(3988, '333004'),
(3989, '048000'),
(3990, '048001'),
(3991, '048002'),
(3992, '048003'),
(3993, '048004'),
(3994, '434000'),
(3995, '434001'),
(3996, '434002'),
(3997, '434003'),
(3998, '434004'),
(3999, '730000'),
(4000, '730001'),
(4001, '730002'),
(4002, '730003'),
(4003, '730004'),
(4004, '637000'),
(4005, '637001'),
(4006, '637002'),
(4007, '637003'),
(4008, '637004'),
(4009, '413000'),
(4010, '413001'),
(4011, '413002'),
(4012, '413003'),
(4013, '413004'),
(4014, '318000'),
(4015, '318001'),
(4016, '318002'),
(4017, '318003'),
(4018, '318004'),
(4019, '314500'),
(4020, '314501'),
(4021, '314502'),
(4022, '314503'),
(4023, '314504'),
(4024, '222001'),
(4025, '222002'),
(4026, '222003'),
(4027, '475000'),
(4028, '475001'),
(4029, '475002'),
(4030, '236000'),
(4031, '236001'),
(4032, '236002'),
(4033, '272100'),
(4034, '272101'),
(4035, '272102'),
(4036, '628000'),
(4037, '628001'),
(4038, '628002'),
(4039, '458000'),
(4040, '458001'),
(4041, '458002'),
(4042, '751000'),
(4043, '751001'),
(4044, '751002'),
(4045, '225300'),
(4046, '225301'),
(4047, '225302'),
(4048, '11102'),
(4049, '11103'),
(4050, '11104'),
(4051, '11105'),
(4052, '11106'),
(4053, '11107'),
(4054, '11108'),
(4055, '11109'),
(4056, '11110'),
(4057, '21101'),
(4058, '21102'),
(4059, '21103'),
(4060, '21104'),
(4061, '21105'),
(4062, '21106'),
(4063, '21107'),
(4064, '21108'),
(4065, '21109'),
(4066, '21110'),
(4067, '11010'),
(4068, '24003'),
(4069, '24004'),
(4070, '24005'),
(4071, '24006'),
(4072, '24007'),
(4073, '24008'),
(4074, '24009'),
(4075, '24010'),
(4076, '08004'),
(4077, '08005'),
(4078, '08006'),
(4079, '08007'),
(4080, '08008'),
(4081, '08009'),
(4082, '08010'),
(4083, '01004'),
(4084, '01005'),
(4085, '01006'),
(4086, '01007'),
(4087, '01008'),
(4088, '01009'),
(4089, '60003'),
(4090, '60004'),
(4091, '60005'),
(4092, '60006'),
(4093, '60007'),
(4094, '60008'),
(4095, '60009');

--
-- Indeksy dla zrzutów tabel
--

--
-- Indeksy dla tabeli `apartments`
--
ALTER TABLE `apartments`
  ADD PRIMARY KEY (`ID`),
  ADD UNIQUE KEY `APARTMENT` (`APARTMENT`) USING HASH;

--
-- Indeksy dla tabeli `billings`
--
ALTER TABLE `billings`
  ADD PRIMARY KEY (`ID`),
  ADD UNIQUE KEY `ZIPCODE_ID_2` (`ZIPCODE_ID`,`STREET_ID`,`BUILDING_ID`,`APARTMENT_ID`,`OTHER_BILLING_INFO`) USING HASH,
  ADD KEY `ZIPCODE_ID` (`ZIPCODE_ID`),
  ADD KEY `STREET_ID` (`STREET_ID`),
  ADD KEY `BUILDING_ID` (`BUILDING_ID`),
  ADD KEY `APARTMENT_ID` (`APARTMENT_ID`);

--
-- Indeksy dla tabeli `buildings`
--
ALTER TABLE `buildings`
  ADD PRIMARY KEY (`ID`),
  ADD UNIQUE KEY `NUMBER` (`NUMBER`) USING HASH;

--
-- Indeksy dla tabeli `carts`
--
ALTER TABLE `carts`
  ADD PRIMARY KEY (`ID`),
  ADD KEY `USER_ID` (`USER_ID`);

--
-- Indeksy dla tabeli `cities`
--
ALTER TABLE `cities`
  ADD PRIMARY KEY (`ID`),
  ADD UNIQUE KEY `COUNTRY_CITY` (`COUNTRY_ID`,`CITY`) USING BTREE,
  ADD KEY `COUNTRY_ID` (`COUNTRY_ID`) USING BTREE;

--
-- Indeksy dla tabeli `cities_zipcodes`
--
ALTER TABLE `cities_zipcodes`
  ADD PRIMARY KEY (`ID`),
  ADD KEY `CITY_ID` (`CITY_ID`),
  ADD KEY `ZIPCODE_ID` (`ZIPCODE_ID`);

--
-- Indeksy dla tabeli `countries`
--
ALTER TABLE `countries`
  ADD PRIMARY KEY (`ID`),
  ADD UNIQUE KEY `COUNTRY` (`COUNTRY`);

--
-- Indeksy dla tabeli `developers`
--
ALTER TABLE `developers`
  ADD PRIMARY KEY (`ID`),
  ADD UNIQUE KEY `NAME` (`NAME`);

--
-- Indeksy dla tabeli `discounts`
--
ALTER TABLE `discounts`
  ADD PRIMARY KEY (`ID`);

--
-- Indeksy dla tabeli `games`
--
ALTER TABLE `games`
  ADD PRIMARY KEY (`ID`),
  ADD UNIQUE KEY `TITLE` (`TITLE`),
  ADD KEY `DEVELOPER_ID` (`DEVELOPER_ID`),
  ADD KEY `PUBLISHER_ID` (`PUBLISHER_ID`);

--
-- Indeksy dla tabeli `games_carts`
--
ALTER TABLE `games_carts`
  ADD PRIMARY KEY (`ID`),
  ADD UNIQUE KEY `CART_ID_2` (`CART_ID`,`GAME_ID`),
  ADD KEY `CART_ID` (`CART_ID`),
  ADD KEY `GAME_ID` (`GAME_ID`);

--
-- Indeksy dla tabeli `games_discounts`
--
ALTER TABLE `games_discounts`
  ADD PRIMARY KEY (`ID`),
  ADD UNIQUE KEY `GAME_ID_2` (`GAME_ID`,`DISCOUNT_ID`),
  ADD KEY `GAME_ID` (`GAME_ID`),
  ADD KEY `DISCOUNT_ID` (`DISCOUNT_ID`);

--
-- Indeksy dla tabeli `games_platforms`
--
ALTER TABLE `games_platforms`
  ADD PRIMARY KEY (`ID`),
  ADD UNIQUE KEY `GAME_ID_2` (`GAME_ID`,`PLATFORM_ID`),
  ADD KEY `GAME_ID` (`GAME_ID`),
  ADD KEY `PLATFORM_ID` (`PLATFORM_ID`);

--
-- Indeksy dla tabeli `games_tags`
--
ALTER TABLE `games_tags`
  ADD PRIMARY KEY (`ID`),
  ADD UNIQUE KEY `GAME_ID_2` (`GAME_ID`,`TAG_ID`),
  ADD KEY `GAME_ID` (`GAME_ID`),
  ADD KEY `TAG_ID` (`TAG_ID`);

--
-- Indeksy dla tabeli `games_users`
--
ALTER TABLE `games_users`
  ADD PRIMARY KEY (`ID`),
  ADD UNIQUE KEY `USER_ID_2` (`USER_ID`,`GAME_ID`),
  ADD KEY `USER_ID` (`USER_ID`),
  ADD KEY `GAME_ID` (`GAME_ID`);

--
-- Indeksy dla tabeli `orders`
--
ALTER TABLE `orders`
  ADD PRIMARY KEY (`ID`),
  ADD KEY `CART_ID` (`CART_ID`),
  ADD KEY `BUYER_ID` (`BUYER_ID`),
  ADD KEY `RECEIVER_ID` (`RECEIVER_ID`),
  ADD KEY `BILLING_ID` (`BILLING_ID`);

--
-- Indeksy dla tabeli `passwords`
--
ALTER TABLE `passwords`
  ADD PRIMARY KEY (`ID`),
  ADD UNIQUE KEY `USER_ID` (`USER_ID`) USING BTREE;

--
-- Indeksy dla tabeli `payments`
--
ALTER TABLE `payments`
  ADD PRIMARY KEY (`ID`),
  ADD UNIQUE KEY `REFERENCE_CODE` (`REFERENCE_CODE`,`METHOD_ID`),
  ADD KEY `METHOD_ID` (`METHOD_ID`),
  ADD KEY `ORDER_ID` (`ORDER_ID`);

--
-- Indeksy dla tabeli `payment_methods`
--
ALTER TABLE `payment_methods`
  ADD PRIMARY KEY (`ID`),
  ADD UNIQUE KEY `NAME` (`NAME`);

--
-- Indeksy dla tabeli `platforms`
--
ALTER TABLE `platforms`
  ADD PRIMARY KEY (`ID`),
  ADD UNIQUE KEY `NAME` (`NAME`);

--
-- Indeksy dla tabeli `prices`
--
ALTER TABLE `prices`
  ADD PRIMARY KEY (`ID`),
  ADD UNIQUE KEY `PRICE` (`PRICE`);

--
-- Indeksy dla tabeli `publishers`
--
ALTER TABLE `publishers`
  ADD PRIMARY KEY (`ID`),
  ADD UNIQUE KEY `NAME` (`NAME`);

--
-- Indeksy dla tabeli `reviews`
--
ALTER TABLE `reviews`
  ADD PRIMARY KEY (`ID`),
  ADD UNIQUE KEY `GAME_ID` (`GAME_ID`,`USER_ID`);

--
-- Indeksy dla tabeli `sessions`
--
ALTER TABLE `sessions`
  ADD PRIMARY KEY (`ID`),
  ADD UNIQUE KEY `SESSION_TOKEN` (`SESSION_TOKEN`),
  ADD KEY `USER_ID` (`USER_ID`);

--
-- Indeksy dla tabeli `streets`
--
ALTER TABLE `streets`
  ADD PRIMARY KEY (`ID`),
  ADD UNIQUE KEY `STREET` (`STREET`);

--
-- Indeksy dla tabeli `tags`
--
ALTER TABLE `tags`
  ADD PRIMARY KEY (`ID`),
  ADD UNIQUE KEY `NAME` (`NAME`);

--
-- Indeksy dla tabeli `users`
--
ALTER TABLE `users`
  ADD PRIMARY KEY (`ID`),
  ADD UNIQUE KEY `EMAIL` (`EMAIL`);

--
-- Indeksy dla tabeli `users_billings`
--
ALTER TABLE `users_billings`
  ADD PRIMARY KEY (`ID`),
  ADD UNIQUE KEY `USER_ID_2` (`USER_ID`,`BILLING_ID`),
  ADD KEY `USER_ID` (`USER_ID`),
  ADD KEY `BILLING_ID` (`BILLING_ID`);

--
-- Indeksy dla tabeli `wishlists`
--
ALTER TABLE `wishlists`
  ADD PRIMARY KEY (`ID`),
  ADD KEY `USER_ID` (`USER_ID`),
  ADD KEY `GAME_ID` (`GAME_ID`);

--
-- Indeksy dla tabeli `zipcodes`
--
ALTER TABLE `zipcodes`
  ADD PRIMARY KEY (`ID`);

--
-- AUTO_INCREMENT for dumped tables
--

--
-- AUTO_INCREMENT for table `apartments`
--
ALTER TABLE `apartments`
  MODIFY `ID` int(11) NOT NULL AUTO_INCREMENT, AUTO_INCREMENT=58;

--
-- AUTO_INCREMENT for table `billings`
--
ALTER TABLE `billings`
  MODIFY `ID` int(11) NOT NULL AUTO_INCREMENT;

--
-- AUTO_INCREMENT for table `buildings`
--
ALTER TABLE `buildings`
  MODIFY `ID` int(11) NOT NULL AUTO_INCREMENT, AUTO_INCREMENT=353;

--
-- AUTO_INCREMENT for table `carts`
--
ALTER TABLE `carts`
  MODIFY `ID` int(11) NOT NULL AUTO_INCREMENT;

--
-- AUTO_INCREMENT for table `cities`
--
ALTER TABLE `cities`
  MODIFY `ID` int(11) NOT NULL AUTO_INCREMENT, AUTO_INCREMENT=3026;

--
-- AUTO_INCREMENT for table `cities_zipcodes`
--
ALTER TABLE `cities_zipcodes`
  MODIFY `ID` int(11) NOT NULL AUTO_INCREMENT, AUTO_INCREMENT=9215;

--
-- AUTO_INCREMENT for table `countries`
--
ALTER TABLE `countries`
  MODIFY `ID` int(11) NOT NULL AUTO_INCREMENT, AUTO_INCREMENT=197;

--
-- AUTO_INCREMENT for table `developers`
--
ALTER TABLE `developers`
  MODIFY `ID` int(11) NOT NULL AUTO_INCREMENT, AUTO_INCREMENT=91;

--
-- AUTO_INCREMENT for table `discounts`
--
ALTER TABLE `discounts`
  MODIFY `ID` int(11) NOT NULL AUTO_INCREMENT;

--
-- AUTO_INCREMENT for table `games`
--
ALTER TABLE `games`
  MODIFY `ID` int(11) NOT NULL AUTO_INCREMENT, AUTO_INCREMENT=140;

--
-- AUTO_INCREMENT for table `games_carts`
--
ALTER TABLE `games_carts`
  MODIFY `ID` int(11) NOT NULL AUTO_INCREMENT;

--
-- AUTO_INCREMENT for table `games_discounts`
--
ALTER TABLE `games_discounts`
  MODIFY `ID` int(11) NOT NULL AUTO_INCREMENT;

--
-- AUTO_INCREMENT for table `games_platforms`
--
ALTER TABLE `games_platforms`
  MODIFY `ID` int(11) NOT NULL AUTO_INCREMENT, AUTO_INCREMENT=232;

--
-- AUTO_INCREMENT for table `games_tags`
--
ALTER TABLE `games_tags`
  MODIFY `ID` int(11) NOT NULL AUTO_INCREMENT, AUTO_INCREMENT=393;

--
-- AUTO_INCREMENT for table `games_users`
--
ALTER TABLE `games_users`
  MODIFY `ID` int(11) NOT NULL AUTO_INCREMENT, AUTO_INCREMENT=3070;

--
-- AUTO_INCREMENT for table `orders`
--
ALTER TABLE `orders`
  MODIFY `ID` int(11) NOT NULL AUTO_INCREMENT;

--
-- AUTO_INCREMENT for table `passwords`
--
ALTER TABLE `passwords`
  MODIFY `ID` int(11) NOT NULL AUTO_INCREMENT, AUTO_INCREMENT=259;

--
-- AUTO_INCREMENT for table `payments`
--
ALTER TABLE `payments`
  MODIFY `ID` int(11) NOT NULL AUTO_INCREMENT;

--
-- AUTO_INCREMENT for table `payment_methods`
--
ALTER TABLE `payment_methods`
  MODIFY `ID` int(11) NOT NULL AUTO_INCREMENT, AUTO_INCREMENT=8;

--
-- AUTO_INCREMENT for table `platforms`
--
ALTER TABLE `platforms`
  MODIFY `ID` int(11) NOT NULL AUTO_INCREMENT, AUTO_INCREMENT=4;

--
-- AUTO_INCREMENT for table `prices`
--
ALTER TABLE `prices`
  MODIFY `ID` int(11) NOT NULL AUTO_INCREMENT, AUTO_INCREMENT=136;

--
-- AUTO_INCREMENT for table `publishers`
--
ALTER TABLE `publishers`
  MODIFY `ID` int(11) NOT NULL AUTO_INCREMENT, AUTO_INCREMENT=79;

--
-- AUTO_INCREMENT for table `reviews`
--
ALTER TABLE `reviews`
  MODIFY `ID` int(11) NOT NULL AUTO_INCREMENT, AUTO_INCREMENT=1013;

--
-- AUTO_INCREMENT for table `sessions`
--
ALTER TABLE `sessions`
  MODIFY `ID` int(11) NOT NULL AUTO_INCREMENT, AUTO_INCREMENT=5;

--
-- AUTO_INCREMENT for table `streets`
--
ALTER TABLE `streets`
  MODIFY `ID` int(11) NOT NULL AUTO_INCREMENT, AUTO_INCREMENT=4912;

--
-- AUTO_INCREMENT for table `tags`
--
ALTER TABLE `tags`
  MODIFY `ID` int(11) NOT NULL AUTO_INCREMENT, AUTO_INCREMENT=18;

--
-- AUTO_INCREMENT for table `users`
--
ALTER TABLE `users`
  MODIFY `ID` int(11) NOT NULL AUTO_INCREMENT, AUTO_INCREMENT=282;

--
-- AUTO_INCREMENT for table `users_billings`
--
ALTER TABLE `users_billings`
  MODIFY `ID` int(11) NOT NULL AUTO_INCREMENT;

--
-- AUTO_INCREMENT for table `wishlists`
--
ALTER TABLE `wishlists`
  MODIFY `ID` int(11) NOT NULL AUTO_INCREMENT;

--
-- AUTO_INCREMENT for table `zipcodes`
--
ALTER TABLE `zipcodes`
  MODIFY `ID` int(11) NOT NULL AUTO_INCREMENT, AUTO_INCREMENT=4096;

--
-- Constraints for dumped tables
--

--
-- Constraints for table `billings`
--
ALTER TABLE `billings`
  ADD CONSTRAINT `billings_ibfk_3` FOREIGN KEY (`STREET_ID`) REFERENCES `streets` (`ID`),
  ADD CONSTRAINT `billings_ibfk_4` FOREIGN KEY (`BUILDING_ID`) REFERENCES `buildings` (`ID`),
  ADD CONSTRAINT `billings_ibfk_5` FOREIGN KEY (`APARTMENT_ID`) REFERENCES `apartments` (`ID`),
  ADD CONSTRAINT `billings_ibfk_6` FOREIGN KEY (`ZIPCODE_ID`) REFERENCES `zipcodes` (`ID`);

--
-- Constraints for table `carts`
--
ALTER TABLE `carts`
  ADD CONSTRAINT `carts_ibfk_1` FOREIGN KEY (`USER_ID`) REFERENCES `users` (`ID`);

--
-- Constraints for table `cities`
--
ALTER TABLE `cities`
  ADD CONSTRAINT `cities_ibfk_1` FOREIGN KEY (`COUNTRY_ID`) REFERENCES `countries` (`ID`);

--
-- Constraints for table `cities_zipcodes`
--
ALTER TABLE `cities_zipcodes`
  ADD CONSTRAINT `cities_zipcodes_ibfk_1` FOREIGN KEY (`CITY_ID`) REFERENCES `cities` (`ID`),
  ADD CONSTRAINT `cities_zipcodes_ibfk_2` FOREIGN KEY (`ZIPCODE_ID`) REFERENCES `zipcodes` (`ID`);

--
-- Constraints for table `games`
--
ALTER TABLE `games`
  ADD CONSTRAINT `games_ibfk_1` FOREIGN KEY (`DEVELOPER_ID`) REFERENCES `developers` (`ID`),
  ADD CONSTRAINT `games_ibfk_2` FOREIGN KEY (`PUBLISHER_ID`) REFERENCES `publishers` (`ID`);

--
-- Constraints for table `games_carts`
--
ALTER TABLE `games_carts`
  ADD CONSTRAINT `games_carts_ibfk_1` FOREIGN KEY (`CART_ID`) REFERENCES `carts` (`ID`),
  ADD CONSTRAINT `games_carts_ibfk_2` FOREIGN KEY (`GAME_ID`) REFERENCES `games` (`ID`);

--
-- Constraints for table `games_discounts`
--
ALTER TABLE `games_discounts`
  ADD CONSTRAINT `games_discounts_ibfk_1` FOREIGN KEY (`GAME_ID`) REFERENCES `games` (`ID`),
  ADD CONSTRAINT `games_discounts_ibfk_2` FOREIGN KEY (`DISCOUNT_ID`) REFERENCES `discounts` (`ID`);

--
-- Constraints for table `games_platforms`
--
ALTER TABLE `games_platforms`
  ADD CONSTRAINT `games_platforms_ibfk_1` FOREIGN KEY (`GAME_ID`) REFERENCES `games` (`ID`),
  ADD CONSTRAINT `games_platforms_ibfk_2` FOREIGN KEY (`PLATFORM_ID`) REFERENCES `platforms` (`ID`);

--
-- Constraints for table `games_tags`
--
ALTER TABLE `games_tags`
  ADD CONSTRAINT `games_tags_ibfk_1` FOREIGN KEY (`GAME_ID`) REFERENCES `games` (`ID`),
  ADD CONSTRAINT `games_tags_ibfk_2` FOREIGN KEY (`TAG_ID`) REFERENCES `tags` (`ID`);

--
-- Constraints for table `games_users`
--
ALTER TABLE `games_users`
  ADD CONSTRAINT `games_users_ibfk_1` FOREIGN KEY (`USER_ID`) REFERENCES `users` (`ID`),
  ADD CONSTRAINT `games_users_ibfk_2` FOREIGN KEY (`GAME_ID`) REFERENCES `games` (`ID`);

--
-- Constraints for table `orders`
--
ALTER TABLE `orders`
  ADD CONSTRAINT `orders_ibfk_1` FOREIGN KEY (`CART_ID`) REFERENCES `carts` (`ID`),
  ADD CONSTRAINT `orders_ibfk_2` FOREIGN KEY (`BUYER_ID`) REFERENCES `users` (`ID`),
  ADD CONSTRAINT `orders_ibfk_3` FOREIGN KEY (`RECEIVER_ID`) REFERENCES `users` (`ID`),
  ADD CONSTRAINT `orders_ibfk_4` FOREIGN KEY (`BILLING_ID`) REFERENCES `billings` (`ID`);

--
-- Constraints for table `passwords`
--
ALTER TABLE `passwords`
  ADD CONSTRAINT `passwords_ibfk_1` FOREIGN KEY (`USER_ID`) REFERENCES `users` (`ID`);

--
-- Constraints for table `payments`
--
ALTER TABLE `payments`
  ADD CONSTRAINT `payments_ibfk_1` FOREIGN KEY (`METHOD_ID`) REFERENCES `payment_methods` (`ID`),
  ADD CONSTRAINT `payments_ibfk_2` FOREIGN KEY (`ORDER_ID`) REFERENCES `orders` (`ID`);

--
-- Constraints for table `sessions`
--
ALTER TABLE `sessions`
  ADD CONSTRAINT `sessions_ibfk_1` FOREIGN KEY (`USER_ID`) REFERENCES `users` (`ID`);

--
-- Constraints for table `users_billings`
--
ALTER TABLE `users_billings`
  ADD CONSTRAINT `users_billings_ibfk_1` FOREIGN KEY (`USER_ID`) REFERENCES `users` (`ID`),
  ADD CONSTRAINT `users_billings_ibfk_2` FOREIGN KEY (`BILLING_ID`) REFERENCES `billings` (`ID`);

--
-- Constraints for table `wishlists`
--
ALTER TABLE `wishlists`
  ADD CONSTRAINT `wishlists_ibfk_1` FOREIGN KEY (`USER_ID`) REFERENCES `users` (`ID`),
  ADD CONSTRAINT `wishlists_ibfk_2` FOREIGN KEY (`GAME_ID`) REFERENCES `games` (`ID`);
COMMIT;

/*!40101 SET CHARACTER_SET_CLIENT=@OLD_CHARACTER_SET_CLIENT */;
/*!40101 SET CHARACTER_SET_RESULTS=@OLD_CHARACTER_SET_RESULTS */;
/*!40101 SET COLLATION_CONNECTION=@OLD_COLLATION_CONNECTION */;